ISO-10303-21;
HEADER;
FILE_DESCRIPTION(('ViewDefinition[DesignTransferView]'),'2;1');
FILE_NAME('s05-activity.ifc','2026-10-07T15:36:35+08:00',(''),(''),'IfcOpenShell 0.8.5-post1','Bonsai 0.8.5-post1','Nobody');
FILE_SCHEMA(('IFC4'));
ENDSEC;
DATA;
#1=IFCPROJECT('2Plvf$3Sv4H9TSSCHWCBQm',$,'My Project',$,$,$,$,(#10,#22),#5);
#2=IFCSIUNIT(*,.LENGTHUNIT.,$,.METRE.);
#3=IFCSIUNIT(*,.AREAUNIT.,$,.SQUARE_METRE.);
#4=IFCSIUNIT(*,.VOLUMEUNIT.,$,.CUBIC_METRE.);
#5=IFCUNITASSIGNMENT((#3,#4,#2));
#6=IFCCARTESIANPOINT((0.,0.,0.));
#7=IFCDIRECTION((0.,0.,1.));
#8=IFCDIRECTION((1.,0.,0.));
#9=IFCAXIS2PLACEMENT3D(#6,#7,#8);
#10=IFCGEOMETRICREPRESENTATIONCONTEXT($,'Model',3,1.0000000000000001E-05,#9,$);
#11=IFCGEOMETRICREPRESENTATIONSUBCONTEXT('Body','Model',*,*,*,*,#10,$,.MODEL_VIEW.,$);
#12=IFCGEOMETRICREPRESENTATIONSUBCONTEXT('Axis','Model',*,*,*,*,#10,$,.GRAPH_VIEW.,$);
#13=IFCGEOMETRICREPRESENTATIONSUBCONTEXT('Box','Model',*,*,*,*,#10,$,.MODEL_VIEW.,$);
#14=IFCGEOMETRICREPRESENTATIONSUBCONTEXT('Annotation','Model',*,*,*,*,#10,$,.SECTION_VIEW.,$);
#15=IFCGEOMETRICREPRESENTATIONSUBCONTEXT('Annotation','Model',*,*,*,*,#10,$,.ELEVATION_VIEW.,$);
#16=IFCGEOMETRICREPRESENTATIONSUBCONTEXT('Annotation','Model',*,*,*,*,#10,$,.MODEL_VIEW.,$);
#17=IFCGEOMETRICREPRESENTATIONSUBCONTEXT('Annotation','Model',*,*,*,*,#10,$,.PLAN_VIEW.,$);
#18=IFCGEOMETRICREPRESENTATIONSUBCONTEXT('Profile','Model',*,*,*,*,#10,$,.ELEVATION_VIEW.,$);
#19=IFCCARTESIANPOINT((0.,0.));
#20=IFCDIRECTION((1.,0.));
#21=IFCAXIS2PLACEMENT2D(#19,#20);
#22=IFCGEOMETRICREPRESENTATIONCONTEXT($,'Plan',2,1.0000000000000001E-05,#21,$);
#23=IFCGEOMETRICREPRESENTATIONSUBCONTEXT('Axis','Plan',*,*,*,*,#22,$,.GRAPH_VIEW.,$);
#24=IFCGEOMETRICREPRESENTATIONSUBCONTEXT('Body','Plan',*,*,*,*,#22,$,.PLAN_VIEW.,$);
#25=IFCGEOMETRICREPRESENTATIONSUBCONTEXT('Annotation','Plan',*,*,*,*,#22,$,.PLAN_VIEW.,$);
#26=IFCGEOMETRICREPRESENTATIONSUBCONTEXT('Annotation','Plan',*,*,*,*,#22,$,.REFLECTED_PLAN_VIEW.,$);
#27=IFCSITE('2R1A27TwT1Sw1kWtkemKv7',$,'My Site',$,$,#50,$,$,$,$,$,$,$,$);
#33=IFCBUILDING('3Q6h9_4uv5PP1LT682CyA1',$,'My Building',$,$,#56,$,$,$,$,$,$);
#39=IFCBUILDINGSTOREY('2iHeyjYwz04gCpSzIFiZoC',$,'2F',$,$,#4757,$,$,$,$);
#45=IFCRELAGGREGATES('0$$h77wYnFyhTweCNXyB0Y',$,$,$,#1,(#27));
#46=IFCCARTESIANPOINT((0.,0.,0.));
#47=IFCDIRECTION((0.,0.,1.));
#48=IFCDIRECTION((1.,0.,0.));
#49=IFCAXIS2PLACEMENT3D(#46,#47,#48);
#50=IFCLOCALPLACEMENT($,#49);
#51=IFCRELAGGREGATES('0UPJFzqvnB2BHj7qdcu8Xp',$,$,$,#27,(#33));
#52=IFCCARTESIANPOINT((0.,0.,0.));
#53=IFCDIRECTION((0.,0.,1.));
#54=IFCDIRECTION((1.,0.,0.));
#55=IFCAXIS2PLACEMENT3D(#52,#53,#54);
#56=IFCLOCALPLACEMENT(#50,#55);
#57=IFCRELAGGREGATES('1NyMsjQEv7sgx_s7zvz6gw',$,$,$,#33,(#39,#63));
#63=IFCBUILDINGSTOREY('1Mw2Mr4hLEMRN64kkopS2u',$,'GF',$,$,#79,$,$,$,$);
#75=IFCCARTESIANPOINT((0.,0.,0.));
#76=IFCDIRECTION((0.,0.,1.));
#77=IFCDIRECTION((1.,0.,0.));
#78=IFCAXIS2PLACEMENT3D(#75,#76,#77);
#79=IFCLOCALPLACEMENT(#56,#78);
#80=IFCWALLTYPE('2EL0jt9XH4RfOX1M2hchcI',$,'Wall - SF',$,$,(#85),$,$,$,.SOLIDWALL.);
#81=IFCMATERIAL('Unknown',$,$);
#82=IFCMATERIALLAYERSET((#84),$,$);
#83=IFCRELASSOCIATESMATERIAL('1e4BnlbpHDaQZcPDsaqx1C',$,$,$,(#80),#82);
#84=IFCMATERIALLAYER(#81,0.10000000000000001,$,$,$,$,$);
#85=IFCPROPERTYSET('2nqQPJ6QX2efjbvmoEVd$i',$,'EPset_Parametric',$,(#86));
#86=IFCPROPERTYSINGLEVALUE('LayerSetDirection',$,IFCLABEL('AXIS2'),$);
#87=IFCWALL('1UYJI624TAzvIsLDMKqgOc',$,'Wall',$,$,#100,#95,$,$);
#88=IFCRELCONTAINEDINSPATIALSTRUCTURE('2IaLAKoAj4au_WkThEzEhq',$,$,$,(#10354,#87,#1163,#10603,#692,#12159,#12095,#617,#12326,#10761,#10224,#10455,#1733,#11936,#2171,#2798,#9427,#10008,#9262,#542,#11958,#11980,#1325,#12002,#12024,#12046,#12068,#12132,#12363,#12385,#3964,#10076,#9332,#1708,#667,#2302,#12235,#592,#12257,#12422,#3620,#11147,#4672,#3215,#1188,#12186,#11913,#642,#567,#12212,#12289,#10909,#4416,#13024),#63);
#89=IFCRELDEFINESBYTYPE('1QBHQPtKbEqwXrA6z1TKai',$,$,$,(#4957,#4982,#1708,#6711,#667,#592,#87,#1163,#5751,#6091,#4907,#692,#6016,#11701,#617,#4932,#6116,#5865,#5789,#1733,#1188,#542,#6066,#642,#567,#1325,#4882),#80);
#90=IFCMATERIALLAYERSETUSAGE(#82,.AXIS2.,.POSITIVE.,0.,$);
#91=IFCRELASSOCIATESMATERIAL('1LackuTvX6l8W$l34yRQLs',$,$,$,(#87),#90);
#95=IFCPRODUCTDEFINITIONSHAPE($,$,(#2146,#2143));
#96=IFCCARTESIANPOINT((0.22660508751869202,-2.5901062488555908,0.));
#97=IFCDIRECTION((0.,0.,1.));
#98=IFCDIRECTION((1.,0.,0.));
#99=IFCAXIS2PLACEMENT3D(#96,#97,#98);
#100=IFCLOCALPLACEMENT(#79,#99);
#111=IFCPROPERTYSET('067IzmwTXAtBmqWlAziJjm',$,'EPset_Parametric',$,(#113));
#112=IFCRELDEFINESBYPROPERTIES('3omxBhmOP8ae$1cbo3i4Mq',$,$,$,(#87),#111);
#113=IFCPROPERTYSINGLEVALUE('Engine',$,IFCLABEL('Bonsai.DumbLayer2'),$);
#542=IFCWALL('1WaGejotb9XBqd$nxEksi8',$,'Wall',$,$,#2164,#548,$,$);
#543=IFCMATERIALLAYERSETUSAGE(#82,.AXIS2.,.POSITIVE.,0.,$);
#544=IFCRELASSOCIATESMATERIAL('1svOtULsXA9Qpamtk7MwM5',$,$,$,(#542),#543);
#548=IFCPRODUCTDEFINITIONSHAPE($,$,(#2159,#2156));
#564=IFCPROPERTYSET('00wxGngL14Zu9SO1G9WK1R',$,'EPset_Parametric',$,(#566));
#565=IFCRELDEFINESBYPROPERTIES('3TgZDJjD54XPr59DfA8InA',$,$,$,(#542),#564);
#566=IFCPROPERTYSINGLEVALUE('Engine',$,IFCLABEL('Bonsai.DumbLayer2'),$);
#567=IFCWALL('2SX_fINgX9x9oPeggsUyJt',$,'Wall',$,$,#902,#573,$,$);
#568=IFCMATERIALLAYERSETUSAGE(#82,.AXIS2.,.POSITIVE.,0.,$);
#569=IFCRELASSOCIATESMATERIAL('20BREjAHn24Q1MV9jl_qw0',$,$,$,(#567),#568);
#573=IFCPRODUCTDEFINITIONSHAPE($,$,(#947,#944));
#589=IFCPROPERTYSET('1i0EAHukL29umt$7T$lpOP',$,'EPset_Parametric',$,(#591));
#590=IFCRELDEFINESBYPROPERTIES('2oteFuUvjCuPw29fxsVYhk',$,$,$,(#567),#589);
#591=IFCPROPERTYSINGLEVALUE('Engine',$,IFCLABEL('Bonsai.DumbLayer2'),$);
#592=IFCWALL('2QvnIW6j1AtwbTXYw_6pPO',$,'Wall',$,$,#934,#598,$,$);
#593=IFCMATERIALLAYERSETUSAGE(#82,.AXIS2.,.POSITIVE.,0.,$);
#594=IFCRELASSOCIATESMATERIAL('3IMeHP1Zr6zhlnBpG$OC2y',$,$,$,(#592),#593);
#598=IFCPRODUCTDEFINITIONSHAPE($,$,(#974,#971));
#614=IFCPROPERTYSET('20nuWd3H17o8yYFLW2nLf5',$,'EPset_Parametric',$,(#616));
#615=IFCRELDEFINESBYPROPERTIES('13yXSkNV97UAlefoVeDz8d',$,$,$,(#592),#614);
#616=IFCPROPERTYSINGLEVALUE('Engine',$,IFCLABEL('Bonsai.DumbLayer2'),$);
#617=IFCWALL('0DnCzQyPf0BvSfRaZfxb0K',$,'Wall',$,$,#628,#623,$,$);
#618=IFCMATERIALLAYERSETUSAGE(#82,.AXIS2.,.POSITIVE.,0.,$);
#619=IFCRELASSOCIATESMATERIAL('34BAUvVaXFj9g_udEihYdc',$,$,$,(#617),#618);
#623=IFCPRODUCTDEFINITIONSHAPE($,$,(#1992,#1989));
#624=IFCCARTESIANPOINT((0.77660548686981201,5.0598936080932617,0.));
#625=IFCDIRECTION((0.,0.,1.));
#626=IFCDIRECTION((-0.99999999999992428,3.8941436741876494E-07,0.));
#627=IFCAXIS2PLACEMENT3D(#624,#625,#626);
#628=IFCLOCALPLACEMENT(#79,#627);
#639=IFCPROPERTYSET('3auEtWGlP6n9B5Uas89oKa',$,'EPset_Parametric',$,(#641));
#640=IFCRELDEFINESBYPROPERTIES('0jS7W6mZj23fKBjnHs4Jbw',$,$,$,(#617),#639);
#641=IFCPROPERTYSINGLEVALUE('Engine',$,IFCLABEL('Bonsai.DumbLayer2'),$);
#642=IFCWALL('0jpcEn8iL40vD0AZflQq9d',$,'Wall',$,$,#993,#648,$,$);
#643=IFCMATERIALLAYERSETUSAGE(#82,.AXIS2.,.POSITIVE.,0.,$);
#644=IFCRELASSOCIATESMATERIAL('2SxwNN3TD7gvZSjPkOmZpK',$,$,$,(#642),#643);
#648=IFCPRODUCTDEFINITIONSHAPE($,$,(#1324,#1321));
#664=IFCPROPERTYSET('2HrJ_EoZL0XBvsAmXYGCtV',$,'EPset_Parametric',$,(#666));
#665=IFCRELDEFINESBYPROPERTIES('2erZdVRwr2LP3m9xk8M3cJ',$,$,$,(#642),#664);
#666=IFCPROPERTYSINGLEVALUE('Engine',$,IFCLABEL('Bonsai.DumbLayer2'),$);
#667=IFCWALL('1voManc$TFmOISmBrEaZB0',$,'Wall',$,$,#1025,#673,$,$);
#668=IFCMATERIALLAYERSETUSAGE(#82,.AXIS2.,.POSITIVE.,0.,$);
#669=IFCRELASSOCIATESMATERIAL('0RU24xxhn6NgCEqJmsQswW',$,$,$,(#667),#668);
#673=IFCPRODUCTDEFINITIONSHAPE($,$,(#1070,#1067));
#689=IFCPROPERTYSET('2XMZMyakn4teQCBV7xr6OF',$,'EPset_Parametric',$,(#691));
#690=IFCRELDEFINESBYPROPERTIES('0Eiw_8U1fBDBpd5$UubVXD',$,$,$,(#667),#689);
#691=IFCPROPERTYSINGLEVALUE('Engine',$,IFCLABEL('Bonsai.DumbLayer2'),$);
#692=IFCWALL('0ooegB_rH7xOW0Z5WuWGed',$,'Wall',$,$,#1057,#698,$,$);
#693=IFCMATERIALLAYERSETUSAGE(#82,.AXIS2.,.POSITIVE.,0.,$);
#694=IFCRELASSOCIATESMATERIAL('3cO8OzehX0vglaXOfSumKU',$,$,$,(#692),#693);
#698=IFCPRODUCTDEFINITIONSHAPE($,$,(#2132,#2129));
#714=IFCPROPERTYSET('0Aqm7LlQvFW9LGPDv$Cs8g',$,'EPset_Parametric',$,(#716));
#715=IFCRELDEFINESBYPROPERTIES('2g7UkHh1D4UAN16AtIRLLo',$,$,$,(#692),#714);
#716=IFCPROPERTYSINGLEVALUE('Engine',$,IFCLABEL('Bonsai.DumbLayer2'),$);
#884=IFCRELCONNECTSPATHELEMENTS('0mAq9QwUDEs9WsU6w6W61m',$,$,$,$,#567,#542,(),(),.ATEND.,.ATSTART.);
#898=IFCCARTESIANPOINT((4.2266056217631025,6.5098938941955877,0.));
#899=IFCDIRECTION((0.,0.,1.));
#900=IFCDIRECTION((-0.99999999999998868,-1.5099580252808492E-07,0.));
#901=IFCAXIS2PLACEMENT3D(#898,#899,#900);
#902=IFCLOCALPLACEMENT(#79,#901);
#916=IFCRELCONNECTSPATHELEMENTS('2TfJ6cg0D8_xv_JVxxOIQp',$,$,$,$,#592,#567,(),(),.ATEND.,.ATSTART.);
#930=IFCCARTESIANPOINT((0.77660536766052579,6.5098933732600308,0.));
#931=IFCDIRECTION((0.,0.,1.));
#932=IFCDIRECTION((7.5497901264043123E-08,-0.99999999999999722,0.));
#933=IFCAXIS2PLACEMENT3D(#930,#931,#932);
#934=IFCLOCALPLACEMENT(#79,#933);
#935=IFCCARTESIANPOINTLIST2D(((0.,0.),(0.10000002264937295,0.10000000000000001),(3.3500002616524052,0.10000000000000001),(3.4500002541026151,0.)));
#936=IFCINDEXEDPOLYCURVE(#935,(IFCLINEINDEX((1,2,3,4,1))),$);
#937=IFCARBITRARYCLOSEDPROFILEDEF(.AREA.,$,#936);
#938=IFCCARTESIANPOINT((0.,0.,0.));
#939=IFCDIRECTION((0.,0.,1.));
#940=IFCDIRECTION((1.,0.,0.));
#941=IFCAXIS2PLACEMENT3D(#938,#939,#940);
#942=IFCDIRECTION((0.,0.,1.));
#943=IFCEXTRUDEDAREASOLID(#937,#941,#942,3.);
#944=IFCSHAPEREPRESENTATION(#11,'Body','SweptSolid',(#943));
#945=IFCCARTESIANPOINTLIST2D(((0.,0.),(3.4500002541026151,0.)));
#946=IFCINDEXEDPOLYCURVE(#945,$,$);
#947=IFCSHAPEREPRESENTATION(#23,'Axis','Curve2D',(#946));
#948=IFCRELCONNECTSPATHELEMENTS('3vE7VCG7LEcRhqfGX18Q36',$,$,$,$,#617,#592,(),(),.ATEND.,.ATSTART.);
#962=IFCCARTESIANPOINTLIST2D(((0.,0.),(0.099999992450210171,0.10000000000000001),(1.5499998116580063,0.10000000000000001),(1.4499997651667687,0.)));
#963=IFCINDEXEDPOLYCURVE(#962,(IFCLINEINDEX((1,2,3,4,1))),$);
#964=IFCARBITRARYCLOSEDPROFILEDEF(.AREA.,$,#963);
#965=IFCCARTESIANPOINT((0.,0.,0.));
#966=IFCDIRECTION((0.,0.,1.));
#967=IFCDIRECTION((1.,0.,0.));
#968=IFCAXIS2PLACEMENT3D(#965,#966,#967);
#969=IFCDIRECTION((0.,0.,1.));
#970=IFCEXTRUDEDAREASOLID(#964,#968,#969,3.);
#971=IFCSHAPEREPRESENTATION(#11,'Body','SweptSolid',(#970));
#972=IFCCARTESIANPOINTLIST2D(((0.,0.),(1.4499997651667687,0.)));
#973=IFCINDEXEDPOLYCURVE(#972,$,$);
#974=IFCSHAPEREPRESENTATION(#23,'Axis','Curve2D',(#973));
#975=IFCRELCONNECTSPATHELEMENTS('2xUqbnaNf5tPygmT0dQGZI',$,$,$,$,#642,#617,(),(),.ATEND.,.ATSTART.);
#989=IFCCARTESIANPOINT((-2.7733941078186719,5.0598949905141088,0.));
#990=IFCDIRECTION((0.,0.,1.));
#991=IFCDIRECTION((7.5497901264043123E-08,-0.99999999999999722,0.));
#992=IFCAXIS2PLACEMENT3D(#989,#990,#991);
#993=IFCLOCALPLACEMENT(#79,#992);
#1007=IFCRELCONNECTSPATHELEMENTS('0V63d7EaL3IuVLcsUNRsnM',$,$,$,$,#667,#642,(),(),.ATEND.,.ATSTART.);
#1021=IFCCARTESIANPOINT((-2.7733937174944483,-0.11010599136352539,0.));
#1022=IFCDIRECTION((0.,0.,1.));
#1023=IFCDIRECTION((1.,0.,0.));
#1024=IFCAXIS2PLACEMENT3D(#1021,#1022,#1023);
#1025=IFCLOCALPLACEMENT(#79,#1024);
#1039=IFCRELCONNECTSPATHELEMENTS('3DUoDwt9z1GfmFHSHDeqOW',$,$,$,$,#692,#667,(),(),.ATEND.,.ATSTART.);
#1053=IFCCARTESIANPOINT((0.22660636901843834,-0.11010599136352538,0.));
#1054=IFCDIRECTION((0.,0.,1.));
#1055=IFCDIRECTION((-5.2054855359521977E-07,-0.99999999999986455,0.));
#1056=IFCAXIS2PLACEMENT3D(#1053,#1054,#1055);
#1057=IFCLOCALPLACEMENT(#79,#1056);
#1058=IFCCARTESIANPOINTLIST2D(((0.,0.),(0.099999992450210171,0.10000000000000001),(3.1000001385677556,0.10000000000000001),(3.0000000865128866,0.)));
#1059=IFCINDEXEDPOLYCURVE(#1058,(IFCLINEINDEX((1,2,3,4,1))),$);
#1060=IFCARBITRARYCLOSEDPROFILEDEF(.AREA.,$,#1059);
#1061=IFCCARTESIANPOINT((0.,0.,0.));
#1062=IFCDIRECTION((0.,0.,1.));
#1063=IFCDIRECTION((1.,0.,0.));
#1064=IFCAXIS2PLACEMENT3D(#1061,#1062,#1063);
#1065=IFCDIRECTION((0.,0.,1.));
#1066=IFCEXTRUDEDAREASOLID(#1060,#1064,#1065,3.);
#1067=IFCSHAPEREPRESENTATION(#11,'Body','SweptSolid',(#1066));
#1068=IFCCARTESIANPOINTLIST2D(((0.,0.),(3.0000000865128866,0.)));
#1069=IFCINDEXEDPOLYCURVE(#1068,$,$);
#1070=IFCSHAPEREPRESENTATION(#23,'Axis','Curve2D',(#1069));
#1163=IFCWALL('0rxhJ1hHz6y8bEmkn5b$dz',$,'Wall',$,$,#1174,#1169,$,$);
#1164=IFCMATERIALLAYERSETUSAGE(#82,.AXIS2.,.POSITIVE.,0.,$);
#1165=IFCRELASSOCIATESMATERIAL('0nRXv1Dvb65g3zGh5rXTZT',$,$,$,(#1163),#1164);
#1169=IFCPRODUCTDEFINITIONSHAPE($,$,(#1265,#1262));
#1170=IFCCARTESIANPOINT((0.32660642266273499,-0.010105989873409271,0.));
#1171=IFCDIRECTION((0.,0.,1.));
#1172=IFCDIRECTION((7.5497901264043109E-08,0.99999999999999711,0.));
#1173=IFCAXIS2PLACEMENT3D(#1170,#1171,#1172);
#1174=IFCLOCALPLACEMENT(#79,#1173);
#1185=IFCPROPERTYSET('2yYQB$Y_H4lxqhuCMfcTtV',$,'EPset_Parametric',$,(#1187));
#1186=IFCRELDEFINESBYPROPERTIES('3FeKIHAKj5nwJ$uzEvSotp',$,$,$,(#1163),#1185);
#1187=IFCPROPERTYSINGLEVALUE('Engine',$,IFCLABEL('Bonsai.DumbLayer2'),$);
#1188=IFCWALL('1kh46n3uXE089TQs6cw_Tn',$,'Wall',$,$,#1199,#1194,$,$);
#1189=IFCMATERIALLAYERSETUSAGE(#82,.AXIS2.,.POSITIVE.,0.,$);
#1190=IFCRELASSOCIATESMATERIAL('19HF0_fdr2rAVVVdI$YJqP',$,$,$,(#1188),#1189);
#1194=IFCPRODUCTDEFINITIONSHAPE($,$,(#1311,#1308));
#1195=IFCCARTESIANPOINT((0.3266066312789917,2.6398940086364746,0.));
#1196=IFCDIRECTION((0.,0.,1.));
#1197=IFCDIRECTION((-0.99999999999998868,-1.5099580252808492E-07,0.));
#1198=IFCAXIS2PLACEMENT3D(#1195,#1196,#1197);
#1199=IFCLOCALPLACEMENT(#79,#1198);
#1210=IFCPROPERTYSET('3bc87BbtX5ZxuiOw1FXYne',$,'EPset_Parametric',$,(#1212));
#1211=IFCRELDEFINESBYPROPERTIES('3KyUyKWFzAIRfjdLa2EldT',$,$,$,(#1188),#1210);
#1212=IFCPROPERTYSINGLEVALUE('Engine',$,IFCLABEL('Bonsai.DumbLayer2'),$);
#1239=IFCRELCONNECTSPATHELEMENTS('16lPT5oHrBfB_BR_MY53bE',$,$,$,$,#1188,#1163,(),(),.ATEND.,.ATSTART.);
#1253=IFCCARTESIANPOINTLIST2D(((0.,0.),(0.,0.10000000000000001),(2.549999975860517,0.10000000000000001),(2.6499999985098901,0.)));
#1254=IFCINDEXEDPOLYCURVE(#1253,(IFCLINEINDEX((1,2,3,4,1))),$);
#1255=IFCARBITRARYCLOSEDPROFILEDEF(.AREA.,$,#1254);
#1256=IFCCARTESIANPOINT((0.,0.,0.));
#1257=IFCDIRECTION((0.,0.,1.));
#1258=IFCDIRECTION((1.,0.,0.));
#1259=IFCAXIS2PLACEMENT3D(#1256,#1257,#1258);
#1260=IFCDIRECTION((0.,0.,1.));
#1261=IFCEXTRUDEDAREASOLID(#1255,#1259,#1260,3.);
#1262=IFCSHAPEREPRESENTATION(#11,'Body','SweptSolid',(#1261));
#1263=IFCCARTESIANPOINTLIST2D(((0.,0.),(2.6499999985098901,0.)));
#1264=IFCINDEXEDPOLYCURVE(#1263,$,$);
#1265=IFCSHAPEREPRESENTATION(#23,'Axis','Curve2D',(#1264));
#1298=IFCRELCONNECTSPATHELEMENTS('00S8ZnA7117B1kczlVg3FS',$,$,$,$,#1188,#642,(),(),.ATPATH.,.ATEND.);
#1299=IFCCARTESIANPOINTLIST2D(((0.,0.),(0.10000002264937295,0.10000000000000001),(3.0000005553956397,0.10000000000000001),(3.0000005478458496,0.)));
#1300=IFCINDEXEDPOLYCURVE(#1299,(IFCLINEINDEX((1,2,3,4,1))),$);
#1301=IFCARBITRARYCLOSEDPROFILEDEF(.AREA.,$,#1300);
#1302=IFCCARTESIANPOINT((0.,0.,0.));
#1303=IFCDIRECTION((0.,0.,1.));
#1304=IFCDIRECTION((1.,0.,0.));
#1305=IFCAXIS2PLACEMENT3D(#1302,#1303,#1304);
#1306=IFCDIRECTION((0.,0.,1.));
#1307=IFCEXTRUDEDAREASOLID(#1301,#1305,#1306,3.);
#1308=IFCSHAPEREPRESENTATION(#11,'Body','SweptSolid',(#1307));
#1309=IFCCARTESIANPOINTLIST2D(((0.,0.),(3.1000005478458501,0.)));
#1310=IFCINDEXEDPOLYCURVE(#1309,$,$);
#1311=IFCSHAPEREPRESENTATION(#23,'Axis','Curve2D',(#1310));
#1312=IFCCARTESIANPOINTLIST2D(((0.,0.),(0.10000004649123768,0.10000000000000001),(5.0700009894274389,0.10000000000000001),(5.1700009818776493,0.)));
#1313=IFCINDEXEDPOLYCURVE(#1312,(IFCLINEINDEX((1,2,3,4,1))),$);
#1314=IFCARBITRARYCLOSEDPROFILEDEF(.AREA.,$,#1313);
#1315=IFCCARTESIANPOINT((0.,0.,0.));
#1316=IFCDIRECTION((0.,0.,1.));
#1317=IFCDIRECTION((1.,0.,0.));
#1318=IFCAXIS2PLACEMENT3D(#1315,#1316,#1317);
#1319=IFCDIRECTION((0.,0.,1.));
#1320=IFCEXTRUDEDAREASOLID(#1314,#1318,#1319,3.);
#1321=IFCSHAPEREPRESENTATION(#11,'Body','SweptSolid',(#1320));
#1322=IFCCARTESIANPOINTLIST2D(((0.,0.),(5.1700009818776493,0.)));
#1323=IFCINDEXEDPOLYCURVE(#1322,$,$);
#1324=IFCSHAPEREPRESENTATION(#23,'Axis','Curve2D',(#1323));
#1325=IFCWALL('1MRLeoew9CS9TWeOgCip0G',$,'Wall',$,$,#1367,#1331,$,$);
#1326=IFCMATERIALLAYERSETUSAGE(#82,.AXIS2.,.POSITIVE.,0.,$);
#1327=IFCRELASSOCIATESMATERIAL('23KzvoQRXFPASI8y8$Kr6z',$,$,$,(#1325),#1326);
#1331=IFCPRODUCTDEFINITIONSHAPE($,$,(#1847,#1844));
#1347=IFCPROPERTYSET('322OtuyE92lBILNH0IAere',$,'EPset_Parametric',$,(#1349));
#1348=IFCRELDEFINESBYPROPERTIES('03iZiol$n7Nui$foq8KBaN',$,$,$,(#1325),#1347);
#1349=IFCPROPERTYSINGLEVALUE('Engine',$,IFCLABEL('Bonsai.DumbLayer2'),$);
#1363=IFCCARTESIANPOINT((-1.1820363998413086,2.6337704658508301,0.));
#1364=IFCDIRECTION((0.,0.,1.));
#1365=IFCDIRECTION((1.9470718370939353E-07,0.99999999999998113,0.));
#1366=IFCAXIS2PLACEMENT3D(#1363,#1364,#1365);
#1367=IFCLOCALPLACEMENT(#79,#1366);
#1368=IFCRELCONNECTSPATHELEMENTS('2WWiHmV41EUB1vlEx_WcRe',$,$,$,$,#1325,#617,(),(),.ATPATH.,.ATEND.);
#1708=IFCWALL('24OOKwq3LFDu$BU7rjRF1x',$,'Wall',$,$,#1871,#1714,$,$);
#1709=IFCMATERIALLAYERSETUSAGE(#82,.AXIS2.,.POSITIVE.,0.,$);
#1710=IFCRELASSOCIATESMATERIAL('11sLZKRh5EfBlWjFkDIgWB',$,$,$,(#1708),#1709);
#1714=IFCPRODUCTDEFINITIONSHAPE($,$,(#2033,#2030));
#1730=IFCPROPERTYSET('06NGe0pM166PDoJZQ78KQ0',$,'EPset_Parametric',$,(#1732));
#1731=IFCRELDEFINESBYPROPERTIES('278RUCLrvAhfeH76BqrZoL',$,$,$,(#1708),#1730);
#1732=IFCPROPERTYSINGLEVALUE('Engine',$,IFCLABEL('Bonsai.DumbLayer2'),$);
#1733=IFCWALL('3uWw$YWs1CQu1JB_kyIhuo',$,'Wall',$,$,#2051,#1739,$,$);
#1734=IFCMATERIALLAYERSETUSAGE(#82,.AXIS2.,.POSITIVE.,0.,$);
#1735=IFCRELASSOCIATESMATERIAL('1qI3HTR3v8qfc9GL5ypS73',$,$,$,(#1733),#1734);
#1739=IFCPRODUCTDEFINITIONSHAPE($,$,(#2046,#2043));
#1755=IFCPROPERTYSET('0yH2tV66rChh4QwcNxtLkW',$,'EPset_Parametric',$,(#1757));
#1756=IFCRELDEFINESBYPROPERTIES('3RfOKyzhvAAePIzZzllDcx',$,$,$,(#1733),#1755);
#1757=IFCPROPERTYSINGLEVALUE('Engine',$,IFCLABEL('Bonsai.DumbLayer2'),$);
#1816=IFCRELCONNECTSPATHELEMENTS('2szyIgJETCOwacc7LvnCI3',$,$,$,$,#1733,#1325,(),(),.ATPATH.,.ATEND.);
#1835=IFCCARTESIANPOINTLIST2D(((0.,0.),(0.,0.10000000000000001),(2.3261239244363012,0.10000000000000001),(2.3261239049655829,0.)));
#1836=IFCINDEXEDPOLYCURVE(#1835,(IFCLINEINDEX((1,2,3,4,1))),$);
#1837=IFCARBITRARYCLOSEDPROFILEDEF(.AREA.,$,#1836);
#1838=IFCCARTESIANPOINT((0.,0.,0.));
#1839=IFCDIRECTION((0.,0.,1.));
#1840=IFCDIRECTION((1.,0.,0.));
#1841=IFCAXIS2PLACEMENT3D(#1838,#1839,#1840);
#1842=IFCDIRECTION((0.,0.,1.));
#1843=IFCEXTRUDEDAREASOLID(#1837,#1841,#1842,3.);
#1844=IFCSHAPEREPRESENTATION(#11,'Body','SweptSolid',(#1843));
#1845=IFCCARTESIANPOINTLIST2D(((0.,0.),(2.4261239049655852,0.)));
#1846=IFCINDEXEDPOLYCURVE(#1845,$,$);
#1847=IFCSHAPEREPRESENTATION(#23,'Axis','Curve2D',(#1846));
#1867=IFCCARTESIANPOINT((0.76999199519185424,5.0598936106686505,0.));
#1868=IFCDIRECTION((0.,0.,1.));
#1869=IFCDIRECTION((1.9470718370939353E-07,-0.99999999999998113,0.));
#1870=IFCAXIS2PLACEMENT3D(#1867,#1868,#1869);
#1871=IFCLOCALPLACEMENT(#79,#1870);
#1966=IFCRELCONNECTSPATHELEMENTS('37pv2af$jEHRwIUXuAQdRA',$,$,$,$,#1708,#617,(),(),.ATPATH.,.ATSTART.);
#1980=IFCCARTESIANPOINTLIST2D(((0.,0.),(-0.10000004649123767,0.10000000000000001),(3.4499995384601685,0.10000000000000001),(3.5499995849514061,0.)));
#1981=IFCINDEXEDPOLYCURVE(#1980,(IFCLINEINDEX((1,2,3,4,1))),$);
#1982=IFCARBITRARYCLOSEDPROFILEDEF(.AREA.,$,#1981);
#1983=IFCCARTESIANPOINT((0.,0.,0.));
#1984=IFCDIRECTION((0.,0.,1.));
#1985=IFCDIRECTION((1.,0.,0.));
#1986=IFCAXIS2PLACEMENT3D(#1983,#1984,#1985);
#1987=IFCDIRECTION((0.,0.,1.));
#1988=IFCEXTRUDEDAREASOLID(#1982,#1986,#1987,3.);
#1989=IFCSHAPEREPRESENTATION(#11,'Body','SweptSolid',(#1988));
#1990=IFCCARTESIANPOINTLIST2D(((0.,0.),(3.5499995849514061,0.)));
#1991=IFCINDEXEDPOLYCURVE(#1990,$,$);
#1992=IFCSHAPEREPRESENTATION(#23,'Axis','Curve2D',(#1991));
#2020=IFCRELCONNECTSPATHELEMENTS('1dcngFLWXDYg_9KhzJWklf',$,$,$,$,#1708,#1733,(),(),.ATSTART.,.ATEND.);
#2021=IFCCARTESIANPOINTLIST2D(((0.10000000000001708,0.),(0.10000005841217219,0.10000000000000001),(1.593386329603379,0.10000000000000001),(1.4933862711912067,0.)));
#2022=IFCINDEXEDPOLYCURVE(#2021,(IFCLINEINDEX((1,2,3,4,1))),$);
#2023=IFCARBITRARYCLOSEDPROFILEDEF(.AREA.,$,#2022);
#2024=IFCCARTESIANPOINT((0.,0.,0.));
#2025=IFCDIRECTION((0.,0.,1.));
#2026=IFCDIRECTION((1.,0.,0.));
#2027=IFCAXIS2PLACEMENT3D(#2024,#2025,#2026);
#2028=IFCDIRECTION((0.,0.,1.));
#2029=IFCEXTRUDEDAREASOLID(#2023,#2027,#2028,3.);
#2030=IFCSHAPEREPRESENTATION(#11,'Body','SweptSolid',(#2029));
#2031=IFCCARTESIANPOINTLIST2D(((0.,0.),(1.4933862711912067,0.)));
#2032=IFCINDEXEDPOLYCURVE(#2031,$,$);
#2033=IFCSHAPEREPRESENTATION(#23,'Axis','Curve2D',(#2032));
#2034=IFCCARTESIANPOINTLIST2D(((0.,0.),(-0.10000005841217217,0.10000000000000001),(1.9520284847249096,0.10000000000000001),(1.952028504195628,0.)));
#2035=IFCINDEXEDPOLYCURVE(#2034,(IFCLINEINDEX((1,2,3,4,1))),$);
#2036=IFCARBITRARYCLOSEDPROFILEDEF(.AREA.,$,#2035);
#2037=IFCCARTESIANPOINT((0.,0.,0.));
#2038=IFCDIRECTION((0.,0.,1.));
#2039=IFCDIRECTION((1.,0.,0.));
#2040=IFCAXIS2PLACEMENT3D(#2037,#2038,#2039);
#2041=IFCDIRECTION((0.,0.,1.));
#2042=IFCEXTRUDEDAREASOLID(#2036,#2040,#2041,3.);
#2043=IFCSHAPEREPRESENTATION(#11,'Body','SweptSolid',(#2042));
#2044=IFCCARTESIANPOINTLIST2D(((0.,0.),(1.952028504195628,0.)));
#2045=IFCINDEXEDPOLYCURVE(#2044,$,$);
#2046=IFCSHAPEREPRESENTATION(#23,'Axis','Curve2D',(#2045));
#2047=IFCCARTESIANPOINT((0.76999228596488922,3.566507339477472,0.));
#2048=IFCDIRECTION((0.,0.,1.));
#2049=IFCDIRECTION((-0.99999999999992428,3.8941436741876494E-07,0.));
#2050=IFCAXIS2PLACEMENT3D(#2047,#2048,#2049);
#2051=IFCLOCALPLACEMENT(#79,#2050);
#2106=IFCRELCONNECTSPATHELEMENTS('22GR1ogd11iB4MDTg$v62J',$,$,$,$,#87,#692,(),(),.ATEND.,.ATSTART.);
#2120=IFCCARTESIANPOINTLIST2D(((0.,0.),(-0.10000005205486891,0.10000000000000001),(2.3800002054375322,0.10000000000000001),(2.4800002574924012,0.)));
#2121=IFCINDEXEDPOLYCURVE(#2120,(IFCLINEINDEX((1,2,3,4,1))),$);
#2122=IFCARBITRARYCLOSEDPROFILEDEF(.AREA.,$,#2121);
#2123=IFCCARTESIANPOINT((0.,0.,0.));
#2124=IFCDIRECTION((0.,0.,1.));
#2125=IFCDIRECTION((1.,0.,0.));
#2126=IFCAXIS2PLACEMENT3D(#2123,#2124,#2125);
#2127=IFCDIRECTION((0.,0.,1.));
#2128=IFCEXTRUDEDAREASOLID(#2122,#2126,#2127,3.);
#2129=IFCSHAPEREPRESENTATION(#11,'Body','SweptSolid',(#2128));
#2130=IFCCARTESIANPOINTLIST2D(((0.,0.),(2.4800002574924012,0.)));
#2131=IFCINDEXEDPOLYCURVE(#2130,$,$);
#2132=IFCSHAPEREPRESENTATION(#23,'Axis','Curve2D',(#2131));
#2133=IFCRELCONNECTSPATHELEMENTS('0TzdQ7GWzFkBK26$AhUBAR',$,$,$,$,#87,#542,(),(),.ATSTART.,.ATEND.);
#2134=IFCCARTESIANPOINTLIST2D(((0.,0.),(0.10000005205486892,0.10000000000000001),(3.8999998642240872,0.10000000000000001),(3.9999998566742971,0.)));
#2135=IFCINDEXEDPOLYCURVE(#2134,(IFCLINEINDEX((1,2,3,4,1))),$);
#2136=IFCARBITRARYCLOSEDPROFILEDEF(.AREA.,$,#2135);
#2137=IFCCARTESIANPOINT((0.,0.,0.));
#2138=IFCDIRECTION((0.,0.,1.));
#2139=IFCDIRECTION((1.,0.,0.));
#2140=IFCAXIS2PLACEMENT3D(#2137,#2138,#2139);
#2141=IFCDIRECTION((0.,0.,1.));
#2142=IFCEXTRUDEDAREASOLID(#2136,#2140,#2141,3.);
#2143=IFCSHAPEREPRESENTATION(#11,'Body','SweptSolid',(#2142));
#2144=IFCCARTESIANPOINTLIST2D(((0.,0.),(3.9999998566742971,0.)));
#2145=IFCINDEXEDPOLYCURVE(#2144,$,$);
#2146=IFCSHAPEREPRESENTATION(#23,'Axis','Curve2D',(#2145));
#2147=IFCCARTESIANPOINTLIST2D(((0.,0.),(0.099999992450210157,0.10000000000000001),(9.0000001204018307,0.10000000000000001),(9.1000001430512043,0.)));
#2148=IFCINDEXEDPOLYCURVE(#2147,(IFCLINEINDEX((1,2,3,4,1))),$);
#2149=IFCARBITRARYCLOSEDPROFILEDEF(.AREA.,$,#2148);
#2150=IFCCARTESIANPOINT((0.,0.,0.));
#2151=IFCDIRECTION((0.,0.,1.));
#2152=IFCDIRECTION((1.,0.,0.));
#2153=IFCAXIS2PLACEMENT3D(#2150,#2151,#2152);
#2154=IFCDIRECTION((0.,0.,1.));
#2155=IFCEXTRUDEDAREASOLID(#2149,#2153,#2154,3.);
#2156=IFCSHAPEREPRESENTATION(#11,'Body','SweptSolid',(#2155));
#2157=IFCCARTESIANPOINTLIST2D(((0.,0.),(9.1000001430512043,0.)));
#2158=IFCINDEXEDPOLYCURVE(#2157,$,$);
#2159=IFCSHAPEREPRESENTATION(#23,'Axis','Curve2D',(#2158));
#2160=IFCCARTESIANPOINT((4.2266049347321886,-2.5901062488555908,0.));
#2161=IFCDIRECTION((0.,0.,1.));
#2162=IFCDIRECTION((7.5497901264043123E-08,0.99999999999999722,0.));
#2163=IFCAXIS2PLACEMENT3D(#2160,#2161,#2162);
#2164=IFCLOCALPLACEMENT(#79,#2163);
#2165=IFCSLABTYPE('3zCSaw6pXBfPeTn70GluWA',$,'Slab - SF',$,$,(#2169),$,$,$,.FLOOR.);
#2166=IFCMATERIALLAYERSET((#2168),$,$);
#2167=IFCRELASSOCIATESMATERIAL('3TejBxWqTAFej5_av5Ku8l',$,$,$,(#2165),#2166);
#2168=IFCMATERIALLAYER(#81,0.10000000000000001,$,$,$,$,$);
#2169=IFCPROPERTYSET('2roB$bU5L0VvjLm8hhnS1z',$,'EPset_Parametric',$,(#2170));
#2170=IFCPROPERTYSINGLEVALUE('LayerSetDirection',$,IFCLABEL('AXIS3'),$);
#2171=IFCSLAB('1$n5g_IE553fq_AFpOvCu_',$,'Slab',$,$,#2179,#2186,$,$);
#2172=IFCRELDEFINESBYTYPE('35AkF6Zsj3DfWjDGAMOYtc',$,$,$,(#8859,#4758,#8599,#2171),#2165);
#2173=IFCMATERIALLAYERSETUSAGE(#2166,.AXIS3.,.POSITIVE.,-0.10000000149011612,$);
#2174=IFCRELASSOCIATESMATERIAL('1xMTMbjy1AgB5FRTw_dUz6',$,$,$,(#2171),#2173);
#2175=IFCCARTESIANPOINT((4.2266049385070801,-2.5901062488555908,0.));
#2176=IFCDIRECTION((0.,0.,1.));
#2177=IFCDIRECTION((1.,0.,0.));
#2178=IFCAXIS2PLACEMENT3D(#2175,#2176,#2177);
#2179=IFCLOCALPLACEMENT(#79,#2178);
#2180=IFCCARTESIANPOINTLIST2D(((0.,0.),(4.76837158203125E-07,9.1000003814697266),(-3.4499995708465576,9.0999994277954102),(-3.4499993324279785,7.6499996185302734),(-6.9999990463256836,7.6500015258789062),(-6.9999980926513672,2.4800002574920654),(-3.9999985694885254,2.4800002574920654),(-3.9999997615814209,0.),(0.,0.)));
#2181=IFCINDEXEDPOLYCURVE(#2180,$,$);
#2182=IFCDIRECTION((0.,0.,1.));
#2183=IFCARBITRARYCLOSEDPROFILEDEF(.AREA.,$,#2181);
#2184=IFCEXTRUDEDAREASOLID(#2183,#2193,#2182,0.10000000000000001);
#2185=IFCSHAPEREPRESENTATION(#11,'Body','SweptSolid',(#2184));
#2186=IFCPRODUCTDEFINITIONSHAPE($,$,(#2185));
#2187=IFCPROPERTYSET('1Yt3P97OPDy8vIfinQ9x7g',$,'EPset_Parametric',$,(#2189));
#2188=IFCRELDEFINESBYPROPERTIES('3CnNGc8kf45Rvg1JpV$7vr',$,$,$,(#2171),#2187);
#2189=IFCPROPERTYSINGLEVALUE('Engine',$,IFCLABEL('Bonsai.DumbLayer3'),$);
#2190=IFCCARTESIANPOINT((-0.,-0.,-0.10000000149011612));
#2191=IFCDIRECTION((0.,0.,1.));
#2192=IFCDIRECTION((1.,0.,0.));
#2193=IFCAXIS2PLACEMENT3D(#2190,#2191,#2192);
#2194=IFCDOORTYPE('3BVuHDhQjF_xqUY3F4SjMu',$,'Main-GF',$,$,(#2195),(#2204,#2282,#2301),$,$,.DOOR.,.SINGLE_SWING_LEFT.,$,$);
#2195=IFCPROPERTYSET('2_Dd3XinT8LPqF0WEm1WvE',$,'BBIM_Door',$,(#2196));
#2196=IFCPROPERTYSINGLEVALUE('Data',$,IFCTEXT('{"door_type": "SINGLE_SWING_LEFT", "overall_height": 2.0, "overall_width": 0.8999999761581421, "lining_properties": {"lining_depth": 0.05000000074505806, "lining_thickness": 0.05000000074505806, "lining_offset": 0.0, "lining_to_panel_offset_x": 0.02500000037252903, "lining_to_panel_offset_y": 0.02500000037252903, "transom_thickness": 0.0, "casing_thickness": 0.07500000298023224, "casing_depth": 0.004999999888241291, "threshold_thickness": 0.02500000037252903, "threshold_depth": 0.10000000149011612, "threshold_offset": 0.0}, "panel_properties": {"panel_depth": 0.03500000014901161, "panel_width_ratio": 1.0}}'),$);
#2197=IFCCARTESIANPOINTLIST3D(((0.,0.,0.),(0.89999997615814209,0.,0.),(0.89999997615814209,0.,2.),(0.,0.,2.)));
#2198=IFCINDEXEDPOLYCURVE(#2197,(IFCLINEINDEX((1,2,3,4,1))),$);
#2199=IFCSHAPEREPRESENTATION(#18,'Profile','Curve3D',(#2198));
#2200=IFCCARTESIANPOINT((0.,0.,0.));
#2201=IFCDIRECTION((1.,0.,0.));
#2202=IFCDIRECTION((0.,0.,1.));
#2203=IFCAXIS2PLACEMENT3D(#2200,#2202,#2201);
#2204=IFCREPRESENTATIONMAP(#2203,#2199);
#2205=IFCCARTESIANPOINTLIST2D(((0.,0.),(0.,2.),(0.89999997615814209,2.),(0.89999997615814209,0.),(0.87499997578561306,0.),(0.87499997578561306,1.974999999627471),(0.02500000037252903,1.974999999627471),(0.02500000037252903,0.)));
#2206=IFCINDEXEDPOLYCURVE(#2205,(IFCLINEINDEX((1,2,3,4,5,6,7,8,1))),$);
#2207=IFCARBITRARYCLOSEDPROFILEDEF(.AREA.,$,#2206);
#2208=IFCCARTESIANPOINT((0.,0.02500000037252903,0.));
#2209=IFCDIRECTION((0.,-1.,0.));
#2210=IFCDIRECTION((1.,0.,0.));
#2211=IFCAXIS2PLACEMENT3D(#2208,#2209,#2210);
#2212=IFCDIRECTION((0.,0.,-1.));
#2213=IFCEXTRUDEDAREASOLID(#2207,#2211,#2212,0.02500000037252903);
#2214=IFCCARTESIANPOINTLIST2D(((0.,0.),(0.,2.),(0.89999997615814209,2.),(0.89999997615814209,0.),(0.84999997541308403,0.),(0.84999997541308403,1.9499999992549419),(0.05000000074505806,1.9499999992549419),(0.05000000074505806,0.)));
#2215=IFCINDEXEDPOLYCURVE(#2214,(IFCLINEINDEX((1,2,3,4,5,6,7,8,1))),$);
#2216=IFCARBITRARYCLOSEDPROFILEDEF(.AREA.,$,#2215);
#2217=IFCCARTESIANPOINT((0.,0.,0.));
#2218=IFCDIRECTION((0.,-1.,0.));
#2219=IFCDIRECTION((1.,0.,0.));
#2220=IFCAXIS2PLACEMENT3D(#2217,#2218,#2219);
#2221=IFCDIRECTION((0.,0.,-1.));
#2222=IFCEXTRUDEDAREASOLID(#2216,#2220,#2221,0.02500000037252903);
#2223=IFCCARTESIANPOINTLIST2D(((0.,0.),(0.79999997466802597,0.),(0.79999997466802597,0.10000000149011612),(0.,0.10000000149011612)));
#2224=IFCINDEXEDPOLYCURVE(#2223,(IFCLINEINDEX((1,2,3,4,1))),$);
#2225=IFCARBITRARYCLOSEDPROFILEDEF(.AREA.,$,#2224);
#2226=IFCCARTESIANPOINT((0.05000000074505806,0.,0.));
#2227=IFCDIRECTION((0.,0.,1.));
#2228=IFCDIRECTION((1.,0.,0.));
#2229=IFCAXIS2PLACEMENT3D(#2226,#2227,#2228);
#2230=IFCDIRECTION((0.,0.,1.));
#2231=IFCEXTRUDEDAREASOLID(#2225,#2229,#2230,0.02500000037252903);
#2232=IFCCARTESIANPOINTLIST2D(((0.,0.),(0.,2.0250000022351742),(0.94999998062849045,2.0250000022351742),(0.94999998062849045,0.),(0.87499997764825821,0.),(0.87499997764825821,1.9499999992549419),(0.075000002980232239,1.9499999992549419),(0.075000002980232239,0.)));
#2233=IFCINDEXEDPOLYCURVE(#2232,(IFCLINEINDEX((1,2,3,4,5,6,7,8,1))),$);
#2234=IFCARBITRARYCLOSEDPROFILEDEF(.AREA.,$,#2233);
#2235=IFCCARTESIANPOINT((-0.025000002235174179,-0.004999999888241291,0.));
#2236=IFCDIRECTION((0.,-1.,0.));
#2237=IFCDIRECTION((1.,0.,0.));
#2238=IFCAXIS2PLACEMENT3D(#2235,#2236,#2237);
#2239=IFCDIRECTION((0.,0.,-1.));
#2240=IFCEXTRUDEDAREASOLID(#2234,#2238,#2239,0.004999999888241291);
#2241=IFCCARTESIANPOINTLIST2D(((0.,0.),(0.,2.0250000022351742),(0.94999998062849045,2.0250000022351742),(0.94999998062849045,0.),(0.89999997802078724,0.),(0.89999997802078724,1.974999999627471),(0.050000002607703209,1.974999999627471),(0.050000002607703209,0.)));
#2242=IFCINDEXEDPOLYCURVE(#2241,(IFCLINEINDEX((1,2,3,4,5,6,7,8,1))),$);
#2243=IFCARBITRARYCLOSEDPROFILEDEF(.AREA.,$,#2242);
#2244=IFCCARTESIANPOINT((-0.025000002235174179,0.05000000074505806,0.));
#2245=IFCDIRECTION((0.,-1.,0.));
#2246=IFCDIRECTION((1.,0.,0.));
#2247=IFCAXIS2PLACEMENT3D(#2244,#2245,#2246);
#2248=IFCDIRECTION((0.,0.,-1.));
#2249=IFCEXTRUDEDAREASOLID(#2243,#2247,#2248,0.004999999888241291);
#2250=IFCCARTESIANPOINTLIST2D(((0.,0.),(0.84999997541308403,0.),(0.84999997541308403,0.035000000149011612),(0.,0.035000000149011612)));
#2251=IFCINDEXEDPOLYCURVE(#2250,(IFCLINEINDEX((1,2,3,4,1))),$);
#2252=IFCARBITRARYCLOSEDPROFILEDEF(.AREA.,$,#2251);
#2253=IFCCARTESIANPOINT((0.02500000037252903,0.02500000037252903,0.02500000037252903));
#2254=IFCDIRECTION((0.,0.,1.));
#2255=IFCDIRECTION((1.,0.,0.));
#2256=IFCAXIS2PLACEMENT3D(#2253,#2254,#2255);
#2257=IFCDIRECTION((0.,0.,1.));
#2258=IFCEXTRUDEDAREASOLID(#2252,#2256,#2257,1.9499999992549419);
#2259=IFCCARTESIANPOINTLIST2D(((0.,0.),(0.,-0.040000000000000001),(-0.11999999999999988,-0.040000000000000001),(-0.11999999999999988,-0.02),(-0.020000000000000018,-0.02),(-0.020000000000000018,0.)));
#2260=IFCINDEXEDPOLYCURVE(#2259,(IFCLINEINDEX((1,2,3,4,5,6,1))),$);
#2261=IFCARBITRARYCLOSEDPROFILEDEF(.AREA.,$,#2260);
#2262=IFCCARTESIANPOINT((0.82499997578561302,0.02500000037252903,1.015000000372529));
#2263=IFCDIRECTION((0.,0.,1.));
#2264=IFCDIRECTION((1.,0.,0.));
#2265=IFCAXIS2PLACEMENT3D(#2262,#2263,#2264);
#2266=IFCDIRECTION((0.,0.,1.));
#2267=IFCEXTRUDEDAREASOLID(#2261,#2265,#2266,0.02);
#2268=IFCEXTRUDEDAREASOLID(#2269,#2272,#2276,0.02);
#2269=IFCARBITRARYCLOSEDPROFILEDEF(.AREA.,$,#2270);
#2270=IFCINDEXEDPOLYCURVE(#2271,(IFCLINEINDEX((1,2,3,4,5,6,1))),$);
#2271=IFCCARTESIANPOINTLIST2D(((0.,0.),(0.,0.040000000000000008),(-0.11999999999999988,0.040000000000000008),(-0.11999999999999988,0.020000000000000004),(-0.020000000000000018,0.020000000000000004),(-0.020000000000000018,0.)));
#2272=IFCAXIS2PLACEMENT3D(#2273,#2274,#2275);
#2273=IFCCARTESIANPOINT((0.82499997578561302,0.060000000521540642,1.015000000372529));
#2274=IFCDIRECTION((0.,0.,1.));
#2275=IFCDIRECTION((1.,0.,0.));
#2276=IFCDIRECTION((0.,0.,1.));
#2277=IFCSHAPEREPRESENTATION(#11,'Body','SweptSolid',(#2213,#2222,#2258,#2267,#2268,#2231,#2240,#2249));
#2278=IFCCARTESIANPOINT((0.,0.,0.));
#2279=IFCDIRECTION((1.,0.,0.));
#2280=IFCDIRECTION((0.,0.,1.));
#2281=IFCAXIS2PLACEMENT3D(#2278,#2280,#2279);
#2282=IFCREPRESENTATIONMAP(#2281,#2277);
#2283=IFCCARTESIANPOINTLIST2D(((0.,0.),(0.,0.05000000074505806),(0.02500000037252903,0.05000000074505806),(0.02500000037252903,0.02500000037252903),(0.05000000074505806,0.02500000037252903),(0.05000000074505806,0.)));
#2284=IFCINDEXEDPOLYCURVE(#2283,(IFCLINEINDEX((1,2,3,4,5,6,1))),$);
#2285=IFCINDEXEDPOLYCURVE(#2286,(IFCLINEINDEX((1,2,3,4,5,6,1))),$);
#2286=IFCCARTESIANPOINTLIST2D(((0.89999997615814209,0.),(0.89999997615814209,0.05000000074505806),(0.87499997578561306,0.05000000074505806),(0.87499997578561306,0.02500000037252903),(0.84999997541308403,0.02500000037252903),(0.84999997541308403,0.)));
#2287=IFCDIRECTION((1.,0.));
#2288=IFCCARTESIANPOINT((0.060000000521540642,0.05000000074505806));
#2289=IFCAXIS2PLACEMENT2D(#2288,#2287);
#2290=IFCELLIPSE(#2289,0.81499997526407242,0.84999997541308403);
#2291=IFCCARTESIANPOINT((0.87499997578561306,0.05000000074505806));
#2292=IFCCARTESIANPOINT((0.060000000521540642,0.89999997615814209));
#2293=IFCTRIMMEDCURVE(#2290,(#2291),(#2292),.T.,.CARTESIAN.);
#2294=IFCCARTESIANPOINTLIST2D(((0.02500000037252903,0.05000000074505806),(0.060000000521540642,0.05000000074505806),(0.060000000521540642,0.89999997615814209),(0.02500000037252903,0.89999997615814209)));
#2295=IFCINDEXEDPOLYCURVE(#2294,(IFCLINEINDEX((1,2,3,4,1))),$);
#2296=IFCSHAPEREPRESENTATION(#24,'Body','Curve2D',(#2284,#2285,#2293,#2295));
#2297=IFCCARTESIANPOINT((0.,0.,0.));
#2298=IFCDIRECTION((1.,0.,0.));
#2299=IFCDIRECTION((0.,0.,1.));
#2300=IFCAXIS2PLACEMENT3D(#2297,#2299,#2298);
#2301=IFCREPRESENTATIONMAP(#2300,#2296);
#2302=IFCDOOR('23qCoP7g99AvNhn7I4_X4q',$,'Door',$,$,#2867,#2311,$,2.,0.89999997615814209,$,$,$);
#2303=IFCRELDEFINESBYTYPE('0HDBUwSy128AWBXFHFw1e0',$,$,$,(#2302),#2194);
#2304=IFCCARTESIANPOINT((0.,0.,0.));
#2305=IFCDIRECTION((1.,0.,0.));
#2306=IFCDIRECTION((0.,1.,0.));
#2307=IFCDIRECTION((0.,0.,1.));
#2308=IFCCARTESIANTRANSFORMATIONOPERATOR3D(#2305,#2306,#2304,1.,#2307);
#2309=IFCMAPPEDITEM(#2204,#2308);
#2310=IFCSHAPEREPRESENTATION(#18,'Profile','MappedRepresentation',(#2309));
#2311=IFCPRODUCTDEFINITIONSHAPE($,$,(#2310,#2318,#2325));
#2312=IFCCARTESIANPOINT((0.,0.,0.));
#2313=IFCDIRECTION((1.,0.,0.));
#2314=IFCDIRECTION((0.,1.,0.));
#2315=IFCDIRECTION((0.,0.,1.));
#2316=IFCCARTESIANTRANSFORMATIONOPERATOR3D(#2313,#2314,#2312,1.,#2315);
#2317=IFCMAPPEDITEM(#2282,#2316);
#2318=IFCSHAPEREPRESENTATION(#11,'Body','MappedRepresentation',(#2317));
#2319=IFCCARTESIANPOINT((0.,0.,0.));
#2320=IFCDIRECTION((1.,0.,0.));
#2321=IFCDIRECTION((0.,1.,0.));
#2322=IFCDIRECTION((0.,0.,1.));
#2323=IFCCARTESIANTRANSFORMATIONOPERATOR3D(#2320,#2321,#2319,1.,#2322);
#2324=IFCMAPPEDITEM(#2301,#2323);
#2325=IFCSHAPEREPRESENTATION(#24,'Body','MappedRepresentation',(#2324));
#2326=IFCOPENINGELEMENT('0pwucBKhH59wpdLec4OqBY',$,'Opening',$,$,#2376,#2354,$,.OPENING.);
#2332=IFCCARTESIANPOINTLIST2D(((0.,0.),(0.89999997615814209,0.),(0.89999997615814209,2.),(0.,2.)));
#2333=IFCINDEXEDPOLYCURVE(#2332,(IFCLINEINDEX((1,2,3,4,1))),$);
#2334=IFCARBITRARYCLOSEDPROFILEDEF(.AREA.,$,#2333);
#2335=IFCCARTESIANPOINT((0.,-0.60000002384185791,0.));
#2336=IFCDIRECTION((0.,-1.,0.));
#2337=IFCDIRECTION((1.,0.,0.));
#2338=IFCAXIS2PLACEMENT3D(#2335,#2336,#2337);
#2339=IFCDIRECTION((0.,0.,-1.));
#2340=IFCEXTRUDEDAREASOLID(#2334,#2338,#2339,1.2);
#2341=IFCSHAPEREPRESENTATION(#11,'Body','SweptSolid',(#2340));
#2342=IFCCARTESIANPOINT((0.,0.,0.));
#2343=IFCDIRECTION((1.,0.,0.));
#2344=IFCDIRECTION((0.,0.,1.));
#2345=IFCAXIS2PLACEMENT3D(#2342,#2344,#2343);
#2346=IFCREPRESENTATIONMAP(#2345,#2341);
#2347=IFCCARTESIANPOINT((0.,0.,0.));
#2348=IFCDIRECTION((1.,0.,0.));
#2349=IFCDIRECTION((0.,1.,0.));
#2350=IFCDIRECTION((0.,0.,1.));
#2351=IFCCARTESIANTRANSFORMATIONOPERATOR3D(#2348,#2349,#2347,1.,#2350);
#2352=IFCMAPPEDITEM(#2346,#2351);
#2353=IFCSHAPEREPRESENTATION(#11,'Body','MappedRepresentation',(#2352));
#2354=IFCPRODUCTDEFINITIONSHAPE($,$,(#2353));
#2355=IFCRELVOIDSELEMENT('1amnOWDcj3cwYoa9FgVkrW',$,$,$,#87,#2326);
#2361=IFCRELFILLSELEMENT('2CeAdgIJDBTBRUFixob8_6',$,$,$,#2326,#2302);
#2372=IFCCARTESIANPOINT((0.34550520777702332,4.76837158203125E-07,0.));
#2373=IFCDIRECTION((0.,0.,1.));
#2374=IFCDIRECTION((0.99999999999997158,-2.3841857910155572E-07,0.));
#2375=IFCAXIS2PLACEMENT3D(#2372,#2373,#2374);
#2376=IFCLOCALPLACEMENT(#100,#2375);
#2502=IFCDOORTYPE('2b6xtuKxD5VfDJ4d3zF1k8',$,'Guest - GF',$,$,(#2503),(#2505,#2513,#2591),$,$,.DOOR.,.SINGLE_SWING_LEFT.,$,$);
#2503=IFCPROPERTYSET('3LxANRodf8m9R5QGPoQURY',$,'BBIM_Door',$,(#2504));
#2504=IFCPROPERTYSINGLEVALUE('Data',$,IFCTEXT('{"door_type": "SINGLE_SWING_RIGHT", "overall_height": 2.0, "overall_width": 0.8999999761581421, "lining_properties": {"lining_depth": 0.05000000074505806, "lining_thickness": 0.05000000074505806, "lining_offset": 0.0, "lining_to_panel_offset_x": 0.02500000037252903, "lining_to_panel_offset_y": 0.02500000037252903, "transom_thickness": 0.0, "casing_thickness": 0.07500000298023224, "casing_depth": 0.004999999888241291, "threshold_thickness": 0.02500000037252903, "threshold_depth": 0.10000000149011612, "threshold_offset": 0.0}, "panel_properties": {"panel_depth": 0.03500000014901161, "panel_width_ratio": 1.0}}'),$);
#2505=IFCREPRESENTATIONMAP(#2506,#11214);
#2506=IFCAXIS2PLACEMENT3D(#2507,#2508,#2509);
#2507=IFCCARTESIANPOINT((0.,0.,0.));
#2508=IFCDIRECTION((0.,0.,1.));
#2509=IFCDIRECTION((1.,0.,0.));
#2513=IFCREPRESENTATIONMAP(#2514,#11287);
#2514=IFCAXIS2PLACEMENT3D(#2515,#2516,#2517);
#2515=IFCCARTESIANPOINT((0.,0.,0.));
#2516=IFCDIRECTION((0.,0.,1.));
#2517=IFCDIRECTION((1.,0.,0.));
#2591=IFCREPRESENTATIONMAP(#2592,#11305);
#2592=IFCAXIS2PLACEMENT3D(#2593,#2594,#2595);
#2593=IFCCARTESIANPOINT((0.,0.,0.));
#2594=IFCDIRECTION((0.,0.,1.));
#2595=IFCDIRECTION((1.,0.,0.));
#2680=IFCCARTESIANPOINT((1.5668310150504157,-9.1683627356786701E-10,0.));
#2681=IFCDIRECTION((0.,0.,1.));
#2682=IFCDIRECTION((0.99999999999997147,-2.384185719961227E-07,0.));
#2683=IFCAXIS2PLACEMENT3D(#2680,#2681,#2682);
#2684=IFCLOCALPLACEMENT(#1174,#2683);
#2690=IFCDOORTYPE('1t7yPEmY9E8hyrnjKwkF57',$,'Bathroom - GF',$,$,(#2691),(#2693,#2701,#2779),$,$,.DOOR.,.SINGLE_SWING_LEFT.,$,$);
#2691=IFCPROPERTYSET('2aYsPfxgPCIuZ3GqtP1qgE',$,'BBIM_Door',$,(#2692));
#2692=IFCPROPERTYSINGLEVALUE('Data',$,IFCTEXT('{"door_type": "SINGLE_SWING_LEFT", "overall_height": 1.8319506645202637, "overall_width": 0.7463752031326294, "lining_properties": {"lining_depth": 0.05000000074505806, "lining_thickness": 0.05000000074505806, "lining_offset": 0.0, "lining_to_panel_offset_x": 0.02500000037252903, "lining_to_panel_offset_y": 0.02500000037252903, "transom_thickness": 0.0, "casing_thickness": 0.07500000298023224, "casing_depth": 0.004999999888241291, "threshold_thickness": 0.02500000037252903, "threshold_depth": 0.10000000149011612, "threshold_offset": 0.0}, "panel_properties": {"panel_depth": 0.03500000014901161, "panel_width_ratio": 1.0}}'),$);
#2693=IFCREPRESENTATIONMAP(#2694,#2994);
#2694=IFCAXIS2PLACEMENT3D(#2695,#2696,#2697);
#2695=IFCCARTESIANPOINT((0.,0.,0.));
#2696=IFCDIRECTION((0.,0.,1.));
#2697=IFCDIRECTION((1.,0.,0.));
#2701=IFCREPRESENTATIONMAP(#2702,#3067);
#2702=IFCAXIS2PLACEMENT3D(#2703,#2704,#2705);
#2703=IFCCARTESIANPOINT((0.,0.,0.));
#2704=IFCDIRECTION((0.,0.,1.));
#2705=IFCDIRECTION((1.,0.,0.));
#2779=IFCREPRESENTATIONMAP(#2780,#3081);
#2780=IFCAXIS2PLACEMENT3D(#2781,#2782,#2783);
#2781=IFCCARTESIANPOINT((0.,0.,0.));
#2782=IFCDIRECTION((0.,0.,1.));
#2783=IFCDIRECTION((1.,0.,0.));
#2798=IFCDOOR('0mCEXkgjTDo8ghn$oYrQm6',$,'Door',$,$,#3106,#2807,$,1.8319506645202637,0.74637520313262939,$,.SINGLE_SWING_LEFT.,$);
#2799=IFCRELDEFINESBYTYPE('2pz2W3$YnEwu5Nk799bl7c',$,$,$,(#2798),#2690);
#2800=IFCCARTESIANPOINT((0.,0.,0.));
#2801=IFCDIRECTION((1.,0.,0.));
#2802=IFCDIRECTION((0.,1.,0.));
#2803=IFCDIRECTION((0.,0.,1.));
#2804=IFCCARTESIANTRANSFORMATIONOPERATOR3D(#2801,#2802,#2800,1.,#2803);
#2805=IFCMAPPEDITEM(#2693,#2804);
#2806=IFCSHAPEREPRESENTATION(#18,'Profile','MappedRepresentation',(#2805));
#2807=IFCPRODUCTDEFINITIONSHAPE($,$,(#2806,#2814,#2821));
#2808=IFCCARTESIANPOINT((0.,0.,0.));
#2809=IFCDIRECTION((1.,0.,0.));
#2810=IFCDIRECTION((0.,1.,0.));
#2811=IFCDIRECTION((0.,0.,1.));
#2812=IFCCARTESIANTRANSFORMATIONOPERATOR3D(#2809,#2810,#2808,1.,#2811);
#2813=IFCMAPPEDITEM(#2701,#2812);
#2814=IFCSHAPEREPRESENTATION(#11,'Body','MappedRepresentation',(#2813));
#2815=IFCCARTESIANPOINT((0.,0.,0.));
#2816=IFCDIRECTION((1.,0.,0.));
#2817=IFCDIRECTION((0.,1.,0.));
#2818=IFCDIRECTION((0.,0.,1.));
#2819=IFCCARTESIANTRANSFORMATIONOPERATOR3D(#2816,#2817,#2815,1.,#2818);
#2820=IFCMAPPEDITEM(#2779,#2819);
#2821=IFCSHAPEREPRESENTATION(#24,'Body','MappedRepresentation',(#2820));
#2822=IFCOPENINGELEMENT('1iXsXX2kDBr9nxotSutsCC',$,'Opening',$,$,#3101,#2850,$,.OPENING.);
#2838=IFCCARTESIANPOINT((0.,0.,0.));
#2839=IFCDIRECTION((1.,0.,0.));
#2840=IFCDIRECTION((0.,0.,1.));
#2841=IFCAXIS2PLACEMENT3D(#2838,#2840,#2839);
#2842=IFCREPRESENTATIONMAP(#2841,#3091);
#2843=IFCCARTESIANPOINT((0.,0.,0.));
#2844=IFCDIRECTION((1.,0.,0.));
#2845=IFCDIRECTION((0.,1.,0.));
#2846=IFCDIRECTION((0.,0.,1.));
#2847=IFCCARTESIANTRANSFORMATIONOPERATOR3D(#2844,#2845,#2843,1.,#2846);
#2848=IFCMAPPEDITEM(#2842,#2847);
#2849=IFCSHAPEREPRESENTATION(#11,'Body','MappedRepresentation',(#2848));
#2850=IFCPRODUCTDEFINITIONSHAPE($,$,(#2849));
#2851=IFCRELVOIDSELEMENT('2t3UV8HhL5Rg_iLIK1bzmJ',$,$,$,#1325,#2822);
#2857=IFCRELFILLSELEMENT('1xO61PF_DBSQkd1ks7n6Jp',$,$,$,#2822,#2798);
#2863=IFCCARTESIANPOINT((1.1102230246251565E-16,0.,0.));
#2864=IFCDIRECTION((0.,0.,1.));
#2865=IFCDIRECTION((1.,0.,0.));
#2866=IFCAXIS2PLACEMENT3D(#2863,#2864,#2865);
#2867=IFCLOCALPLACEMENT(#2376,#2866);
#2876=IFCCARTESIANPOINTLIST2D(((0.,0.),(0.,1.8319506645202637),(0.74637520313262939,1.8319506645202637),(0.74637520313262939,0.),(0.72137520276010036,0.),(0.72137520276010036,1.8069506641477346),(0.02500000037252903,1.8069506641477346),(0.02500000037252903,0.)));
#2877=IFCINDEXEDPOLYCURVE(#2876,(IFCLINEINDEX((1,2,3,4,5,6,7,8,1))),$);
#2878=IFCARBITRARYCLOSEDPROFILEDEF(.AREA.,$,#2877);
#2879=IFCCARTESIANPOINT((0.,0.02500000037252903,0.));
#2880=IFCDIRECTION((0.,-1.,0.));
#2881=IFCDIRECTION((1.,0.,0.));
#2882=IFCAXIS2PLACEMENT3D(#2879,#2880,#2881);
#2883=IFCDIRECTION((0.,0.,-1.));
#2884=IFCEXTRUDEDAREASOLID(#2878,#2882,#2883,0.02500000037252903);
#2885=IFCCARTESIANPOINTLIST2D(((0.,0.),(0.,1.8319506645202637),(0.74637520313262939,1.8319506645202637),(0.74637520313262939,0.),(0.69637520238757133,0.),(0.69637520238757133,1.7819506637752056),(0.05000000074505806,1.7819506637752056),(0.05000000074505806,0.)));
#2886=IFCINDEXEDPOLYCURVE(#2885,(IFCLINEINDEX((1,2,3,4,5,6,7,8,1))),$);
#2887=IFCARBITRARYCLOSEDPROFILEDEF(.AREA.,$,#2886);
#2888=IFCCARTESIANPOINT((0.,0.,0.));
#2889=IFCDIRECTION((0.,-1.,0.));
#2890=IFCDIRECTION((1.,0.,0.));
#2891=IFCAXIS2PLACEMENT3D(#2888,#2889,#2890);
#2892=IFCDIRECTION((0.,0.,-1.));
#2893=IFCEXTRUDEDAREASOLID(#2887,#2891,#2892,0.02500000037252903);
#2894=IFCCARTESIANPOINTLIST2D(((0.,0.),(0.64637520164251328,0.),(0.64637520164251328,0.10000000149011612),(0.,0.10000000149011612)));
#2895=IFCINDEXEDPOLYCURVE(#2894,(IFCLINEINDEX((1,2,3,4,1))),$);
#2896=IFCARBITRARYCLOSEDPROFILEDEF(.AREA.,$,#2895);
#2897=IFCCARTESIANPOINT((0.05000000074505806,0.,0.));
#2898=IFCDIRECTION((0.,0.,1.));
#2899=IFCDIRECTION((1.,0.,0.));
#2900=IFCAXIS2PLACEMENT3D(#2897,#2898,#2899);
#2901=IFCDIRECTION((0.,0.,1.));
#2902=IFCEXTRUDEDAREASOLID(#2896,#2900,#2901,0.02500000037252903);
#2903=IFCCARTESIANPOINTLIST2D(((0.,0.),(0.,1.8569506667554379),(0.79637520760297775,1.8569506667554379),(0.79637520760297775,0.),(0.72137520462274551,0.),(0.72137520462274551,1.7819506637752056),(0.075000002980232239,1.7819506637752056),(0.075000002980232239,0.)));
#2904=IFCINDEXEDPOLYCURVE(#2903,(IFCLINEINDEX((1,2,3,4,5,6,7,8,1))),$);
#2905=IFCARBITRARYCLOSEDPROFILEDEF(.AREA.,$,#2904);
#2906=IFCCARTESIANPOINT((-0.025000002235174179,-0.004999999888241291,0.));
#2907=IFCDIRECTION((0.,-1.,0.));
#2908=IFCDIRECTION((1.,0.,0.));
#2909=IFCAXIS2PLACEMENT3D(#2906,#2907,#2908);
#2910=IFCDIRECTION((0.,0.,-1.));
#2911=IFCEXTRUDEDAREASOLID(#2905,#2909,#2910,0.004999999888241291);
#2912=IFCCARTESIANPOINTLIST2D(((0.,0.),(0.,1.8569506667554379),(0.79637520760297775,1.8569506667554379),(0.79637520760297775,0.),(0.74637520499527454,0.),(0.74637520499527454,1.8069506641477346),(0.050000002607703209,1.8069506641477346),(0.050000002607703209,0.)));
#2913=IFCINDEXEDPOLYCURVE(#2912,(IFCLINEINDEX((1,2,3,4,5,6,7,8,1))),$);
#2914=IFCARBITRARYCLOSEDPROFILEDEF(.AREA.,$,#2913);
#2915=IFCCARTESIANPOINT((-0.025000002235174179,0.05000000074505806,0.));
#2916=IFCDIRECTION((0.,-1.,0.));
#2917=IFCDIRECTION((1.,0.,0.));
#2918=IFCAXIS2PLACEMENT3D(#2915,#2916,#2917);
#2919=IFCDIRECTION((0.,0.,-1.));
#2920=IFCEXTRUDEDAREASOLID(#2914,#2918,#2919,0.004999999888241291);
#2921=IFCCARTESIANPOINTLIST2D(((0.,0.),(0.69637520238757133,0.),(0.69637520238757133,0.035000000149011612),(0.,0.035000000149011612)));
#2922=IFCINDEXEDPOLYCURVE(#2921,(IFCLINEINDEX((1,2,3,4,1))),$);
#2923=IFCARBITRARYCLOSEDPROFILEDEF(.AREA.,$,#2922);
#2924=IFCCARTESIANPOINT((0.02500000037252903,0.02500000037252903,0.02500000037252903));
#2925=IFCDIRECTION((0.,0.,1.));
#2926=IFCDIRECTION((1.,0.,0.));
#2927=IFCAXIS2PLACEMENT3D(#2924,#2925,#2926);
#2928=IFCDIRECTION((0.,0.,1.));
#2929=IFCEXTRUDEDAREASOLID(#2923,#2927,#2928,1.7819506637752056);
#2930=IFCCARTESIANPOINTLIST2D(((0.,0.),(0.,-0.040000000000000001),(-0.11999999999999988,-0.040000000000000001),(-0.11999999999999988,-0.02),(-0.020000000000000018,-0.02),(-0.020000000000000018,0.)));
#2931=IFCINDEXEDPOLYCURVE(#2930,(IFCLINEINDEX((1,2,3,4,5,6,1))),$);
#2932=IFCARBITRARYCLOSEDPROFILEDEF(.AREA.,$,#2931);
#2933=IFCCARTESIANPOINT((0.67137520276010032,0.02500000037252903,1.015000000372529));
#2934=IFCDIRECTION((0.,0.,1.));
#2935=IFCDIRECTION((1.,0.,0.));
#2936=IFCAXIS2PLACEMENT3D(#2933,#2934,#2935);
#2937=IFCDIRECTION((0.,0.,1.));
#2938=IFCEXTRUDEDAREASOLID(#2932,#2936,#2937,0.02);
#2939=IFCEXTRUDEDAREASOLID(#2940,#2943,#2947,0.02);
#2940=IFCARBITRARYCLOSEDPROFILEDEF(.AREA.,$,#2941);
#2941=IFCINDEXEDPOLYCURVE(#2942,(IFCLINEINDEX((1,2,3,4,5,6,1))),$);
#2942=IFCCARTESIANPOINTLIST2D(((0.,0.),(0.,0.040000000000000008),(-0.11999999999999988,0.040000000000000008),(-0.11999999999999988,0.020000000000000004),(-0.020000000000000018,0.020000000000000004),(-0.020000000000000018,0.)));
#2943=IFCAXIS2PLACEMENT3D(#2944,#2945,#2946);
#2944=IFCCARTESIANPOINT((0.67137520276010032,0.060000000521540642,1.015000000372529));
#2945=IFCDIRECTION((0.,0.,1.));
#2946=IFCDIRECTION((1.,0.,0.));
#2947=IFCDIRECTION((0.,0.,1.));
#2949=IFCSHAPEREPRESENTATION(#11,'Body','SweptSolid',(#2893,#3030,#3012,#3021,#3003,#2911,#2902,#2884,#3039,#2920));
#2950=IFCSHAPEASPECT((#2949),'Lining',$,.T.,#2807);
#2951=IFCSHAPEREPRESENTATION(#11,'Body','SweptSolid',(#2938,#3057,#3058,#2939,#3048,#2929));
#2952=IFCSHAPEASPECT((#2951),'Framing',$,.T.,#2807);
#2992=IFCCARTESIANPOINTLIST3D(((0.,0.,0.),(0.74637520313262939,0.,0.),(0.74637520313262939,0.,1.8319506645202637),(0.,0.,1.8319506645202637)));
#2993=IFCINDEXEDPOLYCURVE(#2992,(IFCLINEINDEX((1,2,3,4,1))),$);
#2994=IFCSHAPEREPRESENTATION(#18,'Profile','Curve3D',(#2993));
#2995=IFCCARTESIANPOINTLIST2D(((0.,0.),(0.,1.8319506645202637),(0.74637520313262939,1.8319506645202637),(0.74637520313262939,0.),(0.72137520276010036,0.),(0.72137520276010036,1.8069506641477346),(0.02500000037252903,1.8069506641477346),(0.02500000037252903,0.)));
#2996=IFCINDEXEDPOLYCURVE(#2995,(IFCLINEINDEX((1,2,3,4,5,6,7,8,1))),$);
#2997=IFCARBITRARYCLOSEDPROFILEDEF(.AREA.,$,#2996);
#2998=IFCCARTESIANPOINT((0.,0.02500000037252903,0.));
#2999=IFCDIRECTION((0.,-1.,0.));
#3000=IFCDIRECTION((1.,0.,0.));
#3001=IFCAXIS2PLACEMENT3D(#2998,#2999,#3000);
#3002=IFCDIRECTION((0.,0.,-1.));
#3003=IFCEXTRUDEDAREASOLID(#2997,#3001,#3002,0.02500000037252903);
#3004=IFCCARTESIANPOINTLIST2D(((0.,0.),(0.,1.8319506645202637),(0.74637520313262939,1.8319506645202637),(0.74637520313262939,0.),(0.69637520238757133,0.),(0.69637520238757133,1.7819506637752056),(0.05000000074505806,1.7819506637752056),(0.05000000074505806,0.)));
#3005=IFCINDEXEDPOLYCURVE(#3004,(IFCLINEINDEX((1,2,3,4,5,6,7,8,1))),$);
#3006=IFCARBITRARYCLOSEDPROFILEDEF(.AREA.,$,#3005);
#3007=IFCCARTESIANPOINT((0.,0.,0.));
#3008=IFCDIRECTION((0.,-1.,0.));
#3009=IFCDIRECTION((1.,0.,0.));
#3010=IFCAXIS2PLACEMENT3D(#3007,#3008,#3009);
#3011=IFCDIRECTION((0.,0.,-1.));
#3012=IFCEXTRUDEDAREASOLID(#3006,#3010,#3011,0.02500000037252903);
#3013=IFCCARTESIANPOINTLIST2D(((0.,0.),(0.64637520164251328,0.),(0.64637520164251328,0.10000000149011612),(0.,0.10000000149011612)));
#3014=IFCINDEXEDPOLYCURVE(#3013,(IFCLINEINDEX((1,2,3,4,1))),$);
#3015=IFCARBITRARYCLOSEDPROFILEDEF(.AREA.,$,#3014);
#3016=IFCCARTESIANPOINT((0.05000000074505806,0.,0.));
#3017=IFCDIRECTION((0.,0.,1.));
#3018=IFCDIRECTION((1.,0.,0.));
#3019=IFCAXIS2PLACEMENT3D(#3016,#3017,#3018);
#3020=IFCDIRECTION((0.,0.,1.));
#3021=IFCEXTRUDEDAREASOLID(#3015,#3019,#3020,0.02500000037252903);
#3022=IFCCARTESIANPOINTLIST2D(((0.,0.),(0.,1.8569506667554379),(0.79637520760297775,1.8569506667554379),(0.79637520760297775,0.),(0.72137520462274551,0.),(0.72137520462274551,1.7819506637752056),(0.075000002980232239,1.7819506637752056),(0.075000002980232239,0.)));
#3023=IFCINDEXEDPOLYCURVE(#3022,(IFCLINEINDEX((1,2,3,4,5,6,7,8,1))),$);
#3024=IFCARBITRARYCLOSEDPROFILEDEF(.AREA.,$,#3023);
#3025=IFCCARTESIANPOINT((-0.025000002235174179,-0.004999999888241291,0.));
#3026=IFCDIRECTION((0.,-1.,0.));
#3027=IFCDIRECTION((1.,0.,0.));
#3028=IFCAXIS2PLACEMENT3D(#3025,#3026,#3027);
#3029=IFCDIRECTION((0.,0.,-1.));
#3030=IFCEXTRUDEDAREASOLID(#3024,#3028,#3029,0.004999999888241291);
#3031=IFCCARTESIANPOINTLIST2D(((0.,0.),(0.,1.8569506667554379),(0.79637520760297775,1.8569506667554379),(0.79637520760297775,0.),(0.74637520499527454,0.),(0.74637520499527454,1.8069506641477346),(0.050000002607703209,1.8069506641477346),(0.050000002607703209,0.)));
#3032=IFCINDEXEDPOLYCURVE(#3031,(IFCLINEINDEX((1,2,3,4,5,6,7,8,1))),$);
#3033=IFCARBITRARYCLOSEDPROFILEDEF(.AREA.,$,#3032);
#3034=IFCCARTESIANPOINT((-0.025000002235174179,0.05000000074505806,0.));
#3035=IFCDIRECTION((0.,-1.,0.));
#3036=IFCDIRECTION((1.,0.,0.));
#3037=IFCAXIS2PLACEMENT3D(#3034,#3035,#3036);
#3038=IFCDIRECTION((0.,0.,-1.));
#3039=IFCEXTRUDEDAREASOLID(#3033,#3037,#3038,0.004999999888241291);
#3040=IFCCARTESIANPOINTLIST2D(((0.,0.),(0.69637520238757133,0.),(0.69637520238757133,0.035000000149011612),(0.,0.035000000149011612)));
#3041=IFCINDEXEDPOLYCURVE(#3040,(IFCLINEINDEX((1,2,3,4,1))),$);
#3042=IFCARBITRARYCLOSEDPROFILEDEF(.AREA.,$,#3041);
#3043=IFCCARTESIANPOINT((0.02500000037252903,0.02500000037252903,0.02500000037252903));
#3044=IFCDIRECTION((0.,0.,1.));
#3045=IFCDIRECTION((1.,0.,0.));
#3046=IFCAXIS2PLACEMENT3D(#3043,#3044,#3045);
#3047=IFCDIRECTION((0.,0.,1.));
#3048=IFCEXTRUDEDAREASOLID(#3042,#3046,#3047,1.7819506637752056);
#3049=IFCCARTESIANPOINTLIST2D(((0.,0.),(0.,-0.040000000000000001),(-0.11999999999999988,-0.040000000000000001),(-0.11999999999999988,-0.02),(-0.020000000000000018,-0.02),(-0.020000000000000018,0.)));
#3050=IFCINDEXEDPOLYCURVE(#3049,(IFCLINEINDEX((1,2,3,4,5,6,1))),$);
#3051=IFCARBITRARYCLOSEDPROFILEDEF(.AREA.,$,#3050);
#3052=IFCCARTESIANPOINT((0.67137520276010032,0.02500000037252903,1.015000000372529));
#3053=IFCDIRECTION((0.,0.,1.));
#3054=IFCDIRECTION((1.,0.,0.));
#3055=IFCAXIS2PLACEMENT3D(#3052,#3053,#3054);
#3056=IFCDIRECTION((0.,0.,1.));
#3057=IFCEXTRUDEDAREASOLID(#3051,#3055,#3056,0.02);
#3058=IFCEXTRUDEDAREASOLID(#3059,#3062,#3066,0.02);
#3059=IFCARBITRARYCLOSEDPROFILEDEF(.AREA.,$,#3060);
#3060=IFCINDEXEDPOLYCURVE(#3061,(IFCLINEINDEX((1,2,3,4,5,6,1))),$);
#3061=IFCCARTESIANPOINTLIST2D(((0.,0.),(0.,0.040000000000000008),(-0.11999999999999988,0.040000000000000008),(-0.11999999999999988,0.020000000000000004),(-0.020000000000000018,0.020000000000000004),(-0.020000000000000018,0.)));
#3062=IFCAXIS2PLACEMENT3D(#3063,#3064,#3065);
#3063=IFCCARTESIANPOINT((0.67137520276010032,0.060000000521540642,1.015000000372529));
#3064=IFCDIRECTION((0.,0.,1.));
#3065=IFCDIRECTION((1.,0.,0.));
#3066=IFCDIRECTION((0.,0.,1.));
#3067=IFCSHAPEREPRESENTATION(#11,'Body','SweptSolid',(#3003,#3012,#3048,#3057,#3058,#3021,#3030,#3039));
#3068=IFCCARTESIANPOINTLIST2D(((0.,0.),(0.,0.05000000074505806),(0.02500000037252903,0.05000000074505806),(0.02500000037252903,0.02500000037252903),(0.05000000074505806,0.02500000037252903),(0.05000000074505806,0.)));
#3069=IFCINDEXEDPOLYCURVE(#3068,(IFCLINEINDEX((1,2,3,4,5,6,1))),$);
#3070=IFCINDEXEDPOLYCURVE(#3071,(IFCLINEINDEX((1,2,3,4,5,6,1))),$);
#3071=IFCCARTESIANPOINTLIST2D(((0.74637520313262939,0.),(0.74637520313262939,0.05000000074505806),(0.72137520276010036,0.05000000074505806),(0.72137520276010036,0.02500000037252903),(0.69637520238757133,0.02500000037252903),(0.69637520238757133,0.)));
#3072=IFCDIRECTION((1.,0.));
#3073=IFCCARTESIANPOINT((0.060000000521540642,0.05000000074505806));
#3074=IFCAXIS2PLACEMENT2D(#3073,#3072);
#3075=IFCELLIPSE(#3074,0.66137520223855972,0.69637520238757133);
#3076=IFCCARTESIANPOINT((0.72137520276010036,0.05000000074505806));
#3077=IFCCARTESIANPOINT((0.060000000521540642,0.74637520313262939));
#3078=IFCTRIMMEDCURVE(#3075,(#3076),(#3077),.T.,.CARTESIAN.);
#3079=IFCCARTESIANPOINTLIST2D(((0.02500000037252903,0.05000000074505806),(0.060000000521540642,0.05000000074505806),(0.060000000521540642,0.74637520313262939),(0.02500000037252903,0.74637520313262939)));
#3080=IFCINDEXEDPOLYCURVE(#3079,(IFCLINEINDEX((1,2,3,4,1))),$);
#3081=IFCSHAPEREPRESENTATION(#24,'Body','Curve2D',(#3069,#3070,#3078,#3080));
#3082=IFCCARTESIANPOINTLIST2D(((0.,0.),(0.74637520313262939,0.),(0.74637520313262939,1.8319506645202637),(0.,1.8319506645202637)));
#3083=IFCINDEXEDPOLYCURVE(#3082,(IFCLINEINDEX((1,2,3,4,1))),$);
#3084=IFCARBITRARYCLOSEDPROFILEDEF(.AREA.,$,#3083);
#3085=IFCCARTESIANPOINT((0.,-0.60000002384185791,0.));
#3086=IFCDIRECTION((0.,-1.,0.));
#3087=IFCDIRECTION((1.,0.,0.));
#3088=IFCAXIS2PLACEMENT3D(#3085,#3086,#3087);
#3089=IFCDIRECTION((0.,0.,-1.));
#3090=IFCEXTRUDEDAREASOLID(#3084,#3088,#3089,1.2);
#3091=IFCSHAPEREPRESENTATION(#11,'Body','SweptSolid',(#3090));
#3097=IFCCARTESIANPOINT((0.063181874215601397,0.015000117206140029,0.));
#3098=IFCDIRECTION((0.,0.,1.));
#3099=IFCDIRECTION((0.99999999999999289,-1.1920928955077312E-07,0.));
#3100=IFCAXIS2PLACEMENT3D(#3097,#3098,#3099);
#3101=IFCLOCALPLACEMENT(#1367,#3100);
#3102=IFCCARTESIANPOINT((-4.4408920985006262E-16,0.,0.));
#3103=IFCDIRECTION((0.,0.,1.));
#3104=IFCDIRECTION((0.99999999999999989,0.,0.));
#3105=IFCAXIS2PLACEMENT3D(#3102,#3103,#3104);
#3106=IFCLOCALPLACEMENT(#3101,#3105);
#3107=IFCDOORTYPE('17yN2rdfzAbx3BZsHSapf1',$,'Maids - GF',$,$,(#3108),(#3110,#3118,#3196,#3433),$,$,.DOOR.,.SINGLE_SWING_LEFT.,$,$);
#3108=IFCPROPERTYSET('3Iw1vfQFrFgeBj7QtowYVc',$,'BBIM_Door',$,(#3109));
#3109=IFCPROPERTYSINGLEVALUE('Data',$,IFCTEXT('{"door_type": "SLIDING_TO_RIGHT", "overall_height": 1.8319506645202637, "overall_width": 1.3358434438705444, "lining_properties": {"lining_depth": 0.05000000074505806, "lining_thickness": 0.05000000074505806, "lining_offset": 0.0, "transom_thickness": 0.0, "casing_thickness": 0.07500000298023224, "casing_depth": 0.004999999888241291, "threshold_thickness": 0.02500000037252903, "threshold_depth": 0.10000000149011612, "threshold_offset": 0.0}, "panel_properties": {"panel_depth": 0.03500000014901161, "panel_width_ratio": 1.0}}'),$);
#3110=IFCREPRESENTATIONMAP(#3111,#3348);
#3111=IFCAXIS2PLACEMENT3D(#3112,#3113,#3114);
#3112=IFCCARTESIANPOINT((0.,0.,0.));
#3113=IFCDIRECTION((0.,0.,1.));
#3114=IFCDIRECTION((1.,0.,0.));
#3118=IFCREPRESENTATIONMAP(#3119,#3412);
#3119=IFCAXIS2PLACEMENT3D(#3120,#3121,#3122);
#3120=IFCCARTESIANPOINT((0.,0.,0.));
#3121=IFCDIRECTION((0.,0.,1.));
#3122=IFCDIRECTION((1.,0.,0.));
#3196=IFCREPRESENTATIONMAP(#3197,#3423);
#3197=IFCAXIS2PLACEMENT3D(#3198,#3199,#3200);
#3198=IFCCARTESIANPOINT((0.,0.,0.));
#3199=IFCDIRECTION((0.,0.,1.));
#3200=IFCDIRECTION((1.,0.,0.));
#3215=IFCDOOR('20hH8JMK12Hgp0plnUdMFL',$,'Door',$,$,#3472,#3225,$,1.8319506645202637,1.3358434438705444,$,.SLIDING_TO_RIGHT.,$);
#3217=IFCRELDEFINESBYTYPE('3GPnHTDDL13ADV7_X0SaK2',$,$,$,(#3215),#3107);
#3218=IFCCARTESIANPOINT((0.,0.,0.));
#3219=IFCDIRECTION((1.,0.,0.));
#3220=IFCDIRECTION((0.,1.,0.));
#3221=IFCDIRECTION((0.,0.,1.));
#3222=IFCCARTESIANTRANSFORMATIONOPERATOR3D(#3219,#3220,#3218,1.,#3221);
#3223=IFCMAPPEDITEM(#3110,#3222);
#3224=IFCSHAPEREPRESENTATION(#18,'Profile','MappedRepresentation',(#3223));
#3225=IFCPRODUCTDEFINITIONSHAPE($,$,(#3224,#3232,#3239,#3440));
#3226=IFCCARTESIANPOINT((0.,0.,0.));
#3227=IFCDIRECTION((1.,0.,0.));
#3228=IFCDIRECTION((0.,1.,0.));
#3229=IFCDIRECTION((0.,0.,1.));
#3230=IFCCARTESIANTRANSFORMATIONOPERATOR3D(#3227,#3228,#3226,1.,#3229);
#3231=IFCMAPPEDITEM(#3118,#3230);
#3232=IFCSHAPEREPRESENTATION(#11,'Body','MappedRepresentation',(#3231));
#3233=IFCCARTESIANPOINT((0.,0.,0.));
#3234=IFCDIRECTION((1.,0.,0.));
#3235=IFCDIRECTION((0.,1.,0.));
#3236=IFCDIRECTION((0.,0.,1.));
#3237=IFCCARTESIANTRANSFORMATIONOPERATOR3D(#3234,#3235,#3233,1.,#3236);
#3238=IFCMAPPEDITEM(#3196,#3237);
#3239=IFCSHAPEREPRESENTATION(#24,'Body','MappedRepresentation',(#3238));
#3240=IFCOPENINGELEMENT('0mvy0qIq5ALx4Kpo9w9Ond',$,'Opening',$,$,#3467,#3268,$,.OPENING.);
#3256=IFCCARTESIANPOINT((0.,0.,0.));
#3257=IFCDIRECTION((1.,0.,0.));
#3258=IFCDIRECTION((0.,0.,1.));
#3259=IFCAXIS2PLACEMENT3D(#3256,#3258,#3257);
#3260=IFCREPRESENTATIONMAP(#3259,#3457);
#3261=IFCCARTESIANPOINT((0.,0.,0.));
#3262=IFCDIRECTION((1.,0.,0.));
#3263=IFCDIRECTION((0.,1.,0.));
#3264=IFCDIRECTION((0.,0.,1.));
#3265=IFCCARTESIANTRANSFORMATIONOPERATOR3D(#3262,#3263,#3261,1.,#3264);
#3266=IFCMAPPEDITEM(#3260,#3265);
#3267=IFCSHAPEREPRESENTATION(#11,'Body','MappedRepresentation',(#3266));
#3268=IFCPRODUCTDEFINITIONSHAPE($,$,(#3267));
#3269=IFCRELVOIDSELEMENT('1zSPgnhQr4CeH2rv5zDN7q',$,$,$,#1733,#3240);
#3275=IFCRELFILLSELEMENT('0QqqkdIBz8aRCGNuBwk4tD',$,$,$,#3240,#3215);
#3346=IFCCARTESIANPOINTLIST3D(((0.,0.,0.),(1.3358434438705444,0.,0.),(1.3358434438705444,0.,1.8319506645202637),(0.,0.,1.8319506645202637)));
#3347=IFCINDEXEDPOLYCURVE(#3346,(IFCLINEINDEX((1,2,3,4,1))),$);
#3348=IFCSHAPEREPRESENTATION(#18,'Profile','Curve3D',(#3347));
#3349=IFCCARTESIANPOINTLIST2D(((0.,0.),(0.,1.8319506645202637),(1.3358434438705444,1.8319506645202637),(1.3358434438705444,0.),(1.2858434431254864,0.),(1.2858434431254864,1.7819506637752056),(0.05000000074505806,1.7819506637752056),(0.05000000074505806,0.)));
#3350=IFCINDEXEDPOLYCURVE(#3349,(IFCLINEINDEX((1,2,3,4,5,6,7,8,1))),$);
#3351=IFCARBITRARYCLOSEDPROFILEDEF(.AREA.,$,#3350);
#3352=IFCCARTESIANPOINT((0.,0.,0.));
#3353=IFCDIRECTION((0.,-1.,0.));
#3354=IFCDIRECTION((1.,0.,0.));
#3355=IFCAXIS2PLACEMENT3D(#3352,#3353,#3354);
#3356=IFCDIRECTION((0.,0.,-1.));
#3357=IFCEXTRUDEDAREASOLID(#3351,#3355,#3356,0.05000000074505806);
#3358=IFCCARTESIANPOINTLIST2D(((0.,0.),(1.2358434423804283,0.),(1.2358434423804283,0.10000000149011612),(0.,0.10000000149011612)));
#3359=IFCINDEXEDPOLYCURVE(#3358,(IFCLINEINDEX((1,2,3,4,1))),$);
#3360=IFCARBITRARYCLOSEDPROFILEDEF(.AREA.,$,#3359);
#3361=IFCCARTESIANPOINT((0.05000000074505806,0.,0.));
#3362=IFCDIRECTION((0.,0.,1.));
#3363=IFCDIRECTION((1.,0.,0.));
#3364=IFCAXIS2PLACEMENT3D(#3361,#3362,#3363);
#3365=IFCDIRECTION((0.,0.,1.));
#3366=IFCEXTRUDEDAREASOLID(#3360,#3364,#3365,0.02500000037252903);
#3367=IFCCARTESIANPOINTLIST2D(((0.,0.),(0.,1.8569506667554379),(1.3858434483408928,1.8569506667554379),(1.3858434483408928,0.),(1.3108434453606606,0.),(1.3108434453606606,1.7819506637752056),(0.075000002980232239,1.7819506637752056),(0.075000002980232239,0.)));
#3368=IFCINDEXEDPOLYCURVE(#3367,(IFCLINEINDEX((1,2,3,4,5,6,7,8,1))),$);
#3369=IFCARBITRARYCLOSEDPROFILEDEF(.AREA.,$,#3368);
#3370=IFCCARTESIANPOINT((-0.025000002235174179,-0.004999999888241291,0.));
#3371=IFCDIRECTION((0.,-1.,0.));
#3372=IFCDIRECTION((1.,0.,0.));
#3373=IFCAXIS2PLACEMENT3D(#3370,#3371,#3372);
#3374=IFCDIRECTION((0.,0.,-1.));
#3375=IFCEXTRUDEDAREASOLID(#3369,#3373,#3374,0.004999999888241291);
#3376=IFCCARTESIANPOINTLIST2D(((0.,0.),(0.,1.8569506667554379),(1.3858434483408928,1.8569506667554379),(1.3858434483408928,0.),(1.3108434453606606,0.),(1.3108434453606606,1.7819506637752056),(0.075000002980232239,1.7819506637752056),(0.075000002980232239,0.)));
#3377=IFCINDEXEDPOLYCURVE(#3376,(IFCLINEINDEX((1,2,3,4,5,6,7,8,1))),$);
#3378=IFCARBITRARYCLOSEDPROFILEDEF(.AREA.,$,#3377);
#3379=IFCCARTESIANPOINT((-0.025000002235174179,0.05000000074505806,0.));
#3380=IFCDIRECTION((0.,-1.,0.));
#3381=IFCDIRECTION((1.,0.,0.));
#3382=IFCAXIS2PLACEMENT3D(#3379,#3380,#3381);
#3383=IFCDIRECTION((0.,0.,-1.));
#3384=IFCEXTRUDEDAREASOLID(#3378,#3382,#3383,0.004999999888241291);
#3385=IFCCARTESIANPOINTLIST2D(((0.,0.),(1.2358434423804283,0.),(1.2358434423804283,0.035000000149011612),(0.,0.035000000149011612)));
#3386=IFCINDEXEDPOLYCURVE(#3385,(IFCLINEINDEX((1,2,3,4,1))),$);
#3387=IFCARBITRARYCLOSEDPROFILEDEF(.AREA.,$,#3386);
#3388=IFCCARTESIANPOINT((0.05000000074505806,-0.035000000149011612,0.02500000037252903));
#3389=IFCDIRECTION((0.,0.,1.));
#3390=IFCDIRECTION((1.,0.,0.));
#3391=IFCAXIS2PLACEMENT3D(#3388,#3389,#3390);
#3392=IFCDIRECTION((0.,0.,1.));
#3393=IFCEXTRUDEDAREASOLID(#3387,#3391,#3392,1.7569506634026766);
#3394=IFCCARTESIANPOINTLIST2D(((0.,0.),(0.,-0.040000000000000001),(0.12,-0.040000000000000001),(0.12,-0.02),(0.02,-0.02),(0.02,0.)));
#3395=IFCINDEXEDPOLYCURVE(#3394,(IFCLINEINDEX((1,2,3,4,5,6,1))),$);
#3396=IFCARBITRARYCLOSEDPROFILEDEF(.AREA.,$,#3395);
#3397=IFCCARTESIANPOINT((0.10000000074505806,-0.035000000149011612,1.015000000372529));
#3398=IFCDIRECTION((0.,0.,1.));
#3399=IFCDIRECTION((1.,0.,0.));
#3400=IFCAXIS2PLACEMENT3D(#3397,#3398,#3399);
#3401=IFCDIRECTION((0.,0.,1.));
#3402=IFCEXTRUDEDAREASOLID(#3396,#3400,#3401,0.02);
#3403=IFCEXTRUDEDAREASOLID(#3404,#3407,#3411,0.02);
#3404=IFCARBITRARYCLOSEDPROFILEDEF(.AREA.,$,#3405);
#3405=IFCINDEXEDPOLYCURVE(#3406,(IFCLINEINDEX((1,2,3,4,5,6,1))),$);
#3406=IFCCARTESIANPOINTLIST2D(((0.,0.),(0.,0.040000000000000008),(0.11999999999999998,0.040000000000000008),(0.11999999999999998,0.020000000000000004),(0.020000000000000004,0.020000000000000004),(0.020000000000000004,0.)));
#3407=IFCAXIS2PLACEMENT3D(#3408,#3409,#3410);
#3408=IFCCARTESIANPOINT((0.10000000074505806,0.,1.015000000372529));
#3409=IFCDIRECTION((0.,0.,1.));
#3410=IFCDIRECTION((1.,0.,0.));
#3411=IFCDIRECTION((0.,0.,1.));
#3412=IFCSHAPEREPRESENTATION(#11,'Body','SweptSolid',(#3357,#3393,#3402,#3403,#3366,#3375,#3384));
#3413=IFCSHAPEREPRESENTATION(#11,'Body','SweptSolid',(#3357,#3366,#3375,#3384));
#3414=IFCSHAPEASPECT((#3413),'Lining',$,.T.,#3225);
#3415=IFCSHAPEREPRESENTATION(#11,'Body','SweptSolid',(#3393,#3402,#3403));
#3416=IFCSHAPEASPECT((#3415),'Framing',$,.T.,#3225);
#3417=IFCCARTESIANPOINTLIST2D(((0.,0.),(0.05000000074505806,0.),(0.05000000074505806,0.05000000074505806),(0.,0.05000000074505806)));
#3418=IFCINDEXEDPOLYCURVE(#3417,(IFCLINEINDEX((1,2,3,4,1))),$);
#3419=IFCINDEXEDPOLYCURVE(#3420,(IFCLINEINDEX((1,2,3,4,1))),$);
#3420=IFCCARTESIANPOINTLIST2D(((1.3358434438705444,0.),(1.2858434431254864,0.),(1.2858434431254864,0.05000000074505806),(1.3358434438705444,0.05000000074505806)));
#3421=IFCCARTESIANPOINTLIST2D(((1.9037651643157005,-0.035000000149011612),(0.66792172193527222,-0.035000000149011612),(0.66792172193527222,0.),(1.9037651643157005,0.)));
#3422=IFCINDEXEDPOLYCURVE(#3421,(IFCLINEINDEX((1,2,3,4,1))),$);
#3423=IFCSHAPEREPRESENTATION(#24,'Body','Curve2D',(#3418,#3419,#3422));
#3424=IFCCARTESIANPOINTLIST2D(((0.48254520557820796,-0.081587428267465345),(0.85329823829233653,-0.081587428267465345)));
#3425=IFCINDEXEDPOLYCURVE(#3424,$,$);
#3426=IFCCARTESIANPOINTLIST2D(((0.51254520557820793,-0.050529142855162856),(0.48254520557820796,-0.081587428267465345),(0.51254520557820793,-0.11264571367976783)));
#3427=IFCINDEXEDPOLYCURVE(#3426,$,$);
#3428=IFCSHAPEREPRESENTATION(#25,'Annotation','Curve2D',(#3425,#3427));
#3429=IFCCARTESIANPOINT((0.,0.,0.));
#3430=IFCDIRECTION((1.,0.,0.));
#3431=IFCDIRECTION((0.,0.,1.));
#3432=IFCAXIS2PLACEMENT3D(#3429,#3431,#3430);
#3433=IFCREPRESENTATIONMAP(#3432,#3428);
#3434=IFCCARTESIANPOINT((0.,0.,0.));
#3435=IFCDIRECTION((1.,0.,0.));
#3436=IFCDIRECTION((0.,1.,0.));
#3437=IFCDIRECTION((0.,0.,1.));
#3438=IFCCARTESIANTRANSFORMATIONOPERATOR3D(#3435,#3436,#3434,1.,#3437);
#3439=IFCMAPPEDITEM(#3433,#3438);
#3440=IFCSHAPEREPRESENTATION(#25,'Annotation','MappedRepresentation',(#3439));
#3448=IFCCARTESIANPOINTLIST2D(((0.,0.),(1.3358434438705444,0.),(1.3358434438705444,1.8319506645202637),(0.,1.8319506645202637)));
#3449=IFCINDEXEDPOLYCURVE(#3448,(IFCLINEINDEX((1,2,3,4,1))),$);
#3450=IFCARBITRARYCLOSEDPROFILEDEF(.AREA.,$,#3449);
#3451=IFCCARTESIANPOINT((0.,-0.60000002384185791,0.));
#3452=IFCDIRECTION((0.,-1.,0.));
#3453=IFCDIRECTION((1.,0.,0.));
#3454=IFCAXIS2PLACEMENT3D(#3451,#3452,#3453);
#3455=IFCDIRECTION((0.,0.,-1.));
#3456=IFCEXTRUDEDAREASOLID(#3450,#3454,#3455,1.2);
#3457=IFCSHAPEREPRESENTATION(#11,'Body','SweptSolid',(#3456));
#3463=IFCCARTESIANPOINT((0.076715463397711625,5.0671119478096216E-07,0.));
#3464=IFCDIRECTION((0.,0.,1.));
#3465=IFCDIRECTION((0.99999999999997158,-2.3841857910149749E-07,0.));
#3466=IFCAXIS2PLACEMENT3D(#3463,#3464,#3465);
#3467=IFCLOCALPLACEMENT(#2051,#3466);
#3468=IFCCARTESIANPOINT((-2.2204460492503131E-16,0.,0.));
#3469=IFCDIRECTION((0.,0.,1.));
#3470=IFCDIRECTION((1.,0.,0.));
#3471=IFCAXIS2PLACEMENT3D(#3468,#3469,#3470);
#3472=IFCLOCALPLACEMENT(#3467,#3471);
#3473=IFCWINDOWTYPE('1YQ2F7CfPEUw6afwG$dSLE',$,'Living - GF',$,$,(#3474),(#3483,#3531,#3553),$,$,.WINDOW.,.SINGLE_PANEL.,$,$);
#3474=IFCPROPERTYSET('3VoZohFJjAXOOf2GTy8_Mc',$,'BBIM_Window',$,(#3475));
#3475=IFCPROPERTYSINGLEVALUE('Data',$,IFCTEXT('{"window_type": "SINGLE_PANEL", "overall_height": 1.1377971172332764, "overall_width": 0.6751013994216919, "lining_properties": {"lining_depth": 0.05000000074505806, "lining_thickness": 0.05000000074505806, "lining_offset": 0.05000000074505806, "lining_to_panel_offset_x": 0.02500000037252903, "lining_to_panel_offset_y": 0.02500000037252903}, "panel_properties": {"frame_depth": [0.03500000014901161, 0.03500000014901161, 0.03500000014901161], "frame_thickness": [0.03500000014901161, 0.03500000014901161, 0.03500000014901161]}}'),$);
#3479=IFCCARTESIANPOINT((0.,0.,0.));
#3480=IFCDIRECTION((1.,0.,0.));
#3481=IFCDIRECTION((0.,0.,1.));
#3482=IFCAXIS2PLACEMENT3D(#3479,#3481,#3480);
#3483=IFCREPRESENTATIONMAP(#3482,#3797);
#3527=IFCCARTESIANPOINT((0.,0.,0.));
#3528=IFCDIRECTION((1.,0.,0.));
#3529=IFCDIRECTION((0.,0.,1.));
#3530=IFCAXIS2PLACEMENT3D(#3527,#3529,#3528);
#3531=IFCREPRESENTATIONMAP(#3530,#3840);
#3549=IFCCARTESIANPOINT((0.,0.,0.));
#3550=IFCDIRECTION((1.,0.,0.));
#3551=IFCDIRECTION((0.,0.,1.));
#3552=IFCAXIS2PLACEMENT3D(#3549,#3551,#3550);
#3553=IFCREPRESENTATIONMAP(#3552,#3857);
#3620=IFCWINDOW('15ngkPeun8SPz4k7lyyPQQ',$,'Window',$,$,#3882,#3630,$,1.1377971172332764,0.67510139942169189,$,.SINGLE_PANEL.,$);
#3622=IFCRELDEFINESBYTYPE('2ldmIP0Y96TeehfZUIhx5$',$,$,$,(#3620),#3473);
#3623=IFCCARTESIANPOINT((0.,0.,0.));
#3624=IFCDIRECTION((1.,0.,0.));
#3625=IFCDIRECTION((0.,1.,0.));
#3626=IFCDIRECTION((0.,0.,1.));
#3627=IFCCARTESIANTRANSFORMATIONOPERATOR3D(#3624,#3625,#3623,1.,#3626);
#3628=IFCMAPPEDITEM(#3483,#3627);
#3629=IFCSHAPEREPRESENTATION(#18,'Profile','MappedRepresentation',(#3628));
#3630=IFCPRODUCTDEFINITIONSHAPE($,$,(#3629,#3637,#3644));
#3631=IFCCARTESIANPOINT((0.,0.,0.));
#3632=IFCDIRECTION((1.,0.,0.));
#3633=IFCDIRECTION((0.,1.,0.));
#3634=IFCDIRECTION((0.,0.,1.));
#3635=IFCCARTESIANTRANSFORMATIONOPERATOR3D(#3632,#3633,#3631,1.,#3634);
#3636=IFCMAPPEDITEM(#3531,#3635);
#3637=IFCSHAPEREPRESENTATION(#11,'Body','MappedRepresentation',(#3636));
#3638=IFCCARTESIANPOINT((0.,0.,0.));
#3639=IFCDIRECTION((1.,0.,0.));
#3640=IFCDIRECTION((0.,1.,0.));
#3641=IFCDIRECTION((0.,0.,1.));
#3642=IFCCARTESIANTRANSFORMATIONOPERATOR3D(#3639,#3640,#3638,1.,#3641);
#3643=IFCMAPPEDITEM(#3553,#3642);
#3644=IFCSHAPEREPRESENTATION(#24,'Body','MappedRepresentation',(#3643));
#3645=IFCOPENINGELEMENT('2sCRgIUun4ehlykXDAyaZz',$,'Opening',$,$,#3877,#3673,$,.OPENING.);
#3661=IFCCARTESIANPOINT((0.,0.,0.));
#3662=IFCDIRECTION((1.,0.,0.));
#3663=IFCDIRECTION((0.,0.,1.));
#3664=IFCAXIS2PLACEMENT3D(#3661,#3663,#3662);
#3665=IFCREPRESENTATIONMAP(#3664,#3867);
#3666=IFCCARTESIANPOINT((0.,0.,0.));
#3667=IFCDIRECTION((1.,0.,0.));
#3668=IFCDIRECTION((0.,1.,0.));
#3669=IFCDIRECTION((0.,0.,1.));
#3670=IFCCARTESIANTRANSFORMATIONOPERATOR3D(#3667,#3668,#3666,1.,#3669);
#3671=IFCMAPPEDITEM(#3665,#3670);
#3672=IFCSHAPEREPRESENTATION(#11,'Body','MappedRepresentation',(#3671));
#3673=IFCPRODUCTDEFINITIONSHAPE($,$,(#3672));
#3674=IFCRELVOIDSELEMENT('0pXY1QlNvC0Bc$ZOHZZdvD',$,$,$,#87,#3645);
#3680=IFCRELFILLSELEMENT('3Ddlo6XY92vuL0I1zaX91R',$,$,$,#3645,#3620);
#3704=IFCCARTESIANPOINTLIST2D(((0.,0.),(0.67510139942169189,0.),(0.67510139942169189,0.89999997615814209),(0.,0.89999997615814209)));
#3705=IFCINDEXEDPOLYCURVE(#3704,(IFCLINEINDEX((1,2,3,4,1))),$);
#3706=IFCCARTESIANPOINTLIST2D(((0.02500000037252903,0.02500000037252903),(0.65010139904916286,0.02500000037252903),(0.65010139904916286,0.87499997578561306),(0.02500000037252903,0.87499997578561306)));
#3707=IFCINDEXEDPOLYCURVE(#3706,(IFCLINEINDEX((1,2,3,4,1))),$);
#3708=IFCARBITRARYPROFILEDEFWITHVOIDS(.AREA.,$,#3705,(#3707));
#3709=IFCCARTESIANPOINT((0.,0.090000001713633537,0.));
#3710=IFCDIRECTION((0.,-1.,0.));
#3711=IFCDIRECTION((1.,0.,0.));
#3712=IFCAXIS2PLACEMENT3D(#3709,#3710,#3711);
#3713=IFCDIRECTION((0.,0.,-1.));
#3714=IFCEXTRUDEDAREASOLID(#3708,#3712,#3713,0.0099999997764825821);
#3715=IFCCARTESIANPOINTLIST2D(((0.,0.),(0.67510139942169189,0.),(0.67510139942169189,0.89999997615814209),(0.,0.89999997615814209)));
#3716=IFCINDEXEDPOLYCURVE(#3715,(IFCLINEINDEX((1,2,3,4,1))),$);
#3717=IFCCARTESIANPOINTLIST2D(((0.05000000074505806,0.05000000074505806),(0.62510139867663383,0.05000000074505806),(0.62510139867663383,0.84999997541308403),(0.05000000074505806,0.84999997541308403)));
#3718=IFCINDEXEDPOLYCURVE(#3717,(IFCLINEINDEX((1,2,3,4,1))),$);
#3719=IFCARBITRARYPROFILEDEFWITHVOIDS(.AREA.,$,#3716,(#3718));
#3720=IFCCARTESIANPOINT((0.,0.05000000074505806,0.));
#3721=IFCDIRECTION((0.,-1.,0.));
#3722=IFCDIRECTION((1.,0.,0.));
#3723=IFCAXIS2PLACEMENT3D(#3720,#3721,#3722);
#3724=IFCDIRECTION((0.,0.,-1.));
#3725=IFCEXTRUDEDAREASOLID(#3719,#3723,#3724,0.040000000968575478);
#3726=IFCCARTESIANPOINTLIST2D(((0.,0.),(0.62510139867663383,0.),(0.62510139867663383,0.84999997541308403),(0.,0.84999997541308403)));
#3727=IFCINDEXEDPOLYCURVE(#3726,(IFCLINEINDEX((1,2,3,4,1))),$);
#3728=IFCCARTESIANPOINTLIST2D(((0.035000000149011612,0.035000000149011612),(0.59010139852762222,0.035000000149011612),(0.59010139852762222,0.81499997526407242),(0.035000000149011612,0.81499997526407242)));
#3729=IFCINDEXEDPOLYCURVE(#3728,(IFCLINEINDEX((1,2,3,4,1))),$);
#3730=IFCARBITRARYPROFILEDEFWITHVOIDS(.AREA.,$,#3727,(#3729));
#3731=IFCCARTESIANPOINT((0.02500000037252903,0.090000001713633537,0.02500000037252903));
#3732=IFCDIRECTION((0.,-1.,0.));
#3733=IFCDIRECTION((1.,0.,0.));
#3734=IFCAXIS2PLACEMENT3D(#3731,#3732,#3733);
#3735=IFCDIRECTION((0.,0.,-1.));
#3736=IFCEXTRUDEDAREASOLID(#3730,#3734,#3735,0.035000000149011612);
#3737=IFCINDEXEDPOLYCURVE(#3738,(IFCLINEINDEX((1,2,3,4,1))),$);
#3738=IFCCARTESIANPOINTLIST2D(((0.035000000149011612,0.035000000149011612),(0.59010139852762222,0.035000000149011612),(0.59010139852762222,0.81499997526407242),(0.035000000149011612,0.81499997526407242)));
#3739=IFCARBITRARYCLOSEDPROFILEDEF(.AREA.,$,#3737);
#3740=IFCCARTESIANPOINT((0.02500000037252903,0.10250000178813934,0.02500000037252903));
#3741=IFCDIRECTION((0.,-1.,0.));
#3742=IFCDIRECTION((1.,0.,0.));
#3743=IFCAXIS2PLACEMENT3D(#3740,#3741,#3742);
#3744=IFCDIRECTION((0.,0.,-1.));
#3745=IFCEXTRUDEDAREASOLID(#3739,#3743,#3744,0.01);
#3747=IFCSHAPEREPRESENTATION(#11,'Body','SweptSolid',(#3819,#3808,#3714,#3725));
#3748=IFCSHAPEASPECT((#3747),'Lining',$,.T.,#3630);
#3749=IFCSHAPEREPRESENTATION(#11,'Body','SweptSolid',(#3830,#3736));
#3750=IFCSHAPEASPECT((#3749),'Framing',$,.T.,#3630);
#3751=IFCSHAPEREPRESENTATION(#11,'Body','SweptSolid',(#3839,#3745));
#3752=IFCSHAPEASPECT((#3751),'Glazing',$,.T.,#3630);
#3795=IFCCARTESIANPOINTLIST3D(((0.,0.,0.),(0.67510139942169189,0.,0.),(0.67510139942169189,0.,1.1377971172332764),(0.,0.,1.1377971172332764)));
#3796=IFCINDEXEDPOLYCURVE(#3795,(IFCLINEINDEX((1,2,3,4,1))),$);
#3797=IFCSHAPEREPRESENTATION(#18,'Profile','Curve3D',(#3796));
#3798=IFCCARTESIANPOINTLIST2D(((0.,0.),(0.67510139942169189,0.),(0.67510139942169189,1.1377971172332764),(0.,1.1377971172332764)));
#3799=IFCINDEXEDPOLYCURVE(#3798,(IFCLINEINDEX((1,2,3,4,1))),$);
#3800=IFCCARTESIANPOINTLIST2D(((0.02500000037252903,0.02500000037252903),(0.65010139904916286,0.02500000037252903),(0.65010139904916286,1.1127971168607473),(0.02500000037252903,1.1127971168607473)));
#3801=IFCINDEXEDPOLYCURVE(#3800,(IFCLINEINDEX((1,2,3,4,1))),$);
#3802=IFCARBITRARYPROFILEDEFWITHVOIDS(.AREA.,$,#3799,(#3801));
#3803=IFCCARTESIANPOINT((0.,0.090000001713633537,0.));
#3804=IFCDIRECTION((0.,-1.,0.));
#3805=IFCDIRECTION((1.,0.,0.));
#3806=IFCAXIS2PLACEMENT3D(#3803,#3804,#3805);
#3807=IFCDIRECTION((0.,0.,-1.));
#3808=IFCEXTRUDEDAREASOLID(#3802,#3806,#3807,0.0099999997764825821);
#3809=IFCCARTESIANPOINTLIST2D(((0.,0.),(0.67510139942169189,0.),(0.67510139942169189,1.1377971172332764),(0.,1.1377971172332764)));
#3810=IFCINDEXEDPOLYCURVE(#3809,(IFCLINEINDEX((1,2,3,4,1))),$);
#3811=IFCCARTESIANPOINTLIST2D(((0.05000000074505806,0.05000000074505806),(0.62510139867663383,0.05000000074505806),(0.62510139867663383,1.0877971164882183),(0.05000000074505806,1.0877971164882183)));
#3812=IFCINDEXEDPOLYCURVE(#3811,(IFCLINEINDEX((1,2,3,4,1))),$);
#3813=IFCARBITRARYPROFILEDEFWITHVOIDS(.AREA.,$,#3810,(#3812));
#3814=IFCCARTESIANPOINT((0.,0.05000000074505806,0.));
#3815=IFCDIRECTION((0.,-1.,0.));
#3816=IFCDIRECTION((1.,0.,0.));
#3817=IFCAXIS2PLACEMENT3D(#3814,#3815,#3816);
#3818=IFCDIRECTION((0.,0.,-1.));
#3819=IFCEXTRUDEDAREASOLID(#3813,#3817,#3818,0.040000000968575478);
#3820=IFCCARTESIANPOINTLIST2D(((0.,0.),(0.62510139867663383,0.),(0.62510139867663383,1.0877971164882183),(0.,1.0877971164882183)));
#3821=IFCINDEXEDPOLYCURVE(#3820,(IFCLINEINDEX((1,2,3,4,1))),$);
#3822=IFCCARTESIANPOINTLIST2D(((0.035000000149011612,0.035000000149011612),(0.59010139852762222,0.035000000149011612),(0.59010139852762222,1.0527971163392067),(0.035000000149011612,1.0527971163392067)));
#3823=IFCINDEXEDPOLYCURVE(#3822,(IFCLINEINDEX((1,2,3,4,1))),$);
#3824=IFCARBITRARYPROFILEDEFWITHVOIDS(.AREA.,$,#3821,(#3823));
#3825=IFCCARTESIANPOINT((0.02500000037252903,0.090000001713633537,0.02500000037252903));
#3826=IFCDIRECTION((0.,-1.,0.));
#3827=IFCDIRECTION((1.,0.,0.));
#3828=IFCAXIS2PLACEMENT3D(#3825,#3826,#3827);
#3829=IFCDIRECTION((0.,0.,-1.));
#3830=IFCEXTRUDEDAREASOLID(#3824,#3828,#3829,0.035000000149011612);
#3831=IFCINDEXEDPOLYCURVE(#3832,(IFCLINEINDEX((1,2,3,4,1))),$);
#3832=IFCCARTESIANPOINTLIST2D(((0.035000000149011612,0.035000000149011612),(0.59010139852762222,0.035000000149011612),(0.59010139852762222,1.0527971163392067),(0.035000000149011612,1.0527971163392067)));
#3833=IFCARBITRARYCLOSEDPROFILEDEF(.AREA.,$,#3831);
#3834=IFCCARTESIANPOINT((0.02500000037252903,0.10250000178813934,0.02500000037252903));
#3835=IFCDIRECTION((0.,-1.,0.));
#3836=IFCDIRECTION((1.,0.,0.));
#3837=IFCAXIS2PLACEMENT3D(#3834,#3835,#3836);
#3838=IFCDIRECTION((0.,0.,-1.));
#3839=IFCEXTRUDEDAREASOLID(#3833,#3837,#3838,0.01);
#3840=IFCSHAPEREPRESENTATION(#11,'Body','SweptSolid',(#3808,#3819,#3830,#3839));
#3841=IFCCARTESIANPOINTLIST2D(((0.05000000074505806,0.05000000074505806),(0.62510139867663383,0.05000000074505806)));
#3842=IFCINDEXEDPOLYCURVE(#3841,$,$);
#3843=IFCCARTESIANPOINTLIST2D(((0.,0.10000000149011612),(0.02500000037252903,0.10000000149011612),(0.02500000037252903,0.090000001713633537),(0.05000000074505806,0.090000001713633537),(0.05000000074505806,0.05000000074505806),(0.,0.05000000074505806)));
#3844=IFCINDEXEDPOLYCURVE(#3843,(IFCLINEINDEX((1,2,3,4,5,6,1))),$);
#3845=IFCCARTESIANPOINTLIST2D(((0.67510139942169189,0.10000000149011612),(0.65010139904916286,0.10000000149011612),(0.65010139904916286,0.090000001713633537),(0.62510139867663383,0.090000001713633537),(0.62510139867663383,0.05000000074505806),(0.67510139942169189,0.05000000074505806)));
#3846=IFCINDEXEDPOLYCURVE(#3845,(IFCLINEINDEX((1,2,3,4,5,6,1))),$);
#3847=IFCCARTESIANPOINTLIST2D(((0.02500000037252903,0.090000001713633537),(0.060000000521540642,0.090000001713633537),(0.060000000521540642,0.12500000186264515),(0.02500000037252903,0.12500000186264515)));
#3848=IFCINDEXEDPOLYCURVE(#3847,(IFCLINEINDEX((1,2,3,4,1))),$);
#3849=IFCINDEXEDPOLYCURVE(#3850,(IFCLINEINDEX((1,2,3,4,1))),$);
#3850=IFCCARTESIANPOINTLIST2D(((0.65010139904916286,0.090000001713633537),(0.61510139890015125,0.090000001713633537),(0.61510139890015125,0.12500000186264515),(0.65010139904916286,0.12500000186264515)));
#3851=IFCCARTESIANPOINTLIST2D(((0.060000000521540642,0.090000001713633537),(0.61510139890015125,0.090000001713633537)));
#3852=IFCINDEXEDPOLYCURVE(#3851,$,$);
#3853=IFCINDEXEDPOLYCURVE(#3854,$,$);
#3854=IFCCARTESIANPOINTLIST2D(((0.060000000521540642,0.12500000186264515),(0.61510139890015125,0.12500000186264515)));
#3855=IFCINDEXEDPOLYCURVE(#3856,$,$);
#3856=IFCCARTESIANPOINTLIST2D(((0.060000000521540642,0.10750000178813934),(0.61510139890015125,0.10750000178813934)));
#3857=IFCSHAPEREPRESENTATION(#24,'Body','Curve2D',(#3842,#3844,#3846,#3848,#3849,#3852,#3853,#3855));
#3858=IFCCARTESIANPOINTLIST2D(((0.,0.),(0.67510139942169189,0.),(0.67510139942169189,1.1377971172332764),(0.,1.1377971172332764)));
#3859=IFCINDEXEDPOLYCURVE(#3858,(IFCLINEINDEX((1,2,3,4,1))),$);
#3860=IFCARBITRARYCLOSEDPROFILEDEF(.AREA.,$,#3859);
#3861=IFCCARTESIANPOINT((0.,-0.60000002384185791,0.));
#3862=IFCDIRECTION((0.,-1.,0.));
#3863=IFCDIRECTION((1.,0.,0.));
#3864=IFCAXIS2PLACEMENT3D(#3861,#3862,#3863);
#3865=IFCDIRECTION((0.,0.,-1.));
#3866=IFCEXTRUDEDAREASOLID(#3860,#3864,#3865,1.2);
#3867=IFCSHAPEREPRESENTATION(#11,'Body','SweptSolid',(#3866));
#3873=IFCCARTESIANPOINT((1.777974933385849,2.384185791015625E-07,1.));
#3874=IFCDIRECTION((0.,0.,1.));
#3875=IFCDIRECTION((0.99999999999997158,-2.3841857910155572E-07,0.));
#3876=IFCAXIS2PLACEMENT3D(#3873,#3874,#3875);
#3877=IFCLOCALPLACEMENT(#100,#3876);
#3878=IFCCARTESIANPOINT((8.8817841970012523E-16,0.,0.));
#3879=IFCDIRECTION((0.,0.,1.));
#3880=IFCDIRECTION((1.,0.,0.));
#3881=IFCAXIS2PLACEMENT3D(#3878,#3879,#3880);
#3882=IFCLOCALPLACEMENT(#3877,#3881);
#3883=IFCWINDOWTYPE('0a4cmT5dX2rPG7KAUoo3LZ',$,'Guest-1-GF',$,$,(#3884),(#3886,#3894,#3942),$,$,.WINDOW.,.SINGLE_PANEL.,$,$);
#3884=IFCPROPERTYSET('2qG6Y4P5T1ZvQka1WygSqL',$,'BBIM_Window',$,(#3885));
#3885=IFCPROPERTYSINGLEVALUE('Data',$,IFCTEXT('{"window_type": "DOUBLE_PANEL_VERTICAL", "overall_height": 1.1377971172332764, "overall_width": 1.1899967193603516, "lining_properties": {"lining_depth": 0.05000000074505806, "lining_thickness": 0.05000000074505806, "lining_offset": 0.05000000074505806, "lining_to_panel_offset_x": 0.02500000037252903, "lining_to_panel_offset_y": 0.02500000037252903, "mullion_thickness": 0.05000000074505806, "first_mullion_offset": 0.6018311381340027}, "panel_properties": {"frame_depth": [0.03500000014901161, 0.03500000014901161, 0.03500000014901161], "frame_thickness": [0.03500000014901161, 0.03500000014901161, 0.03500000014901161]}}'),$);
#3886=IFCREPRESENTATIONMAP(#3887,#4180);
#3887=IFCAXIS2PLACEMENT3D(#3888,#3889,#3890);
#3888=IFCCARTESIANPOINT((0.,0.,0.));
#3889=IFCDIRECTION((0.,0.,1.));
#3890=IFCDIRECTION((1.,0.,0.));
#3894=IFCREPRESENTATIONMAP(#3895,#4261);
#3895=IFCAXIS2PLACEMENT3D(#3896,#3897,#3898);
#3896=IFCCARTESIANPOINT((0.,0.,0.));
#3897=IFCDIRECTION((0.,0.,1.));
#3898=IFCDIRECTION((1.,0.,0.));
#3942=IFCREPRESENTATIONMAP(#3943,#4294);
#3943=IFCAXIS2PLACEMENT3D(#3944,#3945,#3946);
#3944=IFCCARTESIANPOINT((0.,0.,0.));
#3945=IFCDIRECTION((0.,0.,1.));
#3946=IFCDIRECTION((1.,0.,0.));
#3964=IFCWINDOW('2sp1mVqiv15v9Sfb28MJFO',$,'Window',$,$,#4866,#3974,$,1.1377971172332764,1.1899967193603516,$,.DOUBLE_PANEL_VERTICAL.,$);
#3966=IFCRELDEFINESBYTYPE('0vhi98E7TAmu6pk8cbIGjq',$,$,$,(#3964),#3883);
#3967=IFCCARTESIANPOINT((0.,0.,0.));
#3968=IFCDIRECTION((1.,0.,0.));
#3969=IFCDIRECTION((0.,1.,0.));
#3970=IFCDIRECTION((0.,0.,1.));
#3971=IFCCARTESIANTRANSFORMATIONOPERATOR3D(#3968,#3969,#3967,1.,#3970);
#3972=IFCMAPPEDITEM(#3886,#3971);
#3973=IFCSHAPEREPRESENTATION(#18,'Profile','MappedRepresentation',(#3972));
#3974=IFCPRODUCTDEFINITIONSHAPE($,$,(#3973,#3981,#3988));
#3975=IFCCARTESIANPOINT((0.,0.,0.));
#3976=IFCDIRECTION((1.,0.,0.));
#3977=IFCDIRECTION((0.,1.,0.));
#3978=IFCDIRECTION((0.,0.,1.));
#3979=IFCCARTESIANTRANSFORMATIONOPERATOR3D(#3976,#3977,#3975,1.,#3978);
#3980=IFCMAPPEDITEM(#3894,#3979);
#3981=IFCSHAPEREPRESENTATION(#11,'Body','MappedRepresentation',(#3980));
#3982=IFCCARTESIANPOINT((0.,0.,0.));
#3983=IFCDIRECTION((1.,0.,0.));
#3984=IFCDIRECTION((0.,1.,0.));
#3985=IFCDIRECTION((0.,0.,1.));
#3986=IFCCARTESIANTRANSFORMATIONOPERATOR3D(#3983,#3984,#3982,1.,#3985);
#3987=IFCMAPPEDITEM(#3942,#3986);
#3988=IFCSHAPEREPRESENTATION(#24,'Body','MappedRepresentation',(#3987));
#3989=IFCOPENINGELEMENT('2W_1vjljT5q9ZYYyTv_tT5',$,'Opening',$,$,#4329,#4017,$,.OPENING.);
#4005=IFCCARTESIANPOINT((0.,0.,0.));
#4006=IFCDIRECTION((1.,0.,0.));
#4007=IFCDIRECTION((0.,0.,1.));
#4008=IFCAXIS2PLACEMENT3D(#4005,#4007,#4006);
#4009=IFCREPRESENTATIONMAP(#4008,#4304);
#4010=IFCCARTESIANPOINT((0.,0.,0.));
#4011=IFCDIRECTION((1.,0.,0.));
#4012=IFCDIRECTION((0.,1.,0.));
#4013=IFCDIRECTION((0.,0.,1.));
#4014=IFCCARTESIANTRANSFORMATIONOPERATOR3D(#4011,#4012,#4010,1.,#4013);
#4015=IFCMAPPEDITEM(#4009,#4014);
#4016=IFCSHAPEREPRESENTATION(#11,'Body','MappedRepresentation',(#4015));
#4017=IFCPRODUCTDEFINITIONSHAPE($,$,(#4016));
#4018=IFCRELVOIDSELEMENT('3jDsXT6713Hue9jP6s6th8',$,$,$,#667,#3989);
#4024=IFCRELFILLSELEMENT('1dGZTZBHz378aTC_VB3smM',$,$,$,#3989,#3964);
#4033=IFCCARTESIANPOINTLIST2D(((0.30000001192092896,0.),(0.,0.),(0.,1.1377971172332764),(0.30000001192092896,1.1377971172332764),(0.30000001192092896,1.1127971168607473),(0.02500000037252903,1.1127971168607473),(0.02500000037252903,0.02500000037252903),(0.30000001192092896,0.02500000037252903)));
#4034=IFCINDEXEDPOLYCURVE(#4033,(IFCLINEINDEX((1,2,3,4,5,6,7,8,1))),$);
#4035=IFCARBITRARYCLOSEDPROFILEDEF(.AREA.,$,#4034);
#4036=IFCCARTESIANPOINT((0.,0.090000001713633537,0.));
#4037=IFCDIRECTION((0.,-1.,0.));
#4038=IFCDIRECTION((1.,0.,0.));
#4039=IFCAXIS2PLACEMENT3D(#4036,#4037,#4038);
#4040=IFCDIRECTION((0.,0.,-1.));
#4041=IFCEXTRUDEDAREASOLID(#4035,#4039,#4040,0.0099999997764825821);
#4042=IFCCARTESIANPOINTLIST2D(((0.,0.),(0.30000001192092896,0.),(0.30000001192092896,1.1377971172332764),(0.,1.1377971172332764)));
#4043=IFCINDEXEDPOLYCURVE(#4042,(IFCLINEINDEX((1,2,3,4,1))),$);
#4044=IFCCARTESIANPOINTLIST2D(((0.05000000074505806,0.05000000074505806),(0.27500001154839993,0.05000000074505806),(0.27500001154839993,1.0877971164882183),(0.05000000074505806,1.0877971164882183)));
#4045=IFCINDEXEDPOLYCURVE(#4044,(IFCLINEINDEX((1,2,3,4,1))),$);
#4046=IFCARBITRARYPROFILEDEFWITHVOIDS(.AREA.,$,#4043,(#4045));
#4047=IFCCARTESIANPOINT((0.,0.05000000074505806,0.));
#4048=IFCDIRECTION((0.,-1.,0.));
#4049=IFCDIRECTION((1.,0.,0.));
#4050=IFCAXIS2PLACEMENT3D(#4047,#4048,#4049);
#4051=IFCDIRECTION((0.,0.,-1.));
#4052=IFCEXTRUDEDAREASOLID(#4046,#4050,#4051,0.040000000968575478);
#4053=IFCCARTESIANPOINTLIST2D(((0.,0.),(0.27500001154839993,0.),(0.27500001154839993,1.0877971164882183),(0.,1.0877971164882183)));
#4054=IFCINDEXEDPOLYCURVE(#4053,(IFCLINEINDEX((1,2,3,4,1))),$);
#4055=IFCCARTESIANPOINTLIST2D(((0.035000000149011612,0.035000000149011612),(0.24000001139938831,0.035000000149011612),(0.24000001139938831,1.0527971163392067),(0.035000000149011612,1.0527971163392067)));
#4056=IFCINDEXEDPOLYCURVE(#4055,(IFCLINEINDEX((1,2,3,4,1))),$);
#4057=IFCARBITRARYPROFILEDEFWITHVOIDS(.AREA.,$,#4054,(#4056));
#4058=IFCCARTESIANPOINT((0.02500000037252903,0.090000001713633537,0.02500000037252903));
#4059=IFCDIRECTION((0.,-1.,0.));
#4060=IFCDIRECTION((1.,0.,0.));
#4061=IFCAXIS2PLACEMENT3D(#4058,#4059,#4060);
#4062=IFCDIRECTION((0.,0.,-1.));
#4063=IFCEXTRUDEDAREASOLID(#4057,#4061,#4062,0.035000000149011612);
#4064=IFCINDEXEDPOLYCURVE(#4065,(IFCLINEINDEX((1,2,3,4,1))),$);
#4065=IFCCARTESIANPOINTLIST2D(((0.035000000149011612,0.035000000149011612),(0.24000001139938831,0.035000000149011612),(0.24000001139938831,1.0527971163392067),(0.035000000149011612,1.0527971163392067)));
#4066=IFCARBITRARYCLOSEDPROFILEDEF(.AREA.,$,#4064);
#4067=IFCCARTESIANPOINT((0.02500000037252903,0.10250000178813934,0.02500000037252903));
#4068=IFCDIRECTION((0.,-1.,0.));
#4069=IFCDIRECTION((1.,0.,0.));
#4070=IFCAXIS2PLACEMENT3D(#4067,#4068,#4069);
#4071=IFCDIRECTION((0.,0.,-1.));
#4072=IFCEXTRUDEDAREASOLID(#4066,#4070,#4071,0.01);
#4073=IFCCARTESIANPOINTLIST2D(((0.,1.1377971172332764),(0.88999670743942261,1.1377971172332764),(0.88999670743942261,0.),(0.,0.),(0.,0.02500000037252903),(0.86499670706689358,0.02500000037252903),(0.86499670706689358,1.1127971168607473),(0.,1.1127971168607473)));
#4074=IFCINDEXEDPOLYCURVE(#4073,(IFCLINEINDEX((1,2,3,4,5,6,7,8,1))),$);
#4075=IFCARBITRARYCLOSEDPROFILEDEF(.AREA.,$,#4074);
#4076=IFCCARTESIANPOINT((0.30000001192092896,0.090000001713633537,0.));
#4077=IFCDIRECTION((0.,-1.,0.));
#4078=IFCDIRECTION((1.,0.,0.));
#4079=IFCAXIS2PLACEMENT3D(#4076,#4077,#4078);
#4080=IFCDIRECTION((0.,0.,-1.));
#4081=IFCEXTRUDEDAREASOLID(#4075,#4079,#4080,0.0099999997764825821);
#4082=IFCCARTESIANPOINTLIST2D(((0.,0.),(0.88999670743942261,0.),(0.88999670743942261,1.1377971172332764),(0.,1.1377971172332764)));
#4083=IFCINDEXEDPOLYCURVE(#4082,(IFCLINEINDEX((1,2,3,4,1))),$);
#4084=IFCCARTESIANPOINTLIST2D(((0.02500000037252903,0.05000000074505806),(0.83999670669436455,0.05000000074505806),(0.83999670669436455,1.0877971164882183),(0.02500000037252903,1.0877971164882183)));
#4085=IFCINDEXEDPOLYCURVE(#4084,(IFCLINEINDEX((1,2,3,4,1))),$);
#4086=IFCARBITRARYPROFILEDEFWITHVOIDS(.AREA.,$,#4083,(#4085));
#4087=IFCCARTESIANPOINT((0.30000001192092896,0.05000000074505806,0.));
#4088=IFCDIRECTION((0.,-1.,0.));
#4089=IFCDIRECTION((1.,0.,0.));
#4090=IFCAXIS2PLACEMENT3D(#4087,#4088,#4089);
#4091=IFCDIRECTION((0.,0.,-1.));
#4092=IFCEXTRUDEDAREASOLID(#4086,#4090,#4091,0.040000000968575478);
#4093=IFCCARTESIANPOINTLIST2D(((0.,0.),(0.86499670706689358,0.),(0.86499670706689358,1.0877971164882183),(0.,1.0877971164882183)));
#4094=IFCINDEXEDPOLYCURVE(#4093,(IFCLINEINDEX((1,2,3,4,1))),$);
#4095=IFCCARTESIANPOINTLIST2D(((0.035000000149011612,0.035000000149011612),(0.82999670691788197,0.035000000149011612),(0.82999670691788197,1.0527971163392067),(0.035000000149011612,1.0527971163392067)));
#4096=IFCINDEXEDPOLYCURVE(#4095,(IFCLINEINDEX((1,2,3,4,1))),$);
#4097=IFCARBITRARYPROFILEDEFWITHVOIDS(.AREA.,$,#4094,(#4096));
#4098=IFCCARTESIANPOINT((0.30000001192092896,0.090000001713633537,0.02500000037252903));
#4099=IFCDIRECTION((0.,-1.,0.));
#4100=IFCDIRECTION((1.,0.,0.));
#4101=IFCAXIS2PLACEMENT3D(#4098,#4099,#4100);
#4102=IFCDIRECTION((0.,0.,-1.));
#4103=IFCEXTRUDEDAREASOLID(#4097,#4101,#4102,0.035000000149011612);
#4104=IFCINDEXEDPOLYCURVE(#4105,(IFCLINEINDEX((1,2,3,4,1))),$);
#4105=IFCCARTESIANPOINTLIST2D(((0.035000000149011612,0.035000000149011612),(0.82999670691788197,0.035000000149011612),(0.82999670691788197,1.0527971163392067),(0.035000000149011612,1.0527971163392067)));
#4106=IFCARBITRARYCLOSEDPROFILEDEF(.AREA.,$,#4104);
#4107=IFCCARTESIANPOINT((0.30000001192092896,0.10250000178813934,0.02500000037252903));
#4108=IFCDIRECTION((0.,-1.,0.));
#4109=IFCDIRECTION((1.,0.,0.));
#4110=IFCAXIS2PLACEMENT3D(#4107,#4108,#4109);
#4111=IFCDIRECTION((0.,0.,-1.));
#4112=IFCEXTRUDEDAREASOLID(#4106,#4110,#4111,0.01);
#4114=IFCSHAPEREPRESENTATION(#11,'Body','SweptSolid',(#4229,#4240,#4189,#4092,#4041,#4052,#4200,#4081));
#4115=IFCSHAPEASPECT((#4114),'Lining',$,.T.,#3974);
#4116=IFCSHAPEREPRESENTATION(#11,'Body','SweptSolid',(#4063,#4251,#4211,#4103));
#4117=IFCSHAPEASPECT((#4116),'Framing',$,.T.,#3974);
#4118=IFCSHAPEREPRESENTATION(#11,'Body','SweptSolid',(#4112,#4072,#4260,#4220));
#4119=IFCSHAPEASPECT((#4118),'Glazing',$,.T.,#3974);
#4178=IFCCARTESIANPOINTLIST3D(((0.,0.,0.),(1.1899967193603516,0.,0.),(1.1899967193603516,0.,1.1377971172332764),(0.,0.,1.1377971172332764)));
#4179=IFCINDEXEDPOLYCURVE(#4178,(IFCLINEINDEX((1,2,3,4,1))),$);
#4180=IFCSHAPEREPRESENTATION(#18,'Profile','Curve3D',(#4179));
#4181=IFCCARTESIANPOINTLIST2D(((0.60183113813400269,0.),(0.,0.),(0.,1.1377971172332764),(0.60183113813400269,1.1377971172332764),(0.60183113813400269,1.1127971168607473),(0.02500000037252903,1.1127971168607473),(0.02500000037252903,0.02500000037252903),(0.60183113813400269,0.02500000037252903)));
#4182=IFCINDEXEDPOLYCURVE(#4181,(IFCLINEINDEX((1,2,3,4,5,6,7,8,1))),$);
#4183=IFCARBITRARYCLOSEDPROFILEDEF(.AREA.,$,#4182);
#4184=IFCCARTESIANPOINT((0.,0.090000001713633537,0.));
#4185=IFCDIRECTION((0.,-1.,0.));
#4186=IFCDIRECTION((1.,0.,0.));
#4187=IFCAXIS2PLACEMENT3D(#4184,#4185,#4186);
#4188=IFCDIRECTION((0.,0.,-1.));
#4189=IFCEXTRUDEDAREASOLID(#4183,#4187,#4188,0.0099999997764825821);
#4190=IFCCARTESIANPOINTLIST2D(((0.,0.),(0.60183113813400269,0.),(0.60183113813400269,1.1377971172332764),(0.,1.1377971172332764)));
#4191=IFCINDEXEDPOLYCURVE(#4190,(IFCLINEINDEX((1,2,3,4,1))),$);
#4192=IFCCARTESIANPOINTLIST2D(((0.05000000074505806,0.05000000074505806),(0.57683113776147366,0.05000000074505806),(0.57683113776147366,1.0877971164882183),(0.05000000074505806,1.0877971164882183)));
#4193=IFCINDEXEDPOLYCURVE(#4192,(IFCLINEINDEX((1,2,3,4,1))),$);
#4194=IFCARBITRARYPROFILEDEFWITHVOIDS(.AREA.,$,#4191,(#4193));
#4195=IFCCARTESIANPOINT((0.,0.05000000074505806,0.));
#4196=IFCDIRECTION((0.,-1.,0.));
#4197=IFCDIRECTION((1.,0.,0.));
#4198=IFCAXIS2PLACEMENT3D(#4195,#4196,#4197);
#4199=IFCDIRECTION((0.,0.,-1.));
#4200=IFCEXTRUDEDAREASOLID(#4194,#4198,#4199,0.040000000968575478);
#4201=IFCCARTESIANPOINTLIST2D(((0.,0.),(0.57683113776147366,0.),(0.57683113776147366,1.0877971164882183),(0.,1.0877971164882183)));
#4202=IFCINDEXEDPOLYCURVE(#4201,(IFCLINEINDEX((1,2,3,4,1))),$);
#4203=IFCCARTESIANPOINTLIST2D(((0.035000000149011612,0.035000000149011612),(0.54183113761246204,0.035000000149011612),(0.54183113761246204,1.0527971163392067),(0.035000000149011612,1.0527971163392067)));
#4204=IFCINDEXEDPOLYCURVE(#4203,(IFCLINEINDEX((1,2,3,4,1))),$);
#4205=IFCARBITRARYPROFILEDEFWITHVOIDS(.AREA.,$,#4202,(#4204));
#4206=IFCCARTESIANPOINT((0.02500000037252903,0.090000001713633537,0.02500000037252903));
#4207=IFCDIRECTION((0.,-1.,0.));
#4208=IFCDIRECTION((1.,0.,0.));
#4209=IFCAXIS2PLACEMENT3D(#4206,#4207,#4208);
#4210=IFCDIRECTION((0.,0.,-1.));
#4211=IFCEXTRUDEDAREASOLID(#4205,#4209,#4210,0.035000000149011612);
#4212=IFCINDEXEDPOLYCURVE(#4213,(IFCLINEINDEX((1,2,3,4,1))),$);
#4213=IFCCARTESIANPOINTLIST2D(((0.035000000149011612,0.035000000149011612),(0.54183113761246204,0.035000000149011612),(0.54183113761246204,1.0527971163392067),(0.035000000149011612,1.0527971163392067)));
#4214=IFCARBITRARYCLOSEDPROFILEDEF(.AREA.,$,#4212);
#4215=IFCCARTESIANPOINT((0.02500000037252903,0.10250000178813934,0.02500000037252903));
#4216=IFCDIRECTION((0.,-1.,0.));
#4217=IFCDIRECTION((1.,0.,0.));
#4218=IFCAXIS2PLACEMENT3D(#4215,#4216,#4217);
#4219=IFCDIRECTION((0.,0.,-1.));
#4220=IFCEXTRUDEDAREASOLID(#4214,#4218,#4219,0.01);
#4221=IFCCARTESIANPOINTLIST2D(((0.,1.1377971172332764),(0.58816558122634888,1.1377971172332764),(0.58816558122634888,0.),(0.,0.),(0.,0.02500000037252903),(0.56316558085381985,0.02500000037252903),(0.56316558085381985,1.1127971168607473),(0.,1.1127971168607473)));
#4222=IFCINDEXEDPOLYCURVE(#4221,(IFCLINEINDEX((1,2,3,4,5,6,7,8,1))),$);
#4223=IFCARBITRARYCLOSEDPROFILEDEF(.AREA.,$,#4222);
#4224=IFCCARTESIANPOINT((0.60183113813400269,0.090000001713633537,0.));
#4225=IFCDIRECTION((0.,-1.,0.));
#4226=IFCDIRECTION((1.,0.,0.));
#4227=IFCAXIS2PLACEMENT3D(#4224,#4225,#4226);
#4228=IFCDIRECTION((0.,0.,-1.));
#4229=IFCEXTRUDEDAREASOLID(#4223,#4227,#4228,0.0099999997764825821);
#4230=IFCCARTESIANPOINTLIST2D(((0.,0.),(0.58816558122634888,0.),(0.58816558122634888,1.1377971172332764),(0.,1.1377971172332764)));
#4231=IFCINDEXEDPOLYCURVE(#4230,(IFCLINEINDEX((1,2,3,4,1))),$);
#4232=IFCCARTESIANPOINTLIST2D(((0.02500000037252903,0.05000000074505806),(0.53816558048129082,0.05000000074505806),(0.53816558048129082,1.0877971164882183),(0.02500000037252903,1.0877971164882183)));
#4233=IFCINDEXEDPOLYCURVE(#4232,(IFCLINEINDEX((1,2,3,4,1))),$);
#4234=IFCARBITRARYPROFILEDEFWITHVOIDS(.AREA.,$,#4231,(#4233));
#4235=IFCCARTESIANPOINT((0.60183113813400269,0.05000000074505806,0.));
#4236=IFCDIRECTION((0.,-1.,0.));
#4237=IFCDIRECTION((1.,0.,0.));
#4238=IFCAXIS2PLACEMENT3D(#4235,#4236,#4237);
#4239=IFCDIRECTION((0.,0.,-1.));
#4240=IFCEXTRUDEDAREASOLID(#4234,#4238,#4239,0.040000000968575478);
#4241=IFCCARTESIANPOINTLIST2D(((0.,0.),(0.56316558085381985,0.),(0.56316558085381985,1.0877971164882183),(0.,1.0877971164882183)));
#4242=IFCINDEXEDPOLYCURVE(#4241,(IFCLINEINDEX((1,2,3,4,1))),$);
#4243=IFCCARTESIANPOINTLIST2D(((0.035000000149011612,0.035000000149011612),(0.52816558070480824,0.035000000149011612),(0.52816558070480824,1.0527971163392067),(0.035000000149011612,1.0527971163392067)));
#4244=IFCINDEXEDPOLYCURVE(#4243,(IFCLINEINDEX((1,2,3,4,1))),$);
#4245=IFCARBITRARYPROFILEDEFWITHVOIDS(.AREA.,$,#4242,(#4244));
#4246=IFCCARTESIANPOINT((0.60183113813400269,0.090000001713633537,0.02500000037252903));
#4247=IFCDIRECTION((0.,-1.,0.));
#4248=IFCDIRECTION((1.,0.,0.));
#4249=IFCAXIS2PLACEMENT3D(#4246,#4247,#4248);
#4250=IFCDIRECTION((0.,0.,-1.));
#4251=IFCEXTRUDEDAREASOLID(#4245,#4249,#4250,0.035000000149011612);
#4252=IFCINDEXEDPOLYCURVE(#4253,(IFCLINEINDEX((1,2,3,4,1))),$);
#4253=IFCCARTESIANPOINTLIST2D(((0.035000000149011612,0.035000000149011612),(0.52816558070480824,0.035000000149011612),(0.52816558070480824,1.0527971163392067),(0.035000000149011612,1.0527971163392067)));
#4254=IFCARBITRARYCLOSEDPROFILEDEF(.AREA.,$,#4252);
#4255=IFCCARTESIANPOINT((0.60183113813400269,0.10250000178813934,0.02500000037252903));
#4256=IFCDIRECTION((0.,-1.,0.));
#4257=IFCDIRECTION((1.,0.,0.));
#4258=IFCAXIS2PLACEMENT3D(#4255,#4256,#4257);
#4259=IFCDIRECTION((0.,0.,-1.));
#4260=IFCEXTRUDEDAREASOLID(#4254,#4258,#4259,0.01);
#4261=IFCSHAPEREPRESENTATION(#11,'Body','SweptSolid',(#4189,#4200,#4211,#4220,#4229,#4240,#4251,#4260));
#4262=IFCCARTESIANPOINTLIST2D(((0.05000000074505806,0.05000000074505806),(0.57683113776147366,0.05000000074505806)));
#4263=IFCINDEXEDPOLYCURVE(#4262,$,$);
#4264=IFCCARTESIANPOINTLIST2D(((0.,0.10000000149011612),(0.02500000037252903,0.10000000149011612),(0.02500000037252903,0.090000001713633537),(0.05000000074505806,0.090000001713633537),(0.05000000074505806,0.05000000074505806),(0.,0.05000000074505806)));
#4265=IFCINDEXEDPOLYCURVE(#4264,(IFCLINEINDEX((1,2,3,4,5,6,1))),$);
#4266=IFCCARTESIANPOINTLIST2D(((0.60183113813400269,0.10000000149011612),(0.60183113813400269,0.10000000149011612),(0.60183113813400269,0.090000001713633537),(0.57683113776147366,0.090000001713633537),(0.57683113776147366,0.05000000074505806),(0.60183113813400269,0.05000000074505806)));
#4267=IFCINDEXEDPOLYCURVE(#4266,$,$);
#4268=IFCCARTESIANPOINTLIST2D(((0.02500000037252903,0.090000001713633537),(0.060000000521540642,0.090000001713633537),(0.060000000521540642,0.12500000186264515),(0.02500000037252903,0.12500000186264515)));
#4269=IFCINDEXEDPOLYCURVE(#4268,(IFCLINEINDEX((1,2,3,4,1))),$);
#4270=IFCINDEXEDPOLYCURVE(#4271,(IFCLINEINDEX((1,2,3,4,1))),$);
#4271=IFCCARTESIANPOINTLIST2D(((0.60183113813400269,0.090000001713633537),(0.56683113798499107,0.090000001713633537),(0.56683113798499107,0.12500000186264515),(0.60183113813400269,0.12500000186264515)));
#4272=IFCCARTESIANPOINTLIST2D(((0.060000000521540642,0.090000001713633537),(0.56683113798499107,0.090000001713633537)));
#4273=IFCINDEXEDPOLYCURVE(#4272,$,$);
#4274=IFCINDEXEDPOLYCURVE(#4275,$,$);
#4275=IFCCARTESIANPOINTLIST2D(((0.060000000521540642,0.12500000186264515),(0.56683113798499107,0.12500000186264515)));
#4276=IFCINDEXEDPOLYCURVE(#4277,$,$);
#4277=IFCCARTESIANPOINTLIST2D(((0.060000000521540642,0.10750000178813934),(0.56683113798499107,0.10750000178813934)));
#4278=IFCCARTESIANPOINTLIST2D(((0.62683113850653172,0.05000000074505806),(1.1399967186152935,0.05000000074505806)));
#4279=IFCINDEXEDPOLYCURVE(#4278,$,$);
#4280=IFCCARTESIANPOINTLIST2D(((0.60183113813400269,0.10000000149011612),(0.60183113813400269,0.10000000149011612),(0.60183113813400269,0.090000001713633537),(0.62683113850653172,0.090000001713633537),(0.62683113850653172,0.05000000074505806),(0.60183113813400269,0.05000000074505806)));
#4281=IFCINDEXEDPOLYCURVE(#4280,$,$);
#4282=IFCCARTESIANPOINTLIST2D(((1.1899967193603516,0.10000000149011612),(1.1649967189878225,0.10000000149011612),(1.1649967189878225,0.090000001713633537),(1.1399967186152935,0.090000001713633537),(1.1399967186152935,0.05000000074505806),(1.1899967193603516,0.05000000074505806)));
#4283=IFCINDEXEDPOLYCURVE(#4282,(IFCLINEINDEX((1,2,3,4,5,6,1))),$);
#4284=IFCCARTESIANPOINTLIST2D(((0.60183113813400269,0.090000001713633537),(0.6368311382830143,0.090000001713633537),(0.6368311382830143,0.12500000186264515),(0.60183113813400269,0.12500000186264515)));
#4285=IFCINDEXEDPOLYCURVE(#4284,(IFCLINEINDEX((1,2,3,4,1))),$);
#4286=IFCINDEXEDPOLYCURVE(#4287,(IFCLINEINDEX((1,2,3,4,1))),$);
#4287=IFCCARTESIANPOINTLIST2D(((1.1649967189878225,0.090000001713633537),(1.1299967188388109,0.090000001713633537),(1.1299967188388109,0.12500000186264515),(1.1649967189878225,0.12500000186264515)));
#4288=IFCCARTESIANPOINTLIST2D(((0.6368311382830143,0.090000001713633537),(1.1299967188388109,0.090000001713633537)));
#4289=IFCINDEXEDPOLYCURVE(#4288,$,$);
#4290=IFCINDEXEDPOLYCURVE(#4291,$,$);
#4291=IFCCARTESIANPOINTLIST2D(((0.6368311382830143,0.12500000186264515),(1.1299967188388109,0.12500000186264515)));
#4292=IFCINDEXEDPOLYCURVE(#4293,$,$);
#4293=IFCCARTESIANPOINTLIST2D(((0.6368311382830143,0.10750000178813934),(1.1299967188388109,0.10750000178813934)));
#4294=IFCSHAPEREPRESENTATION(#24,'Body','Curve2D',(#4263,#4265,#4267,#4269,#4270,#4273,#4274,#4276,#4279,#4281,#4283,#4285,#4286,#4289,#4290,#4292));
#4295=IFCCARTESIANPOINTLIST2D(((0.,0.),(1.1899967193603516,0.),(1.1899967193603516,1.1377971172332764),(0.,1.1377971172332764)));
#4296=IFCINDEXEDPOLYCURVE(#4295,(IFCLINEINDEX((1,2,3,4,1))),$);
#4297=IFCARBITRARYCLOSEDPROFILEDEF(.AREA.,$,#4296);
#4298=IFCCARTESIANPOINT((0.,-0.60000002384185791,0.));
#4299=IFCDIRECTION((0.,-1.,0.));
#4300=IFCDIRECTION((1.,0.,0.));
#4301=IFCAXIS2PLACEMENT3D(#4298,#4299,#4300);
#4302=IFCDIRECTION((0.,0.,-1.));
#4303=IFCEXTRUDEDAREASOLID(#4297,#4301,#4302,1.2);
#4304=IFCSHAPEREPRESENTATION(#11,'Body','SweptSolid',(#4303));
#4325=IFCCARTESIANPOINT((1.044729557719668,2.8312206268310547E-07,1.));
#4326=IFCDIRECTION((0.,0.,1.));
#4327=IFCDIRECTION((0.99999999999997158,-2.3841857910155572E-07,0.));
#4328=IFCAXIS2PLACEMENT3D(#4325,#4326,#4327);
#4329=IFCLOCALPLACEMENT(#1025,#4328);
#4335=IFCWINDOWTYPE('02ek15uUTAB86Z9RNJEQmm',$,'Guest-2-GF',$,$,(#4336),(#4338,#4346,#4394),$,$,.WINDOW.,.SINGLE_PANEL.,$,$);
#4336=IFCPROPERTYSET('3nKdxQEGj1zO6yTm_V1E7G',$,'BBIM_Window',$,(#4337));
#4337=IFCPROPERTYSINGLEVALUE('Data',$,IFCTEXT('{"window_type": "SINGLE_PANEL", "overall_height": 1.1377971172332764, "overall_width": 0.7914069890975952, "lining_properties": {"lining_depth": 0.05000000074505806, "lining_thickness": 0.05000000074505806, "lining_offset": 0.05000000074505806, "lining_to_panel_offset_x": 0.02500000037252903, "lining_to_panel_offset_y": 0.02500000037252903}, "panel_properties": {"frame_depth": [0.03500000014901161, 0.03500000014901161, 0.03500000014901161], "frame_thickness": [0.03500000014901161, 0.03500000014901161, 0.03500000014901161]}}'),$);
#4338=IFCREPRESENTATIONMAP(#4339,#4484);
#4339=IFCAXIS2PLACEMENT3D(#4340,#4341,#4342);
#4340=IFCCARTESIANPOINT((0.,0.,0.));
#4341=IFCDIRECTION((0.,0.,1.));
#4342=IFCDIRECTION((1.,0.,0.));
#4346=IFCREPRESENTATIONMAP(#4347,#4527);
#4347=IFCAXIS2PLACEMENT3D(#4348,#4349,#4350);
#4348=IFCCARTESIANPOINT((0.,0.,0.));
#4349=IFCDIRECTION((0.,0.,1.));
#4350=IFCDIRECTION((1.,0.,0.));
#4394=IFCREPRESENTATIONMAP(#4395,#4550);
#4395=IFCAXIS2PLACEMENT3D(#4396,#4397,#4398);
#4396=IFCCARTESIANPOINT((0.,0.,0.));
#4397=IFCDIRECTION((0.,0.,1.));
#4398=IFCDIRECTION((1.,0.,0.));
#4416=IFCWINDOW('0bcCMPXCvBf9S9sFxOlfkl',$,'Window',$,$,#4871,#4426,$,1.1377971172332764,0.79140698909759521,$,.SINGLE_PANEL.,$);
#4418=IFCRELDEFINESBYTYPE('0St9Fpe_T7FhvjKAcZbK34',$,$,$,(#4416),#4335);
#4419=IFCCARTESIANPOINT((0.,0.,0.));
#4420=IFCDIRECTION((1.,0.,0.));
#4421=IFCDIRECTION((0.,1.,0.));
#4422=IFCDIRECTION((0.,0.,1.));
#4423=IFCCARTESIANTRANSFORMATIONOPERATOR3D(#4420,#4421,#4419,1.,#4422);
#4424=IFCMAPPEDITEM(#4338,#4423);
#4425=IFCSHAPEREPRESENTATION(#18,'Profile','MappedRepresentation',(#4424));
#4426=IFCPRODUCTDEFINITIONSHAPE($,$,(#4425,#4433,#4440));
#4427=IFCCARTESIANPOINT((0.,0.,0.));
#4428=IFCDIRECTION((1.,0.,0.));
#4429=IFCDIRECTION((0.,1.,0.));
#4430=IFCDIRECTION((0.,0.,1.));
#4431=IFCCARTESIANTRANSFORMATIONOPERATOR3D(#4428,#4429,#4427,1.,#4430);
#4432=IFCMAPPEDITEM(#4346,#4431);
#4433=IFCSHAPEREPRESENTATION(#11,'Body','MappedRepresentation',(#4432));
#4434=IFCCARTESIANPOINT((0.,0.,0.));
#4435=IFCDIRECTION((1.,0.,0.));
#4436=IFCDIRECTION((0.,1.,0.));
#4437=IFCDIRECTION((0.,0.,1.));
#4438=IFCCARTESIANTRANSFORMATIONOPERATOR3D(#4435,#4436,#4434,1.,#4437);
#4439=IFCMAPPEDITEM(#4394,#4438);
#4440=IFCSHAPEREPRESENTATION(#24,'Body','MappedRepresentation',(#4439));
#4441=IFCOPENINGELEMENT('0Ms3Kkgb94s9UJTKuSrwju',$,'Opening',$,$,#4585,#4469,$,.OPENING.);
#4457=IFCCARTESIANPOINT((0.,0.,0.));
#4458=IFCDIRECTION((1.,0.,0.));
#4459=IFCDIRECTION((0.,0.,1.));
#4460=IFCAXIS2PLACEMENT3D(#4457,#4459,#4458);
#4461=IFCREPRESENTATIONMAP(#4460,#4560);
#4462=IFCCARTESIANPOINT((0.,0.,0.));
#4463=IFCDIRECTION((1.,0.,0.));
#4464=IFCDIRECTION((0.,1.,0.));
#4465=IFCDIRECTION((0.,0.,1.));
#4466=IFCCARTESIANTRANSFORMATIONOPERATOR3D(#4463,#4464,#4462,1.,#4465);
#4467=IFCMAPPEDITEM(#4461,#4466);
#4468=IFCSHAPEREPRESENTATION(#11,'Body','MappedRepresentation',(#4467));
#4469=IFCPRODUCTDEFINITIONSHAPE($,$,(#4468));
#4470=IFCRELVOIDSELEMENT('2DQqS9gNvD$PDWS9FHSq3q',$,$,$,#642,#4441);
#4476=IFCRELFILLSELEMENT('1jKBRctDb7OPypsV2IbJ7S',$,$,$,#4441,#4416);
#4482=IFCCARTESIANPOINTLIST3D(((0.,0.,0.),(0.79140698909759521,0.,0.),(0.79140698909759521,0.,1.1377971172332764),(0.,0.,1.1377971172332764)));
#4483=IFCINDEXEDPOLYCURVE(#4482,(IFCLINEINDEX((1,2,3,4,1))),$);
#4484=IFCSHAPEREPRESENTATION(#18,'Profile','Curve3D',(#4483));
#4485=IFCCARTESIANPOINTLIST2D(((0.,0.),(0.79140698909759521,0.),(0.79140698909759521,1.1377971172332764),(0.,1.1377971172332764)));
#4486=IFCINDEXEDPOLYCURVE(#4485,(IFCLINEINDEX((1,2,3,4,1))),$);
#4487=IFCCARTESIANPOINTLIST2D(((0.02500000037252903,0.02500000037252903),(0.76640698872506618,0.02500000037252903),(0.76640698872506618,1.1127971168607473),(0.02500000037252903,1.1127971168607473)));
#4488=IFCINDEXEDPOLYCURVE(#4487,(IFCLINEINDEX((1,2,3,4,1))),$);
#4489=IFCARBITRARYPROFILEDEFWITHVOIDS(.AREA.,$,#4486,(#4488));
#4490=IFCCARTESIANPOINT((0.,0.090000001713633537,0.));
#4491=IFCDIRECTION((0.,-1.,0.));
#4492=IFCDIRECTION((1.,0.,0.));
#4493=IFCAXIS2PLACEMENT3D(#4490,#4491,#4492);
#4494=IFCDIRECTION((0.,0.,-1.));
#4495=IFCEXTRUDEDAREASOLID(#4489,#4493,#4494,0.0099999997764825821);
#4496=IFCCARTESIANPOINTLIST2D(((0.,0.),(0.79140698909759521,0.),(0.79140698909759521,1.1377971172332764),(0.,1.1377971172332764)));
#4497=IFCINDEXEDPOLYCURVE(#4496,(IFCLINEINDEX((1,2,3,4,1))),$);
#4498=IFCCARTESIANPOINTLIST2D(((0.05000000074505806,0.05000000074505806),(0.74140698835253716,0.05000000074505806),(0.74140698835253716,1.0877971164882183),(0.05000000074505806,1.0877971164882183)));
#4499=IFCINDEXEDPOLYCURVE(#4498,(IFCLINEINDEX((1,2,3,4,1))),$);
#4500=IFCARBITRARYPROFILEDEFWITHVOIDS(.AREA.,$,#4497,(#4499));
#4501=IFCCARTESIANPOINT((0.,0.05000000074505806,0.));
#4502=IFCDIRECTION((0.,-1.,0.));
#4503=IFCDIRECTION((1.,0.,0.));
#4504=IFCAXIS2PLACEMENT3D(#4501,#4502,#4503);
#4505=IFCDIRECTION((0.,0.,-1.));
#4506=IFCEXTRUDEDAREASOLID(#4500,#4504,#4505,0.040000000968575478);
#4507=IFCCARTESIANPOINTLIST2D(((0.,0.),(0.74140698835253716,0.),(0.74140698835253716,1.0877971164882183),(0.,1.0877971164882183)));
#4508=IFCINDEXEDPOLYCURVE(#4507,(IFCLINEINDEX((1,2,3,4,1))),$);
#4509=IFCCARTESIANPOINTLIST2D(((0.035000000149011612,0.035000000149011612),(0.70640698820352554,0.035000000149011612),(0.70640698820352554,1.0527971163392067),(0.035000000149011612,1.0527971163392067)));
#4510=IFCINDEXEDPOLYCURVE(#4509,(IFCLINEINDEX((1,2,3,4,1))),$);
#4511=IFCARBITRARYPROFILEDEFWITHVOIDS(.AREA.,$,#4508,(#4510));
#4512=IFCCARTESIANPOINT((0.02500000037252903,0.090000001713633537,0.02500000037252903));
#4513=IFCDIRECTION((0.,-1.,0.));
#4514=IFCDIRECTION((1.,0.,0.));
#4515=IFCAXIS2PLACEMENT3D(#4512,#4513,#4514);
#4516=IFCDIRECTION((0.,0.,-1.));
#4517=IFCEXTRUDEDAREASOLID(#4511,#4515,#4516,0.035000000149011612);
#4518=IFCINDEXEDPOLYCURVE(#4519,(IFCLINEINDEX((1,2,3,4,1))),$);
#4519=IFCCARTESIANPOINTLIST2D(((0.035000000149011612,0.035000000149011612),(0.70640698820352554,0.035000000149011612),(0.70640698820352554,1.0527971163392067),(0.035000000149011612,1.0527971163392067)));
#4520=IFCARBITRARYCLOSEDPROFILEDEF(.AREA.,$,#4518);
#4521=IFCCARTESIANPOINT((0.02500000037252903,0.10250000178813934,0.02500000037252903));
#4522=IFCDIRECTION((0.,-1.,0.));
#4523=IFCDIRECTION((1.,0.,0.));
#4524=IFCAXIS2PLACEMENT3D(#4521,#4522,#4523);
#4525=IFCDIRECTION((0.,0.,-1.));
#4526=IFCEXTRUDEDAREASOLID(#4520,#4524,#4525,0.01);
#4527=IFCSHAPEREPRESENTATION(#11,'Body','SweptSolid',(#4495,#4506,#4517,#4526));
#4528=IFCSHAPEREPRESENTATION(#11,'Body','SweptSolid',(#4495,#4506));
#4529=IFCSHAPEASPECT((#4528),'Lining',$,.T.,#4426);
#4530=IFCSHAPEREPRESENTATION(#11,'Body','SweptSolid',(#4517));
#4531=IFCSHAPEASPECT((#4530),'Framing',$,.T.,#4426);
#4532=IFCSHAPEREPRESENTATION(#11,'Body','SweptSolid',(#4526));
#4533=IFCSHAPEASPECT((#4532),'Glazing',$,.T.,#4426);
#4534=IFCCARTESIANPOINTLIST2D(((0.05000000074505806,0.05000000074505806),(0.74140698835253716,0.05000000074505806)));
#4535=IFCINDEXEDPOLYCURVE(#4534,$,$);
#4536=IFCCARTESIANPOINTLIST2D(((0.,0.10000000149011612),(0.02500000037252903,0.10000000149011612),(0.02500000037252903,0.090000001713633537),(0.05000000074505806,0.090000001713633537),(0.05000000074505806,0.05000000074505806),(0.,0.05000000074505806)));
#4537=IFCINDEXEDPOLYCURVE(#4536,(IFCLINEINDEX((1,2,3,4,5,6,1))),$);
#4538=IFCCARTESIANPOINTLIST2D(((0.79140698909759521,0.10000000149011612),(0.76640698872506618,0.10000000149011612),(0.76640698872506618,0.090000001713633537),(0.74140698835253716,0.090000001713633537),(0.74140698835253716,0.05000000074505806),(0.79140698909759521,0.05000000074505806)));
#4539=IFCINDEXEDPOLYCURVE(#4538,(IFCLINEINDEX((1,2,3,4,5,6,1))),$);
#4540=IFCCARTESIANPOINTLIST2D(((0.02500000037252903,0.090000001713633537),(0.060000000521540642,0.090000001713633537),(0.060000000521540642,0.12500000186264515),(0.02500000037252903,0.12500000186264515)));
#4541=IFCINDEXEDPOLYCURVE(#4540,(IFCLINEINDEX((1,2,3,4,1))),$);
#4542=IFCINDEXEDPOLYCURVE(#4543,(IFCLINEINDEX((1,2,3,4,1))),$);
#4543=IFCCARTESIANPOINTLIST2D(((0.76640698872506618,0.090000001713633537),(0.73140698857605457,0.090000001713633537),(0.73140698857605457,0.12500000186264515),(0.76640698872506618,0.12500000186264515)));
#4544=IFCCARTESIANPOINTLIST2D(((0.060000000521540642,0.090000001713633537),(0.73140698857605457,0.090000001713633537)));
#4545=IFCINDEXEDPOLYCURVE(#4544,$,$);
#4546=IFCINDEXEDPOLYCURVE(#4547,$,$);
#4547=IFCCARTESIANPOINTLIST2D(((0.060000000521540642,0.12500000186264515),(0.73140698857605457,0.12500000186264515)));
#4548=IFCINDEXEDPOLYCURVE(#4549,$,$);
#4549=IFCCARTESIANPOINTLIST2D(((0.060000000521540642,0.10750000178813934),(0.73140698857605457,0.10750000178813934)));
#4550=IFCSHAPEREPRESENTATION(#24,'Body','Curve2D',(#4535,#4537,#4539,#4541,#4542,#4545,#4546,#4548));
#4551=IFCCARTESIANPOINTLIST2D(((0.,0.),(0.79140698909759521,0.),(0.79140698909759521,1.1377971172332764),(0.,1.1377971172332764)));
#4552=IFCINDEXEDPOLYCURVE(#4551,(IFCLINEINDEX((1,2,3,4,1))),$);
#4553=IFCARBITRARYCLOSEDPROFILEDEF(.AREA.,$,#4552);
#4554=IFCCARTESIANPOINT((0.,-0.60000002384185791,0.));
#4555=IFCDIRECTION((0.,-1.,0.));
#4556=IFCDIRECTION((1.,0.,0.));
#4557=IFCAXIS2PLACEMENT3D(#4554,#4555,#4556);
#4558=IFCDIRECTION((0.,0.,-1.));
#4559=IFCEXTRUDEDAREASOLID(#4553,#4557,#4558,1.2);
#4560=IFCSHAPEREPRESENTATION(#11,'Body','SweptSolid',(#4559));
#4581=IFCCARTESIANPOINT((3.0528435226186645,7.2319110611118731E-07,1.));
#4582=IFCDIRECTION((0.,0.,1.));
#4583=IFCDIRECTION((0.99999999999999289,1.1920928244535129E-07,0.));
#4584=IFCAXIS2PLACEMENT3D(#4581,#4582,#4583);
#4585=IFCLOCALPLACEMENT(#993,#4584);
#4591=IFCWINDOWTYPE('2HuMAWi5nBAgmVkvO7c8d4',$,'Maid-GF',$,$,(#4592),(#4594,#4602,#4650),$,$,.WINDOW.,.SINGLE_PANEL.,$,$);
#4592=IFCPROPERTYSET('1hkj9mDfjFwwSn_F_WlA$w',$,'BBIM_Window',$,(#4593));
#4593=IFCPROPERTYSINGLEVALUE('Data',$,IFCTEXT('{"window_type": "SINGLE_PANEL", "overall_height": 1.1377971172332764, "overall_width": 0.7914069890975952, "lining_properties": {"lining_depth": 0.05000000074505806, "lining_thickness": 0.05000000074505806, "lining_offset": 0.05000000074505806, "lining_to_panel_offset_x": 0.02500000037252903, "lining_to_panel_offset_y": 0.02500000037252903}, "panel_properties": {"frame_depth": [0.03500000014901161, 0.03500000014901161, 0.03500000014901161], "frame_thickness": [0.03500000014901161, 0.03500000014901161, 0.03500000014901161]}}'),$);
#4594=IFCREPRESENTATIONMAP(#4595,#4599);
#4595=IFCAXIS2PLACEMENT3D(#4596,#4597,#4598);
#4596=IFCCARTESIANPOINT((0.,0.,0.));
#4597=IFCDIRECTION((0.,0.,1.));
#4598=IFCDIRECTION((1.,0.,0.));
#4599=IFCSHAPEREPRESENTATION(#18,'Profile','Curve3D',(#4600));
#4600=IFCINDEXEDPOLYCURVE(#4601,(IFCLINEINDEX((1,2,3,4,1))),$);
#4601=IFCCARTESIANPOINTLIST3D(((0.,0.,0.),(0.79140698909759521,0.,0.),(0.79140698909759521,0.,1.1377971172332764),(0.,0.,1.1377971172332764)));
#4602=IFCREPRESENTATIONMAP(#4603,#4607);
#4603=IFCAXIS2PLACEMENT3D(#4604,#4605,#4606);
#4604=IFCCARTESIANPOINT((0.,0.,0.));
#4605=IFCDIRECTION((0.,0.,1.));
#4606=IFCDIRECTION((1.,0.,0.));
#4607=IFCSHAPEREPRESENTATION(#11,'Body','SweptSolid',(#4608,#4619,#4630,#4641));
#4608=IFCEXTRUDEDAREASOLID(#4609,#4614,#4618,0.0099999997764825821);
#4609=IFCARBITRARYPROFILEDEFWITHVOIDS(.AREA.,$,#4610,(#4612));
#4610=IFCINDEXEDPOLYCURVE(#4611,(IFCLINEINDEX((1,2,3,4,1))),$);
#4611=IFCCARTESIANPOINTLIST2D(((0.,0.),(0.79140698909759521,0.),(0.79140698909759521,1.1377971172332764),(0.,1.1377971172332764)));
#4612=IFCINDEXEDPOLYCURVE(#4613,(IFCLINEINDEX((1,2,3,4,1))),$);
#4613=IFCCARTESIANPOINTLIST2D(((0.02500000037252903,0.02500000037252903),(0.76640698872506618,0.02500000037252903),(0.76640698872506618,1.1127971168607473),(0.02500000037252903,1.1127971168607473)));
#4614=IFCAXIS2PLACEMENT3D(#4615,#4616,#4617);
#4615=IFCCARTESIANPOINT((0.,0.090000001713633537,0.));
#4616=IFCDIRECTION((0.,-1.,0.));
#4617=IFCDIRECTION((1.,0.,0.));
#4618=IFCDIRECTION((0.,0.,-1.));
#4619=IFCEXTRUDEDAREASOLID(#4620,#4625,#4629,0.040000000968575478);
#4620=IFCARBITRARYPROFILEDEFWITHVOIDS(.AREA.,$,#4621,(#4623));
#4621=IFCINDEXEDPOLYCURVE(#4622,(IFCLINEINDEX((1,2,3,4,1))),$);
#4622=IFCCARTESIANPOINTLIST2D(((0.,0.),(0.79140698909759521,0.),(0.79140698909759521,1.1377971172332764),(0.,1.1377971172332764)));
#4623=IFCINDEXEDPOLYCURVE(#4624,(IFCLINEINDEX((1,2,3,4,1))),$);
#4624=IFCCARTESIANPOINTLIST2D(((0.05000000074505806,0.05000000074505806),(0.74140698835253716,0.05000000074505806),(0.74140698835253716,1.0877971164882183),(0.05000000074505806,1.0877971164882183)));
#4625=IFCAXIS2PLACEMENT3D(#4626,#4627,#4628);
#4626=IFCCARTESIANPOINT((0.,0.05000000074505806,0.));
#4627=IFCDIRECTION((0.,-1.,0.));
#4628=IFCDIRECTION((1.,0.,0.));
#4629=IFCDIRECTION((0.,0.,-1.));
#4630=IFCEXTRUDEDAREASOLID(#4631,#4636,#4640,0.035000000149011612);
#4631=IFCARBITRARYPROFILEDEFWITHVOIDS(.AREA.,$,#4632,(#4634));
#4632=IFCINDEXEDPOLYCURVE(#4633,(IFCLINEINDEX((1,2,3,4,1))),$);
#4633=IFCCARTESIANPOINTLIST2D(((0.,0.),(0.74140698835253716,0.),(0.74140698835253716,1.0877971164882183),(0.,1.0877971164882183)));
#4634=IFCINDEXEDPOLYCURVE(#4635,(IFCLINEINDEX((1,2,3,4,1))),$);
#4635=IFCCARTESIANPOINTLIST2D(((0.035000000149011612,0.035000000149011612),(0.70640698820352554,0.035000000149011612),(0.70640698820352554,1.0527971163392067),(0.035000000149011612,1.0527971163392067)));
#4636=IFCAXIS2PLACEMENT3D(#4637,#4638,#4639);
#4637=IFCCARTESIANPOINT((0.02500000037252903,0.090000001713633537,0.02500000037252903));
#4638=IFCDIRECTION((0.,-1.,0.));
#4639=IFCDIRECTION((1.,0.,0.));
#4640=IFCDIRECTION((0.,0.,-1.));
#4641=IFCEXTRUDEDAREASOLID(#4642,#4645,#4649,0.01);
#4642=IFCARBITRARYCLOSEDPROFILEDEF(.AREA.,$,#4643);
#4643=IFCINDEXEDPOLYCURVE(#4644,(IFCLINEINDEX((1,2,3,4,1))),$);
#4644=IFCCARTESIANPOINTLIST2D(((0.035000000149011612,0.035000000149011612),(0.70640698820352554,0.035000000149011612),(0.70640698820352554,1.0527971163392067),(0.035000000149011612,1.0527971163392067)));
#4645=IFCAXIS2PLACEMENT3D(#4646,#4647,#4648);
#4646=IFCCARTESIANPOINT((0.02500000037252903,0.10250000178813934,0.02500000037252903));
#4647=IFCDIRECTION((0.,-1.,0.));
#4648=IFCDIRECTION((1.,0.,0.));
#4649=IFCDIRECTION((0.,0.,-1.));
#4650=IFCREPRESENTATIONMAP(#4651,#4655);
#4651=IFCAXIS2PLACEMENT3D(#4652,#4653,#4654);
#4652=IFCCARTESIANPOINT((0.,0.,0.));
#4653=IFCDIRECTION((0.,0.,1.));
#4654=IFCDIRECTION((1.,0.,0.));
#4655=IFCSHAPEREPRESENTATION(#24,'Body','Curve2D',(#4656,#4658,#4660,#4662,#4664,#4666,#4668,#4670));
#4656=IFCINDEXEDPOLYCURVE(#4657,$,$);
#4657=IFCCARTESIANPOINTLIST2D(((0.05000000074505806,0.05000000074505806),(0.74140698835253716,0.05000000074505806)));
#4658=IFCINDEXEDPOLYCURVE(#4659,(IFCLINEINDEX((1,2,3,4,5,6,1))),$);
#4659=IFCCARTESIANPOINTLIST2D(((0.,0.10000000149011612),(0.02500000037252903,0.10000000149011612),(0.02500000037252903,0.090000001713633537),(0.05000000074505806,0.090000001713633537),(0.05000000074505806,0.05000000074505806),(0.,0.05000000074505806)));
#4660=IFCINDEXEDPOLYCURVE(#4661,(IFCLINEINDEX((1,2,3,4,5,6,1))),$);
#4661=IFCCARTESIANPOINTLIST2D(((0.79140698909759521,0.10000000149011612),(0.76640698872506618,0.10000000149011612),(0.76640698872506618,0.090000001713633537),(0.74140698835253716,0.090000001713633537),(0.74140698835253716,0.05000000074505806),(0.79140698909759521,0.05000000074505806)));
#4662=IFCINDEXEDPOLYCURVE(#4663,(IFCLINEINDEX((1,2,3,4,1))),$);
#4663=IFCCARTESIANPOINTLIST2D(((0.02500000037252903,0.090000001713633537),(0.060000000521540642,0.090000001713633537),(0.060000000521540642,0.12500000186264515),(0.02500000037252903,0.12500000186264515)));
#4664=IFCINDEXEDPOLYCURVE(#4665,(IFCLINEINDEX((1,2,3,4,1))),$);
#4665=IFCCARTESIANPOINTLIST2D(((0.76640698872506618,0.090000001713633537),(0.73140698857605457,0.090000001713633537),(0.73140698857605457,0.12500000186264515),(0.76640698872506618,0.12500000186264515)));
#4666=IFCINDEXEDPOLYCURVE(#4667,$,$);
#4667=IFCCARTESIANPOINTLIST2D(((0.060000000521540642,0.090000001713633537),(0.73140698857605457,0.090000001713633537)));
#4668=IFCINDEXEDPOLYCURVE(#4669,$,$);
#4669=IFCCARTESIANPOINTLIST2D(((0.060000000521540642,0.12500000186264515),(0.73140698857605457,0.12500000186264515)));
#4670=IFCINDEXEDPOLYCURVE(#4671,$,$);
#4671=IFCCARTESIANPOINTLIST2D(((0.060000000521540642,0.10750000178813934),(0.73140698857605457,0.10750000178813934)));
#4672=IFCWINDOW('3nSbPkiJD0UehiuB8qA_18',$,'Window',$,$,#4876,#4682,$,1.1377971172332764,0.79140698909759521,$,$,$);
#4674=IFCRELDEFINESBYTYPE('0Gt96lpw9BFfBmaDq5TFjK',$,$,$,(#4672),#4591);
#4675=IFCCARTESIANPOINT((0.,0.,0.));
#4676=IFCDIRECTION((1.,0.,0.));
#4677=IFCDIRECTION((0.,1.,0.));
#4678=IFCDIRECTION((0.,0.,1.));
#4679=IFCCARTESIANTRANSFORMATIONOPERATOR3D(#4676,#4677,#4675,1.,#4678);
#4680=IFCMAPPEDITEM(#4594,#4679);
#4681=IFCSHAPEREPRESENTATION(#18,'Profile','MappedRepresentation',(#4680));
#4682=IFCPRODUCTDEFINITIONSHAPE($,$,(#4681,#4689,#4696));
#4683=IFCCARTESIANPOINT((0.,0.,0.));
#4684=IFCDIRECTION((1.,0.,0.));
#4685=IFCDIRECTION((0.,1.,0.));
#4686=IFCDIRECTION((0.,0.,1.));
#4687=IFCCARTESIANTRANSFORMATIONOPERATOR3D(#4684,#4685,#4683,1.,#4686);
#4688=IFCMAPPEDITEM(#4602,#4687);
#4689=IFCSHAPEREPRESENTATION(#11,'Body','MappedRepresentation',(#4688));
#4690=IFCCARTESIANPOINT((0.,0.,0.));
#4691=IFCDIRECTION((1.,0.,0.));
#4692=IFCDIRECTION((0.,1.,0.));
#4693=IFCDIRECTION((0.,0.,1.));
#4694=IFCCARTESIANTRANSFORMATIONOPERATOR3D(#4691,#4692,#4690,1.,#4693);
#4695=IFCMAPPEDITEM(#4650,#4694);
#4696=IFCSHAPEREPRESENTATION(#24,'Body','MappedRepresentation',(#4695));
#4697=IFCOPENINGELEMENT('3oxgq2vdD1HRtZ09QWoTm$',$,'Opening',$,$,#4747,#4725,$,.OPENING.);
#4703=IFCCARTESIANPOINTLIST2D(((0.,0.),(0.79140698909759521,0.),(0.79140698909759521,1.1377971172332764),(0.,1.1377971172332764)));
#4704=IFCINDEXEDPOLYCURVE(#4703,(IFCLINEINDEX((1,2,3,4,1))),$);
#4705=IFCARBITRARYCLOSEDPROFILEDEF(.AREA.,$,#4704);
#4706=IFCCARTESIANPOINT((0.,-0.60000002384185791,0.));
#4707=IFCDIRECTION((0.,-1.,0.));
#4708=IFCDIRECTION((1.,0.,0.));
#4709=IFCAXIS2PLACEMENT3D(#4706,#4707,#4708);
#4710=IFCDIRECTION((0.,0.,-1.));
#4711=IFCEXTRUDEDAREASOLID(#4705,#4709,#4710,1.2);
#4712=IFCSHAPEREPRESENTATION(#11,'Body','SweptSolid',(#4711));
#4713=IFCCARTESIANPOINT((0.,0.,0.));
#4714=IFCDIRECTION((1.,0.,0.));
#4715=IFCDIRECTION((0.,0.,1.));
#4716=IFCAXIS2PLACEMENT3D(#4713,#4715,#4714);
#4717=IFCREPRESENTATIONMAP(#4716,#4712);
#4718=IFCCARTESIANPOINT((0.,0.,0.));
#4719=IFCDIRECTION((1.,0.,0.));
#4720=IFCDIRECTION((0.,1.,0.));
#4721=IFCDIRECTION((0.,0.,1.));
#4722=IFCCARTESIANTRANSFORMATIONOPERATOR3D(#4719,#4720,#4718,1.,#4721);
#4723=IFCMAPPEDITEM(#4717,#4722);
#4724=IFCSHAPEREPRESENTATION(#11,'Body','MappedRepresentation',(#4723));
#4725=IFCPRODUCTDEFINITIONSHAPE($,$,(#4724));
#4726=IFCRELVOIDSELEMENT('3xI4kpksj3ogZJwBr7mwsB',$,$,$,#617,#4697);
#4732=IFCRELFILLSELEMENT('0gFTvGfybFsxJtE_Iji7dW',$,$,$,#4697,#4672);
#4743=IFCCARTESIANPOINT((0.75371158123029203,-1.8333104012668855E-07,1.));
#4744=IFCDIRECTION((0.,0.,1.));
#4745=IFCDIRECTION((0.99999999999997158,-2.3841857910149749E-07,0.));
#4746=IFCAXIS2PLACEMENT3D(#4743,#4744,#4745);
#4747=IFCLOCALPLACEMENT(#628,#4746);
#4753=IFCCARTESIANPOINT((0.,0.,3.));
#4754=IFCDIRECTION((0.,0.,1.));
#4755=IFCDIRECTION((1.,0.,0.));
#4756=IFCAXIS2PLACEMENT3D(#4753,#4754,#4755);
#4757=IFCLOCALPLACEMENT(#56,#4756);
#4758=IFCSLAB('1IGk30QhTErfRUScHH9r1k',$,'Slab',$,$,#4766,#4773,$,$);
#4759=IFCRELCONTAINEDINSPATIALSTRUCTURE('2Qn$VO049EiB17CYwQD6hF',$,$,$,(#4957,#6570,#4882,#6066,#9816,#8599,#13551,#13573,#13617,#13595,#13683,#13639,#13661,#5751,#13705,#6116,#5865,#4758,#4932,#9567,#8339,#7223,#8094,#13524,#13328,#12980,#11563,#11411,#4982,#9144,#9716,#9540,#7933,#7035,#4907,#6091,#13497,#6016,#11701,#12471,#13448,#13426,#5789,#7396,#13274,#8505,#13301,#12449,#7772,#6711,#7611,#13470),#39);
#4760=IFCMATERIALLAYERSETUSAGE(#2166,.AXIS3.,.POSITIVE.,-0.10000000149011612,$);
#4761=IFCRELASSOCIATESMATERIAL('3rYLbvh6jAvvxIOUft8Jyi',$,$,$,(#4758),#4760);
#4762=IFCCARTESIANPOINT((4.176605224609375,-2.5401062965393066,0.));
#4763=IFCDIRECTION((0.,0.,1.));
#4764=IFCDIRECTION((1.,0.,0.));
#4765=IFCAXIS2PLACEMENT3D(#4762,#4763,#4764);
#4766=IFCLOCALPLACEMENT(#4757,#4765);
#4767=IFCCARTESIANPOINTLIST2D(((0.,0.),(1.430511474609375E-06,9.),(-3.2999997138977051,8.9499998092651367),(-3.299999475479126,7.5),(-6.8499994277954102,7.5000014305114746),(-6.9499983787536621,2.4300003051757812),(-3.9499988555908203,2.4300003051757812),(-3.9500000476837158,-0.04999995231628418),(0.,0.)));
#4768=IFCINDEXEDPOLYCURVE(#4767,$,$);
#4769=IFCDIRECTION((0.,0.,1.));
#4770=IFCARBITRARYCLOSEDPROFILEDEF(.AREA.,$,#4768);
#4771=IFCEXTRUDEDAREASOLID(#4770,#4780,#4769,0.10000000000000001);
#4772=IFCSHAPEREPRESENTATION(#11,'Body','SweptSolid',(#4771));
#4773=IFCPRODUCTDEFINITIONSHAPE($,$,(#4772));
#4774=IFCPROPERTYSET('2DKthVbgr4mQqVSrJUn2bc',$,'EPset_Parametric',$,(#4776));
#4775=IFCRELDEFINESBYPROPERTIES('0QUtcud$jBDulFfQVP41yW',$,$,$,(#4758),#4774);
#4776=IFCPROPERTYSINGLEVALUE('Engine',$,IFCLABEL('Bonsai.DumbLayer3'),$);
#4777=IFCCARTESIANPOINT((-0.,-0.,-0.10000000149011612));
#4778=IFCDIRECTION((0.,0.,1.));
#4779=IFCDIRECTION((1.,0.,0.));
#4780=IFCAXIS2PLACEMENT3D(#4777,#4778,#4779);
#4781=IFCROOFTYPE('3bOCsGed91QAPc5miye9Ie',$,'ROOF',$,$,(#4782),(#4811,#4839),$,$,.HIP_ROOF.);
#4782=IFCPROPERTYSET('0zuA7d3NbASA2ot3Zs67OF',$,'BBIM_Roof',$,(#4783));
#4783=IFCPROPERTYSINGLEVALUE('Data',$,IFCTEXT('{"roof_type": "HIP/GABLE ROOF", "generation_method": "ANGLE", "roof_thickness": 0.10000000149011612, "rafter_edge_angle": 1.5707963705062866, "angle": 0.1745329201221466, "percentage": 17.63269805908203, "path_data": {"edges": [[0, 1], [1, 2], [2, 3], [3, 0]], "verts": [[-5.0, -5.0, 0.0], [-5.0, 5.0, 0.0], [5.0, 5.0, 0.0], [5.0, -5.0, 0.0]]}}'),$);
#4807=IFCCARTESIANPOINT((0.,0.,0.));
#4808=IFCDIRECTION((1.,0.,0.));
#4809=IFCDIRECTION((0.,0.,1.));
#4810=IFCAXIS2PLACEMENT3D(#4807,#4809,#4808);
#4811=IFCREPRESENTATIONMAP(#4810,#4830);
#4812=IFCINDEXEDPOLYGONALFACE((3,1,2));
#4813=IFCINDEXEDPOLYGONALFACE((2,4,3));
#4814=IFCINDEXEDPOLYGONALFACE((1,3,5));
#4815=IFCINDEXEDPOLYGONALFACE((4,5,3));
#4816=IFCINDEXEDPOLYGONALFACE((6,7,8));
#4817=IFCINDEXEDPOLYGONALFACE((8,2,1));
#4818=IFCINDEXEDPOLYGONALFACE((8,1,6));
#4819=IFCINDEXEDPOLYGONALFACE((8,7,9));
#4820=IFCINDEXEDPOLYGONALFACE((2,8,9));
#4821=IFCINDEXEDPOLYGONALFACE((2,9,4));
#4822=IFCINDEXEDPOLYGONALFACE((10,7,6));
#4823=IFCINDEXEDPOLYGONALFACE((6,1,5));
#4824=IFCINDEXEDPOLYGONALFACE((6,5,10));
#4825=IFCINDEXEDPOLYGONALFACE((9,7,10));
#4826=IFCINDEXEDPOLYGONALFACE((4,9,10));
#4827=IFCINDEXEDPOLYGONALFACE((4,10,5));
#4828=IFCCARTESIANPOINTLIST3D(((-5.,-5.,0.),(5.,-5.,0.),(0.,0.,0.88163489103317261),(5.,5.,0.),(-5.,5.,0.),(-5.,-5.,-0.10154265910387039),(0.,0.,0.78009223937988281),(5.,-5.,-0.10154265910387039),(5.,5.,-0.10154265910387039),(-5.,5.,-0.10154265910387039)));
#4829=IFCPOLYGONALFACESET(#4828,.T.,(#4812,#4813,#4814,#4815,#4816,#4817,#4818,#4819,#4820,#4821,#4822,#4823,#4824,#4825,#4826,#4827),$);
#4830=IFCSHAPEREPRESENTATION(#11,'Body','Tessellation',(#4829));
#4832=IFCCARTESIANPOINT((-5.,-5.,-0.10154265910387039));
#4833=IFCBOUNDINGBOX(#4832,10.,10.,0.9831775426864624);
#4834=IFCSHAPEREPRESENTATION(#13,'Box','BoundingBox',(#4833));
#4835=IFCCARTESIANPOINT((0.,0.,0.));
#4836=IFCDIRECTION((1.,0.,0.));
#4837=IFCDIRECTION((0.,0.,1.));
#4838=IFCAXIS2PLACEMENT3D(#4835,#4837,#4836);
#4839=IFCREPRESENTATIONMAP(#4838,#4834);
#4862=IFCCARTESIANPOINT((-2.2204460492503131E-16,0.,0.));
#4863=IFCDIRECTION((0.,0.,1.));
#4864=IFCDIRECTION((1.,0.,0.));
#4865=IFCAXIS2PLACEMENT3D(#4862,#4863,#4864);
#4866=IFCLOCALPLACEMENT(#4329,#4865);
#4867=IFCCARTESIANPOINT((-4.4408920985006262E-16,0.,0.));
#4868=IFCDIRECTION((0.,0.,1.));
#4869=IFCDIRECTION((1.,0.,0.));
#4870=IFCAXIS2PLACEMENT3D(#4867,#4868,#4869);
#4871=IFCLOCALPLACEMENT(#4585,#4870);
#4872=IFCCARTESIANPOINT((-3.4694469519536142E-18,8.8817841970012523E-16,0.));
#4873=IFCDIRECTION((0.,0.,1.));
#4874=IFCDIRECTION((1.,0.,0.));
#4875=IFCAXIS2PLACEMENT3D(#4872,#4873,#4874);
#4876=IFCLOCALPLACEMENT(#4747,#4875);
#4882=IFCWALL('2umWJ0r8bA1ObdkP7h4AyE',$,'Wall',$,$,#6426,#4888,$,$);
#4883=IFCMATERIALLAYERSETUSAGE(#82,.AXIS2.,.POSITIVE.,0.,$);
#4884=IFCRELASSOCIATESMATERIAL('10JoQTWZn2qudm3rMJIbru',$,$,$,(#4882),#4883);
#4888=IFCPRODUCTDEFINITIONSHAPE($,$,(#6421,#6418));
#4904=IFCPROPERTYSET('3LO7rMOET9cwOTZV7NEY0b',$,'EPset_Parametric',$,(#4906));
#4905=IFCRELDEFINESBYPROPERTIES('1Uf2qBbtr5DwE3twZIlpS4',$,$,$,(#4882),#4904);
#4906=IFCPROPERTYSINGLEVALUE('Engine',$,IFCLABEL('Bonsai.DumbLayer2'),$);
#4907=IFCWALL('2yTDG07u5APBDpOD$zctB4',$,'Wall',$,$,#5280,#4913,$,$);
#4908=IFCMATERIALLAYERSETUSAGE(#82,.AXIS2.,.POSITIVE.,0.,$);
#4909=IFCRELASSOCIATESMATERIAL('2E_Lm2suvBUwP_REiRf4Jl',$,$,$,(#4907),#4908);
#4913=IFCPRODUCTDEFINITIONSHAPE($,$,(#5325,#5322));
#4929=IFCPROPERTYSET('0272pdlufBdufEmmCxii5U',$,'EPset_Parametric',$,(#4931));
#4930=IFCRELDEFINESBYPROPERTIES('3XBNQikrD9YeuW8z9V8CfT',$,$,$,(#4907),#4929);
#4931=IFCPROPERTYSINGLEVALUE('Engine',$,IFCLABEL('Bonsai.DumbLayer2'),$);
#4932=IFCWALL('3$KJx8_7b6DRkHiJKrkMTT',$,'Wall',$,$,#5312,#4938,$,$);
#4933=IFCMATERIALLAYERSETUSAGE(#82,.AXIS2.,.POSITIVE.,0.,$);
#4934=IFCRELASSOCIATESMATERIAL('0IM65hcfD05vcu4HPjzYhf',$,$,$,(#4932),#4933);
#4938=IFCPRODUCTDEFINITIONSHAPE($,$,(#5352,#5349));
#4954=IFCPROPERTYSET('1qR20SrDXAmfVKB3BhefzQ',$,'EPset_Parametric',$,(#4956));
#4955=IFCRELDEFINESBYPROPERTIES('2ADBAiZ6j7f9oSm60XGROV',$,$,$,(#4932),#4954);
#4956=IFCPROPERTYSINGLEVALUE('Engine',$,IFCLABEL('Bonsai.DumbLayer2'),$);
#4957=IFCWALL('2xMn3u5ub69e7fG9OjWohU',$,'Wall',$,$,#4968,#4963,$,$);
#4958=IFCMATERIALLAYERSETUSAGE(#82,.AXIS2.,.POSITIVE.,0.,$);
#4959=IFCRELASSOCIATESMATERIAL('3J$QC61X93q9orZ_82pYDx',$,$,$,(#4957),#4958);
#4963=IFCPRODUCTDEFINITIONSHAPE($,$,(#5384,#5381));
#4964=IFCCARTESIANPOINT((0.1781202107667923,5.5299310684204102,0.));
#4965=IFCDIRECTION((0.,0.,1.));
#4966=IFCDIRECTION((-0.99999999999992428,3.8941436741876494E-07,0.));
#4967=IFCAXIS2PLACEMENT3D(#4964,#4965,#4966);
#4968=IFCLOCALPLACEMENT(#4757,#4967);
#4979=IFCPROPERTYSET('30Gtl0XF9BpAnq0fmoSY2K',$,'EPset_Parametric',$,(#4981));
#4980=IFCRELDEFINESBYPROPERTIES('3vtUMeM6b8LxjqFRNugpl_',$,$,$,(#4957),#4979);
#4981=IFCPROPERTYSINGLEVALUE('Engine',$,IFCLABEL('Bonsai.DumbLayer2'),$);
#4982=IFCWALL('1XbT4vCE93JRrEZrTw_Yrr',$,'Wall',$,$,#5371,#4988,$,$);
#4983=IFCMATERIALLAYERSETUSAGE(#82,.AXIS2.,.POSITIVE.,0.,$);
#4984=IFCRELASSOCIATESMATERIAL('1dfmtiLlj3fesFfNquKNWB',$,$,$,(#4982),#4983);
#4988=IFCPRODUCTDEFINITIONSHAPE($,$,(#11507,#11504));
#5004=IFCPROPERTYSET('1DIzhpu7f6_uZCALgewh1S',$,'EPset_Parametric',$,(#5006));
#5005=IFCRELDEFINESBYPROPERTIES('2fBaFvjen2KuJiC762Qlgc',$,$,$,(#4982),#5004);
#5006=IFCPROPERTYSINGLEVALUE('Engine',$,IFCLABEL('Bonsai.DumbLayer2'),$);
#5262=IFCRELCONNECTSPATHELEMENTS('0WOSeNazX6UvSZRbxSLFIT',$,$,$,$,#4907,#4882,(),(),.ATEND.,.ATSTART.);
#5276=IFCCARTESIANPOINT((4.1781199753146332,6.5299310684204244,0.));
#5277=IFCDIRECTION((0.,0.,1.));
#5278=IFCDIRECTION((-0.99999999999999623,8.7422776573475527E-08,0.));
#5279=IFCAXIS2PLACEMENT3D(#5276,#5277,#5278);
#5280=IFCLOCALPLACEMENT(#4757,#5279);
#5294=IFCRELCONNECTSPATHELEMENTS('0lpeHMMhP1s8GhdFuo$RaQ',$,$,$,$,#4932,#4907,(),(),.ATEND.,.ATSTART.);
#5308=IFCCARTESIANPOINT((0.17812013626095993,6.5299314181115165,0.));
#5309=IFCDIRECTION((0.,0.,1.));
#5310=IFCDIRECTION((7.5497901264043123E-08,-0.99999999999999722,0.));
#5311=IFCAXIS2PLACEMENT3D(#5308,#5309,#5310);
#5312=IFCLOCALPLACEMENT(#4757,#5311);
#5313=IFCCARTESIANPOINTLIST2D(((0.,0.),(0.09999999880751248,0.10000000000000001),(3.8999998227616195,0.10000000000000001),(3.9999998390536886,0.)));
#5314=IFCINDEXEDPOLYCURVE(#5313,(IFCLINEINDEX((1,2,3,4,1))),$);
#5315=IFCARBITRARYCLOSEDPROFILEDEF(.AREA.,$,#5314);
#5316=IFCCARTESIANPOINT((0.,0.,0.));
#5317=IFCDIRECTION((0.,0.,1.));
#5318=IFCDIRECTION((1.,0.,0.));
#5319=IFCAXIS2PLACEMENT3D(#5316,#5317,#5318);
#5320=IFCDIRECTION((0.,0.,1.));
#5321=IFCEXTRUDEDAREASOLID(#5315,#5319,#5320,3.);
#5322=IFCSHAPEREPRESENTATION(#11,'Body','SweptSolid',(#5321));
#5323=IFCCARTESIANPOINTLIST2D(((0.,0.),(3.9999998390536886,0.)));
#5324=IFCINDEXEDPOLYCURVE(#5323,$,$);
#5325=IFCSHAPEREPRESENTATION(#23,'Axis','Curve2D',(#5324));
#5326=IFCRELCONNECTSPATHELEMENTS('08epAzwcj4y8FL4m0yC576',$,$,$,$,#4957,#4932,(),(),.ATEND.,.ATSTART.);
#5340=IFCCARTESIANPOINTLIST2D(((0.,0.),(0.10000001629206913,0.10000000000000001),(1.1000003961823475,0.10000000000000001),(1.0000003496911098,0.)));
#5341=IFCINDEXEDPOLYCURVE(#5340,(IFCLINEINDEX((1,2,3,4,1))),$);
#5342=IFCARBITRARYCLOSEDPROFILEDEF(.AREA.,$,#5341);
#5343=IFCCARTESIANPOINT((0.,0.,0.));
#5344=IFCDIRECTION((0.,0.,1.));
#5345=IFCDIRECTION((1.,0.,0.));
#5346=IFCAXIS2PLACEMENT3D(#5343,#5344,#5345);
#5347=IFCDIRECTION((0.,0.,1.));
#5348=IFCEXTRUDEDAREASOLID(#5342,#5346,#5347,3.);
#5349=IFCSHAPEREPRESENTATION(#11,'Body','SweptSolid',(#5348));
#5350=IFCCARTESIANPOINTLIST2D(((0.,0.),(1.0000003496911098,0.)));
#5351=IFCINDEXEDPOLYCURVE(#5350,$,$);
#5352=IFCSHAPEREPRESENTATION(#23,'Axis','Curve2D',(#5351));
#5353=IFCRELCONNECTSPATHELEMENTS('3DRfOwV_19VPlSodixeKdX',$,$,$,$,#4982,#4957,(),(),.ATEND.,.ATSTART.);
#5367=IFCCARTESIANPOINT((-3.3218798637390807,5.5299324313707254,0.));
#5368=IFCDIRECTION((0.,0.,1.));
#5369=IFCDIRECTION((7.5497901264043123E-08,-0.99999999999999722,0.));
#5370=IFCAXIS2PLACEMENT3D(#5367,#5368,#5369);
#5371=IFCLOCALPLACEMENT(#4757,#5370);
#5372=IFCCARTESIANPOINTLIST2D(((0.,0.),(-0.10000004649123767,0.10000000000000001),(3.4000000290069958,0.10000000000000001),(3.5000000754982334,0.)));
#5373=IFCINDEXEDPOLYCURVE(#5372,(IFCLINEINDEX((1,2,3,4,1))),$);
#5374=IFCARBITRARYCLOSEDPROFILEDEF(.AREA.,$,#5373);
#5375=IFCCARTESIANPOINT((0.,0.,0.));
#5376=IFCDIRECTION((0.,0.,1.));
#5377=IFCDIRECTION((1.,0.,0.));
#5378=IFCAXIS2PLACEMENT3D(#5375,#5376,#5377);
#5379=IFCDIRECTION((0.,0.,1.));
#5380=IFCEXTRUDEDAREASOLID(#5374,#5378,#5379,3.);
#5381=IFCSHAPEREPRESENTATION(#11,'Body','SweptSolid',(#5380));
#5382=IFCCARTESIANPOINTLIST2D(((0.,0.),(3.5000000754982334,0.)));
#5383=IFCINDEXEDPOLYCURVE(#5382,$,$);
#5384=IFCSHAPEREPRESENTATION(#23,'Axis','Curve2D',(#5383));
#5751=IFCWALL('3kIDeiNlL85QD$G23ATYxm',$,'Wall',$,$,#6333,#5757,$,$);
#5752=IFCMATERIALLAYERSETUSAGE(#82,.AXIS2.,.POSITIVE.,0.,$);
#5753=IFCRELASSOCIATESMATERIAL('1YXOzZ2rrDJRoCigfA7e2L',$,$,$,(#5751),#5752);
#5757=IFCPRODUCTDEFINITIONSHAPE($,$,(#11687,#11684));
#5773=IFCPROPERTYSET('0mE5uIEjT3A9oEf1cm4xlL',$,'EPset_Parametric',$,(#5775));
#5774=IFCRELDEFINESBYPROPERTIES('0zaU_ndob3TOMKXQhBY1Ej',$,$,$,(#5751),#5773);
#5775=IFCPROPERTYSINGLEVALUE('Engine',$,IFCLABEL('Bonsai.DumbLayer2'),$);
#5789=IFCWALL('0eKKSUywrAZA8klNViXJ1R',$,'Wall',$,$,#6394,#5795,$,$);
#5790=IFCMATERIALLAYERSETUSAGE(#82,.AXIS2.,.POSITIVE.,0.,$);
#5791=IFCRELASSOCIATESMATERIAL('2WIw$RVCX04eaSc8fHrDlx',$,$,$,(#5789),#5790);
#5795=IFCPRODUCTDEFINITIONSHAPE($,$,(#6389,#6386));
#5811=IFCPROPERTYSET('0JNv0k3pbEdB3lTnr5S69A',$,'EPset_Parametric',$,(#5813));
#5812=IFCRELDEFINESBYPROPERTIES('0zlnxrDoH9LPGLlGIUMfVn',$,$,$,(#5789),#5811);
#5813=IFCPROPERTYSINGLEVALUE('Engine',$,IFCLABEL('Bonsai.DumbLayer2'),$);
#5865=IFCWALL('2ZP0xiSTzDcfidZYqRiuls',$,'Wall',$,$,#6357,#5871,$,$);
#5866=IFCMATERIALLAYERSETUSAGE(#82,.AXIS2.,.POSITIVE.,0.,$);
#5867=IFCRELASSOCIATESMATERIAL('1nlZ8Bla5AQfVkXSSnM2O1',$,$,$,(#5865),#5866);
#5871=IFCPRODUCTDEFINITIONSHAPE($,$,(#11700,#11697));
#5887=IFCPROPERTYSET('1z$zZ$wl51sxkP_YaBAXR6',$,'EPset_Parametric',$,(#5889));
#5888=IFCRELDEFINESBYPROPERTIES('25mZWxNAT98ROYDW9LB70c',$,$,$,(#5865),#5887);
#5889=IFCPROPERTYSINGLEVALUE('Engine',$,IFCLABEL('Bonsai.DumbLayer2'),$);
#5903=IFCRELCONNECTSPATHELEMENTS('3tSoH7KlbBUR7YQqx_zhf9',$,$,$,$,#5865,#4882,(),(),.ATPATH.,.ATEND.);
#5962=IFCRELCONNECTSPATHELEMENTS('1GG4u035nFmwPeB_Lrqc4i',$,$,$,$,#5789,#4882,(),(),.ATPATH.,.ATEND.);
#6016=IFCWALL('1gJROShkzAqOUxbmemM87g',$,'Wall',$,$,#11525,#6022,$,$);
#6017=IFCMATERIALLAYERSETUSAGE(#82,.AXIS2.,.POSITIVE.,0.,$);
#6018=IFCRELASSOCIATESMATERIAL('1fOgbdyKTFYA809dQKqC4E',$,$,$,(#6016),#6017);
#6022=IFCPRODUCTDEFINITIONSHAPE($,$,(#11520,#11517));
#6038=IFCPROPERTYSET('0sp9XuxZb2wPBHrlUfeA44',$,'EPset_Parametric',$,(#6040));
#6039=IFCRELDEFINESBYPROPERTIES('2UsdQti518BvKinD3Ztdn2',$,$,$,(#6016),#6038);
#6040=IFCPROPERTYSINGLEVALUE('Engine',$,IFCLABEL('Bonsai.DumbLayer2'),$);
#6066=IFCWALL('0Xb_nWDID9UBIDxPhy1cJp',$,'Wall',$,$,#11770,#6072,$,$);
#6067=IFCMATERIALLAYERSETUSAGE(#82,.AXIS2.,.POSITIVE.,0.,$);
#6068=IFCRELASSOCIATESMATERIAL('1lf0_FL0fBeukY2DPWgEyV',$,$,$,(#6066),#6067);
#6072=IFCPRODUCTDEFINITIONSHAPE($,$,(#11765,#11762));
#6088=IFCPROPERTYSET('1TbINFhfv3thhBUBIWA_ES',$,'EPset_Parametric',$,(#6090));
#6089=IFCRELDEFINESBYPROPERTIES('1lNuOFTXDEBvBf7EzN4liA',$,$,$,(#6066),#6088);
#6090=IFCPROPERTYSINGLEVALUE('Engine',$,IFCLABEL('Bonsai.DumbLayer2'),$);
#6091=IFCWALL('2_S8jOmDX7Gh1VWA02ZKCR',$,'Wall',$,$,#6283,#6097,$,$);
#6092=IFCMATERIALLAYERSETUSAGE(#82,.AXIS2.,.POSITIVE.,0.,$);
#6093=IFCRELASSOCIATESMATERIAL('3KxRhaVGT7XRCxQLURdIDG',$,$,$,(#6091),#6092);
#6097=IFCPRODUCTDEFINITIONSHAPE($,$,(#6328,#6325));
#6113=IFCPROPERTYSET('2e5AtQPDf2pBZUbL_f9gzU',$,'EPset_Parametric',$,(#6115));
#6114=IFCRELDEFINESBYPROPERTIES('3Zi3ErR9bDNB1WvnwQqv55',$,$,$,(#6091),#6113);
#6115=IFCPROPERTYSINGLEVALUE('Engine',$,IFCLABEL('Bonsai.DumbLayer2'),$);
#6116=IFCWALL('0ouueeX0bFbBUa0NmKtz68',$,'Wall',$,$,#6315,#6122,$,$);
#6117=IFCMATERIALLAYERSETUSAGE(#82,.AXIS2.,.POSITIVE.,0.,$);
#6118=IFCRELASSOCIATESMATERIAL('1D$Oe04yj9zxvjGCZ9QqX6',$,$,$,(#6116),#6117);
#6122=IFCPRODUCTDEFINITIONSHAPE($,$,(#6439,#6436));
#6138=IFCPROPERTYSET('2hTCdqg_93$Q5dR65yqKAD',$,'EPset_Parametric',$,(#6140));
#6139=IFCRELDEFINESBYPROPERTIES('2UZ23FJsXFruFJquznKiqs',$,$,$,(#6116),#6138);
#6140=IFCPROPERTYSINGLEVALUE('Engine',$,IFCLABEL('Bonsai.DumbLayer2'),$);
#6265=IFCRELCONNECTSPATHELEMENTS('0VpIElH8r39uM3XMRn2lf_',$,$,$,$,#6091,#6066,(),(),.ATEND.,.ATSTART.);
#6279=IFCCARTESIANPOINT((1.8781216144562038,-2.1700678586959614,0.));
#6280=IFCDIRECTION((0.,0.,1.));
#6281=IFCDIRECTION((-1.6292068494294439E-07,-0.99999999999998679,0.));
#6282=IFCAXIS2PLACEMENT3D(#6279,#6280,#6281);
#6283=IFCLOCALPLACEMENT(#4757,#6282);
#6297=IFCRELCONNECTSPATHELEMENTS('1OeN$nF195NgqjHN_muAK8',$,$,$,$,#6116,#6091,(),(),.ATEND.,.ATSTART.);
#6311=IFCCARTESIANPOINT((1.8781214678275835,-3.0700678822530092,0.));
#6312=IFCDIRECTION((0.,0.,1.));
#6313=IFCDIRECTION((0.99994604875960891,-0.010387471783163189,0.));
#6314=IFCAXIS2PLACEMENT3D(#6311,#6312,#6313);
#6315=IFCLOCALPLACEMENT(#4757,#6314);
#6316=IFCCARTESIANPOINTLIST2D(((0.,0.),(-0.10000004013393446,0.10000000000000001),(0.80103341524039329,0.10000000000000001),(0.90000002355705921,0.)));
#6317=IFCINDEXEDPOLYCURVE(#6316,(IFCLINEINDEX((1,2,3,4,1))),$);
#6318=IFCARBITRARYCLOSEDPROFILEDEF(.AREA.,$,#6317);
#6319=IFCCARTESIANPOINT((0.,0.,0.));
#6320=IFCDIRECTION((0.,0.,1.));
#6321=IFCDIRECTION((1.,0.,0.));
#6322=IFCAXIS2PLACEMENT3D(#6319,#6320,#6321);
#6323=IFCDIRECTION((0.,0.,1.));
#6324=IFCEXTRUDEDAREASOLID(#6318,#6322,#6323,3.);
#6325=IFCSHAPEREPRESENTATION(#11,'Body','SweptSolid',(#6324));
#6326=IFCCARTESIANPOINTLIST2D(((0.,0.),(0.90000002355705921,0.)));
#6327=IFCINDEXEDPOLYCURVE(#6326,$,$);
#6328=IFCSHAPEREPRESENTATION(#23,'Axis','Curve2D',(#6327));
#6329=IFCCARTESIANPOINT((0.17462688684463501,5.4299311637878418,0.));
#6330=IFCDIRECTION((0.,0.,1.));
#6331=IFCDIRECTION((1.9470718370939353E-07,-0.99999999999998113,0.));
#6332=IFCAXIS2PLACEMENT3D(#6329,#6330,#6331);
#6333=IFCLOCALPLACEMENT(#4757,#6332);
#6353=IFCCARTESIANPOINT((0.17462786600937211,0.40102201700210571,0.));
#6354=IFCDIRECTION((0.,0.,1.));
#6355=IFCDIRECTION((1.,0.,0.));
#6356=IFCAXIS2PLACEMENT3D(#6353,#6354,#6355);
#6357=IFCLOCALPLACEMENT(#4757,#6356);
#6376=IFCRELCONNECTSPATHELEMENTS('3AWeCOhkL7TRaeTnjXBjCt',$,$,$,$,#5789,#5751,(),(),.ATPATH.,.ATSTART.);
#6377=IFCCARTESIANPOINTLIST2D(((0.10000000000000191,0.),(0.099999980529283536,0.10000000000000001),(3.9034928667048572,0.10000000000000001),(3.9034928591550671,0.)));
#6378=IFCINDEXEDPOLYCURVE(#6377,(IFCLINEINDEX((1,2,3,4,1))),$);
#6379=IFCARBITRARYCLOSEDPROFILEDEF(.AREA.,$,#6378);
#6380=IFCCARTESIANPOINT((0.,0.,0.));
#6381=IFCDIRECTION((0.,0.,1.));
#6382=IFCDIRECTION((1.,0.,0.));
#6383=IFCAXIS2PLACEMENT3D(#6380,#6381,#6382);
#6384=IFCDIRECTION((0.,0.,1.));
#6385=IFCEXTRUDEDAREASOLID(#6379,#6383,#6384,3.);
#6386=IFCSHAPEREPRESENTATION(#11,'Body','SweptSolid',(#6385));
#6387=IFCCARTESIANPOINTLIST2D(((0.,0.),(4.0034928591550676,0.)));
#6388=IFCINDEXEDPOLYCURVE(#6387,$,$);
#6389=IFCSHAPEREPRESENTATION(#23,'Axis','Curve2D',(#6388));
#6390=IFCCARTESIANPOINT((0.17462699224340508,4.8886117935180664,0.));
#6391=IFCDIRECTION((0.,0.,1.));
#6392=IFCDIRECTION((1.,0.,0.));
#6393=IFCAXIS2PLACEMENT3D(#6390,#6391,#6392);
#6394=IFCLOCALPLACEMENT(#4757,#6393);
#6408=IFCRELCONNECTSPATHELEMENTS('0WbnUqShbFQ8jSjNV$SRHJ',$,$,$,$,#4882,#6116,(),(),.ATEND.,.ATSTART.);
#6409=IFCCARTESIANPOINTLIST2D(((0.,0.),(0.10104419100913098,0.10000000000000001),(9.5238914029437929,0.10000000000000001),(9.6238914017513046,0.)));
#6410=IFCINDEXEDPOLYCURVE(#6409,(IFCLINEINDEX((1,2,3,4,1))),$);
#6411=IFCARBITRARYCLOSEDPROFILEDEF(.AREA.,$,#6410);
#6412=IFCCARTESIANPOINT((0.,0.,0.));
#6413=IFCDIRECTION((0.,0.,1.));
#6414=IFCDIRECTION((1.,0.,0.));
#6415=IFCAXIS2PLACEMENT3D(#6412,#6413,#6414);
#6416=IFCDIRECTION((0.,0.,1.));
#6417=IFCEXTRUDEDAREASOLID(#6411,#6415,#6416,3.);
#6418=IFCSHAPEREPRESENTATION(#11,'Body','SweptSolid',(#6417));
#6419=IFCCARTESIANPOINTLIST2D(((0.,0.),(9.6238914017513046,0.)));
#6420=IFCINDEXEDPOLYCURVE(#6419,$,$);
#6421=IFCSHAPEREPRESENTATION(#23,'Axis','Curve2D',(#6420));
#6422=IFCCARTESIANPOINT((4.1781192487310301,-3.0939603333308532,0.));
#6423=IFCDIRECTION((0.,0.,1.));
#6424=IFCDIRECTION((7.5497901264043123E-08,0.99999999999999722,0.));
#6425=IFCAXIS2PLACEMENT3D(#6422,#6423,#6424);
#6426=IFCLOCALPLACEMENT(#4757,#6425);
#6427=IFCCARTESIANPOINTLIST2D(((0.,0.),(0.098966608316665983,0.10000000000000001),(2.1990776843225408,0.10000000000000001),(2.3001218753316719,0.)));
#6428=IFCINDEXEDPOLYCURVE(#6427,(IFCLINEINDEX((1,2,3,4,1))),$);
#6429=IFCARBITRARYCLOSEDPROFILEDEF(.AREA.,$,#6428);
#6430=IFCCARTESIANPOINT((0.,0.,0.));
#6431=IFCDIRECTION((0.,0.,1.));
#6432=IFCDIRECTION((1.,0.,0.));
#6433=IFCAXIS2PLACEMENT3D(#6430,#6431,#6432);
#6434=IFCDIRECTION((0.,0.,1.));
#6435=IFCEXTRUDEDAREASOLID(#6429,#6433,#6434,3.);
#6436=IFCSHAPEREPRESENTATION(#11,'Body','SweptSolid',(#6435));
#6437=IFCCARTESIANPOINTLIST2D(((0.,0.),(2.3001218753316719,0.)));
#6438=IFCINDEXEDPOLYCURVE(#6437,$,$);
#6439=IFCSHAPEREPRESENTATION(#23,'Axis','Curve2D',(#6438));
#6462=IFCDOORTYPE('2hlO0oqtb2LRf$W5BdpEQK',$,'BED 2- SF',$,$,(#6463),(#6465,#6473,#6551),$,$,.DOOR.,.SINGLE_SWING_LEFT.,$,$);
#6463=IFCPROPERTYSET('2Bqbk$6F58ORfMWJd40WDM',$,'BBIM_Door',$,(#6464));
#6464=IFCPROPERTYSINGLEVALUE('Data',$,IFCTEXT('{"door_type": "SINGLE_SWING_LEFT", "overall_height": 2.0, "overall_width": 0.8999999761581421, "lining_properties": {"lining_depth": 0.05000000074505806, "lining_thickness": 0.05000000074505806, "lining_offset": 0.0, "lining_to_panel_offset_x": 0.02500000037252903, "lining_to_panel_offset_y": 0.02500000037252903, "transom_thickness": 0.0, "casing_thickness": 0.07500000298023224, "casing_depth": 0.004999999888241291, "threshold_thickness": 0.02500000037252903, "threshold_depth": 0.10000000149011612, "threshold_offset": 0.0}, "panel_properties": {"panel_depth": 0.03500000014901161, "panel_width_ratio": 1.0}}'),$);
#6465=IFCREPRESENTATIONMAP(#6466,#6810);
#6466=IFCAXIS2PLACEMENT3D(#6467,#6468,#6469);
#6467=IFCCARTESIANPOINT((0.,0.,0.));
#6468=IFCDIRECTION((0.,0.,1.));
#6469=IFCDIRECTION((1.,0.,0.));
#6473=IFCREPRESENTATIONMAP(#6474,#6883);
#6474=IFCAXIS2PLACEMENT3D(#6475,#6476,#6477);
#6475=IFCCARTESIANPOINT((0.,0.,0.));
#6476=IFCDIRECTION((0.,0.,1.));
#6477=IFCDIRECTION((1.,0.,0.));
#6551=IFCREPRESENTATIONMAP(#6552,#6901);
#6552=IFCAXIS2PLACEMENT3D(#6553,#6554,#6555);
#6553=IFCCARTESIANPOINT((0.,0.,0.));
#6554=IFCDIRECTION((0.,0.,1.));
#6555=IFCDIRECTION((1.,0.,0.));
#6570=IFCDOOR('2aAq6ujLLCrghVqgWhoI5K',$,'Door',$,$,#6926,#6579,$,2.,0.89999997615814209,$,.SINGLE_SWING_LEFT.,$);
#6571=IFCRELDEFINESBYTYPE('1t8GZKNPvEHejFoNURNUIW',$,$,$,(#6570),#6462);
#6572=IFCCARTESIANPOINT((0.,0.,0.));
#6573=IFCDIRECTION((1.,0.,0.));
#6574=IFCDIRECTION((0.,1.,0.));
#6575=IFCDIRECTION((0.,0.,1.));
#6576=IFCCARTESIANTRANSFORMATIONOPERATOR3D(#6573,#6574,#6572,1.,#6575);
#6577=IFCMAPPEDITEM(#6465,#6576);
#6578=IFCSHAPEREPRESENTATION(#18,'Profile','MappedRepresentation',(#6577));
#6579=IFCPRODUCTDEFINITIONSHAPE($,$,(#6578,#6586,#6593));
#6580=IFCCARTESIANPOINT((0.,0.,0.));
#6581=IFCDIRECTION((1.,0.,0.));
#6582=IFCDIRECTION((0.,1.,0.));
#6583=IFCDIRECTION((0.,0.,1.));
#6584=IFCCARTESIANTRANSFORMATIONOPERATOR3D(#6581,#6582,#6580,1.,#6583);
#6585=IFCMAPPEDITEM(#6473,#6584);
#6586=IFCSHAPEREPRESENTATION(#11,'Body','MappedRepresentation',(#6585));
#6587=IFCCARTESIANPOINT((0.,0.,0.));
#6588=IFCDIRECTION((1.,0.,0.));
#6589=IFCDIRECTION((0.,1.,0.));
#6590=IFCDIRECTION((0.,0.,1.));
#6591=IFCCARTESIANTRANSFORMATIONOPERATOR3D(#6588,#6589,#6587,1.,#6590);
#6592=IFCMAPPEDITEM(#6551,#6591);
#6593=IFCSHAPEREPRESENTATION(#24,'Body','MappedRepresentation',(#6592));
#6594=IFCOPENINGELEMENT('356V3RpAfBGBrnDG4MjCOD',$,'Opening',$,$,#11775,#6622,$,.OPENING.);
#6610=IFCCARTESIANPOINT((0.,0.,0.));
#6611=IFCDIRECTION((1.,0.,0.));
#6612=IFCDIRECTION((0.,0.,1.));
#6613=IFCAXIS2PLACEMENT3D(#6610,#6612,#6611);
#6614=IFCREPRESENTATIONMAP(#6613,#6911);
#6615=IFCCARTESIANPOINT((0.,0.,0.));
#6616=IFCDIRECTION((1.,0.,0.));
#6617=IFCDIRECTION((0.,1.,0.));
#6618=IFCDIRECTION((0.,0.,1.));
#6619=IFCCARTESIANTRANSFORMATIONOPERATOR3D(#6616,#6617,#6615,1.,#6618);
#6620=IFCMAPPEDITEM(#6614,#6619);
#6621=IFCSHAPEREPRESENTATION(#11,'Body','MappedRepresentation',(#6620));
#6622=IFCPRODUCTDEFINITIONSHAPE($,$,(#6621));
#6623=IFCRELVOIDSELEMENT('270c6UcQvBkvEARSb6zhx8',$,$,$,#6066,#6594);
#6629=IFCRELFILLSELEMENT('2bVxK2649FjOkJIEZYF9Hl',$,$,$,#6594,#6570);
#6711=IFCWALL('2x2HqB0MH2nxNR80vCxkSJ',$,'Wall',$,$,#6794,#6717,$,$);
#6712=IFCMATERIALLAYERSETUSAGE(#82,.AXIS2.,.POSITIVE.,0.,$);
#6713=IFCRELASSOCIATESMATERIAL('0Mz$oKhZvEWB4zkXMGig6t',$,$,$,(#6711),#6712);
#6717=IFCPRODUCTDEFINITIONSHAPE($,$,(#6789,#6786));
#6733=IFCPROPERTYSET('2SPFbqulf6sh$x6R52N9O3',$,'EPset_Parametric',$,(#6735));
#6734=IFCRELDEFINESBYPROPERTIES('0A9JtXNx5FAh7jqiyX8dWj',$,$,$,(#6711),#6733);
#6735=IFCPROPERTYSINGLEVALUE('Engine',$,IFCLABEL('Bonsai.DumbLayer2'),$);
#6749=IFCRELCONNECTSPATHELEMENTS('0$c25psSn2KeF76eIeeaH5',$,$,$,$,#6711,#5751,(),(),.ATPATH.,.ATEND.);
#6776=IFCRELCONNECTSPATHELEMENTS('31vGwSGfn0sPt58BnjtWXr',$,$,$,$,#6711,#4982,(),(),.ATPATH.,.ATSTART.);
#6777=IFCCARTESIANPOINTLIST2D(((0.10000000000000031,0.),(0.099999992450210184,0.10000000000000001),(3.4965070630736834,0.10000000000000001),(3.4965070825444018,0.)));
#6778=IFCINDEXEDPOLYCURVE(#6777,(IFCLINEINDEX((1,2,3,4,1))),$);
#6779=IFCARBITRARYCLOSEDPROFILEDEF(.AREA.,$,#6778);
#6780=IFCCARTESIANPOINT((0.,0.,0.));
#6781=IFCDIRECTION((0.,0.,1.));
#6782=IFCDIRECTION((1.,0.,0.));
#6783=IFCAXIS2PLACEMENT3D(#6780,#6781,#6782);
#6784=IFCDIRECTION((0.,0.,1.));
#6785=IFCEXTRUDEDAREASOLID(#6779,#6783,#6784,3.);
#6786=IFCSHAPEREPRESENTATION(#11,'Body','SweptSolid',(#6785));
#6787=IFCCARTESIANPOINTLIST2D(((0.,0.),(3.4965070825444018,0.)));
#6788=IFCINDEXEDPOLYCURVE(#6787,$,$);
#6789=IFCSHAPEREPRESENTATION(#23,'Axis','Curve2D',(#6788));
#6790=IFCCARTESIANPOINT((-3.3218796411695664,2.5819098949432373,0.));
#6791=IFCDIRECTION((0.,0.,1.));
#6792=IFCDIRECTION((1.,0.,0.));
#6793=IFCAXIS2PLACEMENT3D(#6790,#6791,#6792);
#6794=IFCLOCALPLACEMENT(#4757,#6793);
#6808=IFCCARTESIANPOINTLIST3D(((0.,0.,0.),(0.89999997615814209,0.,0.),(0.89999997615814209,0.,2.),(0.,0.,2.)));
#6809=IFCINDEXEDPOLYCURVE(#6808,(IFCLINEINDEX((1,2,3,4,1))),$);
#6810=IFCSHAPEREPRESENTATION(#18,'Profile','Curve3D',(#6809));
#6811=IFCCARTESIANPOINTLIST2D(((0.,0.),(0.,2.),(0.89999997615814209,2.),(0.89999997615814209,0.),(0.87499997578561306,0.),(0.87499997578561306,1.974999999627471),(0.02500000037252903,1.974999999627471),(0.02500000037252903,0.)));
#6812=IFCINDEXEDPOLYCURVE(#6811,(IFCLINEINDEX((1,2,3,4,5,6,7,8,1))),$);
#6813=IFCARBITRARYCLOSEDPROFILEDEF(.AREA.,$,#6812);
#6814=IFCCARTESIANPOINT((0.,0.02500000037252903,0.));
#6815=IFCDIRECTION((0.,-1.,0.));
#6816=IFCDIRECTION((1.,0.,0.));
#6817=IFCAXIS2PLACEMENT3D(#6814,#6815,#6816);
#6818=IFCDIRECTION((0.,0.,-1.));
#6819=IFCEXTRUDEDAREASOLID(#6813,#6817,#6818,0.02500000037252903);
#6820=IFCCARTESIANPOINTLIST2D(((0.,0.),(0.,2.),(0.89999997615814209,2.),(0.89999997615814209,0.),(0.84999997541308403,0.),(0.84999997541308403,1.9499999992549419),(0.05000000074505806,1.9499999992549419),(0.05000000074505806,0.)));
#6821=IFCINDEXEDPOLYCURVE(#6820,(IFCLINEINDEX((1,2,3,4,5,6,7,8,1))),$);
#6822=IFCARBITRARYCLOSEDPROFILEDEF(.AREA.,$,#6821);
#6823=IFCCARTESIANPOINT((0.,0.,0.));
#6824=IFCDIRECTION((0.,-1.,0.));
#6825=IFCDIRECTION((1.,0.,0.));
#6826=IFCAXIS2PLACEMENT3D(#6823,#6824,#6825);
#6827=IFCDIRECTION((0.,0.,-1.));
#6828=IFCEXTRUDEDAREASOLID(#6822,#6826,#6827,0.02500000037252903);
#6829=IFCCARTESIANPOINTLIST2D(((0.,0.),(0.79999997466802597,0.),(0.79999997466802597,0.10000000149011612),(0.,0.10000000149011612)));
#6830=IFCINDEXEDPOLYCURVE(#6829,(IFCLINEINDEX((1,2,3,4,1))),$);
#6831=IFCARBITRARYCLOSEDPROFILEDEF(.AREA.,$,#6830);
#6832=IFCCARTESIANPOINT((0.05000000074505806,0.,0.));
#6833=IFCDIRECTION((0.,0.,1.));
#6834=IFCDIRECTION((1.,0.,0.));
#6835=IFCAXIS2PLACEMENT3D(#6832,#6833,#6834);
#6836=IFCDIRECTION((0.,0.,1.));
#6837=IFCEXTRUDEDAREASOLID(#6831,#6835,#6836,0.02500000037252903);
#6838=IFCCARTESIANPOINTLIST2D(((0.,0.),(0.,2.0250000022351742),(0.94999998062849045,2.0250000022351742),(0.94999998062849045,0.),(0.87499997764825821,0.),(0.87499997764825821,1.9499999992549419),(0.075000002980232239,1.9499999992549419),(0.075000002980232239,0.)));
#6839=IFCINDEXEDPOLYCURVE(#6838,(IFCLINEINDEX((1,2,3,4,5,6,7,8,1))),$);
#6840=IFCARBITRARYCLOSEDPROFILEDEF(.AREA.,$,#6839);
#6841=IFCCARTESIANPOINT((-0.025000002235174179,-0.004999999888241291,0.));
#6842=IFCDIRECTION((0.,-1.,0.));
#6843=IFCDIRECTION((1.,0.,0.));
#6844=IFCAXIS2PLACEMENT3D(#6841,#6842,#6843);
#6845=IFCDIRECTION((0.,0.,-1.));
#6846=IFCEXTRUDEDAREASOLID(#6840,#6844,#6845,0.004999999888241291);
#6847=IFCCARTESIANPOINTLIST2D(((0.,0.),(0.,2.0250000022351742),(0.94999998062849045,2.0250000022351742),(0.94999998062849045,0.),(0.89999997802078724,0.),(0.89999997802078724,1.974999999627471),(0.050000002607703209,1.974999999627471),(0.050000002607703209,0.)));
#6848=IFCINDEXEDPOLYCURVE(#6847,(IFCLINEINDEX((1,2,3,4,5,6,7,8,1))),$);
#6849=IFCARBITRARYCLOSEDPROFILEDEF(.AREA.,$,#6848);
#6850=IFCCARTESIANPOINT((-0.025000002235174179,0.05000000074505806,0.));
#6851=IFCDIRECTION((0.,-1.,0.));
#6852=IFCDIRECTION((1.,0.,0.));
#6853=IFCAXIS2PLACEMENT3D(#6850,#6851,#6852);
#6854=IFCDIRECTION((0.,0.,-1.));
#6855=IFCEXTRUDEDAREASOLID(#6849,#6853,#6854,0.004999999888241291);
#6856=IFCCARTESIANPOINTLIST2D(((0.,0.),(0.84999997541308403,0.),(0.84999997541308403,0.035000000149011612),(0.,0.035000000149011612)));
#6857=IFCINDEXEDPOLYCURVE(#6856,(IFCLINEINDEX((1,2,3,4,1))),$);
#6858=IFCARBITRARYCLOSEDPROFILEDEF(.AREA.,$,#6857);
#6859=IFCCARTESIANPOINT((0.02500000037252903,0.02500000037252903,0.02500000037252903));
#6860=IFCDIRECTION((0.,0.,1.));
#6861=IFCDIRECTION((1.,0.,0.));
#6862=IFCAXIS2PLACEMENT3D(#6859,#6860,#6861);
#6863=IFCDIRECTION((0.,0.,1.));
#6864=IFCEXTRUDEDAREASOLID(#6858,#6862,#6863,1.9499999992549419);
#6865=IFCCARTESIANPOINTLIST2D(((0.,0.),(0.,-0.040000000000000001),(-0.11999999999999988,-0.040000000000000001),(-0.11999999999999988,-0.02),(-0.020000000000000018,-0.02),(-0.020000000000000018,0.)));
#6866=IFCINDEXEDPOLYCURVE(#6865,(IFCLINEINDEX((1,2,3,4,5,6,1))),$);
#6867=IFCARBITRARYCLOSEDPROFILEDEF(.AREA.,$,#6866);
#6868=IFCCARTESIANPOINT((0.82499997578561302,0.02500000037252903,1.015000000372529));
#6869=IFCDIRECTION((0.,0.,1.));
#6870=IFCDIRECTION((1.,0.,0.));
#6871=IFCAXIS2PLACEMENT3D(#6868,#6869,#6870);
#6872=IFCDIRECTION((0.,0.,1.));
#6873=IFCEXTRUDEDAREASOLID(#6867,#6871,#6872,0.02);
#6874=IFCEXTRUDEDAREASOLID(#6875,#6878,#6882,0.02);
#6875=IFCARBITRARYCLOSEDPROFILEDEF(.AREA.,$,#6876);
#6876=IFCINDEXEDPOLYCURVE(#6877,(IFCLINEINDEX((1,2,3,4,5,6,1))),$);
#6877=IFCCARTESIANPOINTLIST2D(((0.,0.),(0.,0.040000000000000008),(-0.11999999999999988,0.040000000000000008),(-0.11999999999999988,0.020000000000000004),(-0.020000000000000018,0.020000000000000004),(-0.020000000000000018,0.)));
#6878=IFCAXIS2PLACEMENT3D(#6879,#6880,#6881);
#6879=IFCCARTESIANPOINT((0.82499997578561302,0.060000000521540642,1.015000000372529));
#6880=IFCDIRECTION((0.,0.,1.));
#6881=IFCDIRECTION((1.,0.,0.));
#6882=IFCDIRECTION((0.,0.,1.));
#6883=IFCSHAPEREPRESENTATION(#11,'Body','SweptSolid',(#6819,#6828,#6864,#6873,#6874,#6837,#6846,#6855));
#6884=IFCSHAPEREPRESENTATION(#11,'Body','SweptSolid',(#6819,#6828,#6837,#6846,#6855));
#6885=IFCSHAPEASPECT((#6884),'Lining',$,.T.,#6579);
#6886=IFCSHAPEREPRESENTATION(#11,'Body','SweptSolid',(#6864,#6873,#6874));
#6887=IFCSHAPEASPECT((#6886),'Framing',$,.T.,#6579);
#6888=IFCCARTESIANPOINTLIST2D(((0.,0.),(0.,0.05000000074505806),(0.02500000037252903,0.05000000074505806),(0.02500000037252903,0.02500000037252903),(0.05000000074505806,0.02500000037252903),(0.05000000074505806,0.)));
#6889=IFCINDEXEDPOLYCURVE(#6888,(IFCLINEINDEX((1,2,3,4,5,6,1))),$);
#6890=IFCINDEXEDPOLYCURVE(#6891,(IFCLINEINDEX((1,2,3,4,5,6,1))),$);
#6891=IFCCARTESIANPOINTLIST2D(((0.89999997615814209,0.),(0.89999997615814209,0.05000000074505806),(0.87499997578561306,0.05000000074505806),(0.87499997578561306,0.02500000037252903),(0.84999997541308403,0.02500000037252903),(0.84999997541308403,0.)));
#6892=IFCDIRECTION((1.,0.));
#6893=IFCCARTESIANPOINT((0.060000000521540642,0.05000000074505806));
#6894=IFCAXIS2PLACEMENT2D(#6893,#6892);
#6895=IFCELLIPSE(#6894,0.81499997526407242,0.84999997541308403);
#6896=IFCCARTESIANPOINT((0.87499997578561306,0.05000000074505806));
#6897=IFCCARTESIANPOINT((0.060000000521540642,0.89999997615814209));
#6898=IFCTRIMMEDCURVE(#6895,(#6896),(#6897),.T.,.CARTESIAN.);
#6899=IFCCARTESIANPOINTLIST2D(((0.02500000037252903,0.05000000074505806),(0.060000000521540642,0.05000000074505806),(0.060000000521540642,0.89999997615814209),(0.02500000037252903,0.89999997615814209)));
#6900=IFCINDEXEDPOLYCURVE(#6899,(IFCLINEINDEX((1,2,3,4,1))),$);
#6901=IFCSHAPEREPRESENTATION(#24,'Body','Curve2D',(#6889,#6890,#6898,#6900));
#6902=IFCCARTESIANPOINTLIST2D(((0.,0.),(0.89999997615814209,0.),(0.89999997615814209,2.),(0.,2.)));
#6903=IFCINDEXEDPOLYCURVE(#6902,(IFCLINEINDEX((1,2,3,4,1))),$);
#6904=IFCARBITRARYCLOSEDPROFILEDEF(.AREA.,$,#6903);
#6905=IFCCARTESIANPOINT((0.,-0.60000002384185791,0.));
#6906=IFCDIRECTION((0.,-1.,0.));
#6907=IFCDIRECTION((1.,0.,0.));
#6908=IFCAXIS2PLACEMENT3D(#6905,#6906,#6907);
#6909=IFCDIRECTION((0.,0.,-1.));
#6910=IFCEXTRUDEDAREASOLID(#6904,#6908,#6909,1.2);
#6911=IFCSHAPEREPRESENTATION(#11,'Body','SweptSolid',(#6910));
#6922=IFCCARTESIANPOINT((0.,0.,0.));
#6923=IFCDIRECTION((0.,0.,1.));
#6924=IFCDIRECTION((1.0000000000000002,-2.6469779601696886E-23,0.));
#6925=IFCAXIS2PLACEMENT3D(#6922,#6923,#6924);
#6926=IFCLOCALPLACEMENT(#11775,#6925);
#6927=IFCDOORTYPE('2$9hgW6E512PYoFuduVbTM',$,'MASTER - SF',$,$,(#6928),(#6930,#6938,#7016),$,$,.DOOR.,.SINGLE_SWING_LEFT.,$,$);
#6928=IFCPROPERTYSET('02XNFZzD91Nf0D7M6LpqPQ',$,'BBIM_Door',$,(#6929));
#6929=IFCPROPERTYSINGLEVALUE('Data',$,IFCTEXT('{"door_type": "SINGLE_SWING_LEFT", "overall_height": 2.0, "overall_width": 0.8999999761581421, "lining_properties": {"lining_depth": 0.05000000074505806, "lining_thickness": 0.05000000074505806, "lining_offset": 0.0, "lining_to_panel_offset_x": 0.02500000037252903, "lining_to_panel_offset_y": 0.02500000037252903, "transom_thickness": 0.0, "casing_thickness": 0.07500000298023224, "casing_depth": 0.004999999888241291, "threshold_thickness": 0.02500000037252903, "threshold_depth": 0.10000000149011612, "threshold_offset": 0.0}, "panel_properties": {"panel_depth": 0.03500000014901161, "panel_width_ratio": 1.0}}'),$);
#6930=IFCREPRESENTATIONMAP(#6931,#6935);
#6931=IFCAXIS2PLACEMENT3D(#6932,#6933,#6934);
#6932=IFCCARTESIANPOINT((0.,0.,0.));
#6933=IFCDIRECTION((0.,0.,1.));
#6934=IFCDIRECTION((1.,0.,0.));
#6935=IFCSHAPEREPRESENTATION(#18,'Profile','Curve3D',(#6936));
#6936=IFCINDEXEDPOLYCURVE(#6937,(IFCLINEINDEX((1,2,3,4,1))),$);
#6937=IFCCARTESIANPOINTLIST3D(((0.,0.,0.),(0.89999997615814209,0.,0.),(0.89999997615814209,0.,2.),(0.,0.,2.)));
#6938=IFCREPRESENTATIONMAP(#6939,#6943);
#6939=IFCAXIS2PLACEMENT3D(#6940,#6941,#6942);
#6940=IFCCARTESIANPOINT((0.,0.,0.));
#6941=IFCDIRECTION((0.,0.,1.));
#6942=IFCDIRECTION((1.,0.,0.));
#6943=IFCSHAPEREPRESENTATION(#11,'Body','SweptSolid',(#6944,#6953,#6962,#6971,#6980,#6989,#6998,#7007));
#6944=IFCEXTRUDEDAREASOLID(#6945,#6948,#6952,0.02500000037252903);
#6945=IFCARBITRARYCLOSEDPROFILEDEF(.AREA.,$,#6946);
#6946=IFCINDEXEDPOLYCURVE(#6947,(IFCLINEINDEX((1,2,3,4,5,6,7,8,1))),$);
#6947=IFCCARTESIANPOINTLIST2D(((0.,0.),(0.,2.),(0.89999997615814209,2.),(0.89999997615814209,0.),(0.87499997578561306,0.),(0.87499997578561306,1.974999999627471),(0.02500000037252903,1.974999999627471),(0.02500000037252903,0.)));
#6948=IFCAXIS2PLACEMENT3D(#6949,#6950,#6951);
#6949=IFCCARTESIANPOINT((0.,0.02500000037252903,0.));
#6950=IFCDIRECTION((0.,-1.,0.));
#6951=IFCDIRECTION((1.,0.,0.));
#6952=IFCDIRECTION((0.,0.,-1.));
#6953=IFCEXTRUDEDAREASOLID(#6954,#6957,#6961,0.02500000037252903);
#6954=IFCARBITRARYCLOSEDPROFILEDEF(.AREA.,$,#6955);
#6955=IFCINDEXEDPOLYCURVE(#6956,(IFCLINEINDEX((1,2,3,4,5,6,7,8,1))),$);
#6956=IFCCARTESIANPOINTLIST2D(((0.,0.),(0.,2.),(0.89999997615814209,2.),(0.89999997615814209,0.),(0.84999997541308403,0.),(0.84999997541308403,1.9499999992549419),(0.05000000074505806,1.9499999992549419),(0.05000000074505806,0.)));
#6957=IFCAXIS2PLACEMENT3D(#6958,#6959,#6960);
#6958=IFCCARTESIANPOINT((0.,0.,0.));
#6959=IFCDIRECTION((0.,-1.,0.));
#6960=IFCDIRECTION((1.,0.,0.));
#6961=IFCDIRECTION((0.,0.,-1.));
#6962=IFCEXTRUDEDAREASOLID(#6963,#6966,#6970,1.9499999992549419);
#6963=IFCARBITRARYCLOSEDPROFILEDEF(.AREA.,$,#6964);
#6964=IFCINDEXEDPOLYCURVE(#6965,(IFCLINEINDEX((1,2,3,4,1))),$);
#6965=IFCCARTESIANPOINTLIST2D(((0.,0.),(0.84999997541308403,0.),(0.84999997541308403,0.035000000149011612),(0.,0.035000000149011612)));
#6966=IFCAXIS2PLACEMENT3D(#6967,#6968,#6969);
#6967=IFCCARTESIANPOINT((0.02500000037252903,0.02500000037252903,0.02500000037252903));
#6968=IFCDIRECTION((0.,0.,1.));
#6969=IFCDIRECTION((1.,0.,0.));
#6970=IFCDIRECTION((0.,0.,1.));
#6971=IFCEXTRUDEDAREASOLID(#6972,#6975,#6979,0.02);
#6972=IFCARBITRARYCLOSEDPROFILEDEF(.AREA.,$,#6973);
#6973=IFCINDEXEDPOLYCURVE(#6974,(IFCLINEINDEX((1,2,3,4,5,6,1))),$);
#6974=IFCCARTESIANPOINTLIST2D(((0.,0.),(0.,-0.040000000000000001),(-0.11999999999999988,-0.040000000000000001),(-0.11999999999999988,-0.02),(-0.020000000000000018,-0.02),(-0.020000000000000018,0.)));
#6975=IFCAXIS2PLACEMENT3D(#6976,#6977,#6978);
#6976=IFCCARTESIANPOINT((0.82499997578561302,0.02500000037252903,1.015000000372529));
#6977=IFCDIRECTION((0.,0.,1.));
#6978=IFCDIRECTION((1.,0.,0.));
#6979=IFCDIRECTION((0.,0.,1.));
#6980=IFCEXTRUDEDAREASOLID(#6981,#6984,#6988,0.02);
#6981=IFCARBITRARYCLOSEDPROFILEDEF(.AREA.,$,#6982);
#6982=IFCINDEXEDPOLYCURVE(#6983,(IFCLINEINDEX((1,2,3,4,5,6,1))),$);
#6983=IFCCARTESIANPOINTLIST2D(((0.,0.),(0.,0.040000000000000008),(-0.11999999999999988,0.040000000000000008),(-0.11999999999999988,0.020000000000000004),(-0.020000000000000018,0.020000000000000004),(-0.020000000000000018,0.)));
#6984=IFCAXIS2PLACEMENT3D(#6985,#6986,#6987);
#6985=IFCCARTESIANPOINT((0.82499997578561302,0.060000000521540642,1.015000000372529));
#6986=IFCDIRECTION((0.,0.,1.));
#6987=IFCDIRECTION((1.,0.,0.));
#6988=IFCDIRECTION((0.,0.,1.));
#6989=IFCEXTRUDEDAREASOLID(#6990,#6993,#6997,0.02500000037252903);
#6990=IFCARBITRARYCLOSEDPROFILEDEF(.AREA.,$,#6991);
#6991=IFCINDEXEDPOLYCURVE(#6992,(IFCLINEINDEX((1,2,3,4,1))),$);
#6992=IFCCARTESIANPOINTLIST2D(((0.,0.),(0.79999997466802597,0.),(0.79999997466802597,0.10000000149011612),(0.,0.10000000149011612)));
#6993=IFCAXIS2PLACEMENT3D(#6994,#6995,#6996);
#6994=IFCCARTESIANPOINT((0.05000000074505806,0.,0.));
#6995=IFCDIRECTION((0.,0.,1.));
#6996=IFCDIRECTION((1.,0.,0.));
#6997=IFCDIRECTION((0.,0.,1.));
#6998=IFCEXTRUDEDAREASOLID(#6999,#7002,#7006,0.004999999888241291);
#6999=IFCARBITRARYCLOSEDPROFILEDEF(.AREA.,$,#7000);
#7000=IFCINDEXEDPOLYCURVE(#7001,(IFCLINEINDEX((1,2,3,4,5,6,7,8,1))),$);
#7001=IFCCARTESIANPOINTLIST2D(((0.,0.),(0.,2.0250000022351742),(0.94999998062849045,2.0250000022351742),(0.94999998062849045,0.),(0.87499997764825821,0.),(0.87499997764825821,1.9499999992549419),(0.075000002980232239,1.9499999992549419),(0.075000002980232239,0.)));
#7002=IFCAXIS2PLACEMENT3D(#7003,#7004,#7005);
#7003=IFCCARTESIANPOINT((-0.025000002235174179,-0.004999999888241291,0.));
#7004=IFCDIRECTION((0.,-1.,0.));
#7005=IFCDIRECTION((1.,0.,0.));
#7006=IFCDIRECTION((0.,0.,-1.));
#7007=IFCEXTRUDEDAREASOLID(#7008,#7011,#7015,0.004999999888241291);
#7008=IFCARBITRARYCLOSEDPROFILEDEF(.AREA.,$,#7009);
#7009=IFCINDEXEDPOLYCURVE(#7010,(IFCLINEINDEX((1,2,3,4,5,6,7,8,1))),$);
#7010=IFCCARTESIANPOINTLIST2D(((0.,0.),(0.,2.0250000022351742),(0.94999998062849045,2.0250000022351742),(0.94999998062849045,0.),(0.89999997802078724,0.),(0.89999997802078724,1.974999999627471),(0.050000002607703209,1.974999999627471),(0.050000002607703209,0.)));
#7011=IFCAXIS2PLACEMENT3D(#7012,#7013,#7014);
#7012=IFCCARTESIANPOINT((-0.025000002235174179,0.05000000074505806,0.));
#7013=IFCDIRECTION((0.,-1.,0.));
#7014=IFCDIRECTION((1.,0.,0.));
#7015=IFCDIRECTION((0.,0.,-1.));
#7016=IFCREPRESENTATIONMAP(#7017,#7021);
#7017=IFCAXIS2PLACEMENT3D(#7018,#7019,#7020);
#7018=IFCCARTESIANPOINT((0.,0.,0.));
#7019=IFCDIRECTION((0.,0.,1.));
#7020=IFCDIRECTION((1.,0.,0.));
#7021=IFCSHAPEREPRESENTATION(#24,'Body','Curve2D',(#7022,#7024,#7026,#7033));
#7022=IFCINDEXEDPOLYCURVE(#7023,(IFCLINEINDEX((1,2,3,4,5,6,1))),$);
#7023=IFCCARTESIANPOINTLIST2D(((0.,0.),(0.,0.05000000074505806),(0.02500000037252903,0.05000000074505806),(0.02500000037252903,0.02500000037252903),(0.05000000074505806,0.02500000037252903),(0.05000000074505806,0.)));
#7024=IFCINDEXEDPOLYCURVE(#7025,(IFCLINEINDEX((1,2,3,4,5,6,1))),$);
#7025=IFCCARTESIANPOINTLIST2D(((0.89999997615814209,0.),(0.89999997615814209,0.05000000074505806),(0.87499997578561306,0.05000000074505806),(0.87499997578561306,0.02500000037252903),(0.84999997541308403,0.02500000037252903),(0.84999997541308403,0.)));
#7026=IFCTRIMMEDCURVE(#7027,(#7031),(#7032),.T.,.CARTESIAN.);
#7027=IFCELLIPSE(#7028,0.81499997526407242,0.84999997541308403);
#7028=IFCAXIS2PLACEMENT2D(#7029,#7030);
#7029=IFCCARTESIANPOINT((0.060000000521540642,0.05000000074505806));
#7030=IFCDIRECTION((1.,0.));
#7031=IFCCARTESIANPOINT((0.87499997578561306,0.05000000074505806));
#7032=IFCCARTESIANPOINT((0.060000000521540642,0.89999997615814209));
#7033=IFCINDEXEDPOLYCURVE(#7034,(IFCLINEINDEX((1,2,3,4,1))),$);
#7034=IFCCARTESIANPOINTLIST2D(((0.02500000037252903,0.05000000074505806),(0.060000000521540642,0.05000000074505806),(0.060000000521540642,0.89999997615814209),(0.02500000037252903,0.89999997615814209)));
#7035=IFCDOOR('17HHXXEaz0BOoXnHwbXlSN',$,'Door',$,$,#8313,#7044,$,2.,0.89999997615814209,$,$,$);
#7036=IFCRELDEFINESBYTYPE('2LJuZhoxX1TQ3MnrLG5tkK',$,$,$,(#7035),#6927);
#7037=IFCCARTESIANPOINT((0.,0.,0.));
#7038=IFCDIRECTION((1.,0.,0.));
#7039=IFCDIRECTION((0.,1.,0.));
#7040=IFCDIRECTION((0.,0.,1.));
#7041=IFCCARTESIANTRANSFORMATIONOPERATOR3D(#7038,#7039,#7037,1.,#7040);
#7042=IFCMAPPEDITEM(#6930,#7041);
#7043=IFCSHAPEREPRESENTATION(#18,'Profile','MappedRepresentation',(#7042));
#7044=IFCPRODUCTDEFINITIONSHAPE($,$,(#7043,#7051,#7058));
#7045=IFCCARTESIANPOINT((0.,0.,0.));
#7046=IFCDIRECTION((1.,0.,0.));
#7047=IFCDIRECTION((0.,1.,0.));
#7048=IFCDIRECTION((0.,0.,1.));
#7049=IFCCARTESIANTRANSFORMATIONOPERATOR3D(#7046,#7047,#7045,1.,#7048);
#7050=IFCMAPPEDITEM(#6938,#7049);
#7051=IFCSHAPEREPRESENTATION(#11,'Body','MappedRepresentation',(#7050));
#7052=IFCCARTESIANPOINT((0.,0.,0.));
#7053=IFCDIRECTION((1.,0.,0.));
#7054=IFCDIRECTION((0.,1.,0.));
#7055=IFCDIRECTION((0.,0.,1.));
#7056=IFCCARTESIANTRANSFORMATIONOPERATOR3D(#7053,#7054,#7052,1.,#7055);
#7057=IFCMAPPEDITEM(#7016,#7056);
#7058=IFCSHAPEREPRESENTATION(#24,'Body','MappedRepresentation',(#7057));
#7059=IFCOPENINGELEMENT('0QWhcX5L54Ower039RHOW3',$,'Opening',$,$,#7109,#7087,$,.OPENING.);
#7065=IFCCARTESIANPOINTLIST2D(((0.,0.),(0.89999997615814209,0.),(0.89999997615814209,2.),(0.,2.)));
#7066=IFCINDEXEDPOLYCURVE(#7065,(IFCLINEINDEX((1,2,3,4,1))),$);
#7067=IFCARBITRARYCLOSEDPROFILEDEF(.AREA.,$,#7066);
#7068=IFCCARTESIANPOINT((0.,-0.60000002384185791,0.));
#7069=IFCDIRECTION((0.,-1.,0.));
#7070=IFCDIRECTION((1.,0.,0.));
#7071=IFCAXIS2PLACEMENT3D(#7068,#7069,#7070);
#7072=IFCDIRECTION((0.,0.,-1.));
#7073=IFCEXTRUDEDAREASOLID(#7067,#7071,#7072,1.2);
#7074=IFCSHAPEREPRESENTATION(#11,'Body','SweptSolid',(#7073));
#7075=IFCCARTESIANPOINT((0.,0.,0.));
#7076=IFCDIRECTION((1.,0.,0.));
#7077=IFCDIRECTION((0.,0.,1.));
#7078=IFCAXIS2PLACEMENT3D(#7075,#7077,#7076);
#7079=IFCREPRESENTATIONMAP(#7078,#7074);
#7080=IFCCARTESIANPOINT((0.,0.,0.));
#7081=IFCDIRECTION((1.,0.,0.));
#7082=IFCDIRECTION((0.,1.,0.));
#7083=IFCDIRECTION((0.,0.,1.));
#7084=IFCCARTESIANTRANSFORMATIONOPERATOR3D(#7081,#7082,#7080,1.,#7083);
#7085=IFCMAPPEDITEM(#7079,#7084);
#7086=IFCSHAPEREPRESENTATION(#11,'Body','MappedRepresentation',(#7085));
#7087=IFCPRODUCTDEFINITIONSHAPE($,$,(#7086));
#7088=IFCRELVOIDSELEMENT('1p$LG0pK9DiAwXaVD$gK_O',$,$,$,#5751,#7059);
#7094=IFCRELFILLSELEMENT('3Ic7NBGwr0fP$0UbI7$VBN',$,$,$,#7059,#7035);
#7105=IFCCARTESIANPOINT((2.9340147972108399,4.7180752546505111E-07,0.));
#7106=IFCDIRECTION((0.,0.,1.));
#7107=IFCDIRECTION((0.99999999999999289,1.1920928955077312E-07,0.));
#7108=IFCAXIS2PLACEMENT3D(#7105,#7106,#7107);
#7109=IFCLOCALPLACEMENT(#6333,#7108);
#7115=IFCDOORTYPE('3cSdYwdoX4A9DnYmXBmlEv',$,'Bed - SF',$,$,(#7116),(#7118,#7126,#7204),$,$,.DOOR.,.SINGLE_SWING_LEFT.,$,$);
#7116=IFCPROPERTYSET('0RpthLh319sxWzAGHq9cLy',$,'BBIM_Door',$,(#7117));
#7117=IFCPROPERTYSINGLEVALUE('Data',$,IFCTEXT('{"door_type": "SINGLE_SWING_LEFT", "overall_height": 2.0, "overall_width": 0.8999999761581421, "lining_properties": {"lining_depth": 0.05000000074505806, "lining_thickness": 0.05000000074505806, "lining_offset": 0.0, "lining_to_panel_offset_x": 0.02500000037252903, "lining_to_panel_offset_y": 0.02500000037252903, "transom_thickness": 0.0, "casing_thickness": 0.07500000298023224, "casing_depth": 0.004999999888241291, "threshold_thickness": 0.02500000037252903, "threshold_depth": 0.10000000149011612, "threshold_offset": 0.0}, "panel_properties": {"panel_depth": 0.03500000014901161, "panel_width_ratio": 1.0}}'),$);
#7118=IFCREPRESENTATIONMAP(#7119,#7123);
#7119=IFCAXIS2PLACEMENT3D(#7120,#7121,#7122);
#7120=IFCCARTESIANPOINT((0.,0.,0.));
#7121=IFCDIRECTION((0.,0.,1.));
#7122=IFCDIRECTION((1.,0.,0.));
#7123=IFCSHAPEREPRESENTATION(#18,'Profile','Curve3D',(#7124));
#7124=IFCINDEXEDPOLYCURVE(#7125,(IFCLINEINDEX((1,2,3,4,1))),$);
#7125=IFCCARTESIANPOINTLIST3D(((0.,0.,0.),(0.89999997615814209,0.,0.),(0.89999997615814209,0.,2.),(0.,0.,2.)));
#7126=IFCREPRESENTATIONMAP(#7127,#7131);
#7127=IFCAXIS2PLACEMENT3D(#7128,#7129,#7130);
#7128=IFCCARTESIANPOINT((0.,0.,0.));
#7129=IFCDIRECTION((0.,0.,1.));
#7130=IFCDIRECTION((1.,0.,0.));
#7131=IFCSHAPEREPRESENTATION(#11,'Body','SweptSolid',(#7132,#7141,#7150,#7159,#7168,#7177,#7186,#7195));
#7132=IFCEXTRUDEDAREASOLID(#7133,#7136,#7140,0.02500000037252903);
#7133=IFCARBITRARYCLOSEDPROFILEDEF(.AREA.,$,#7134);
#7134=IFCINDEXEDPOLYCURVE(#7135,(IFCLINEINDEX((1,2,3,4,5,6,7,8,1))),$);
#7135=IFCCARTESIANPOINTLIST2D(((0.,0.),(0.,2.),(0.89999997615814209,2.),(0.89999997615814209,0.),(0.87499997578561306,0.),(0.87499997578561306,1.974999999627471),(0.02500000037252903,1.974999999627471),(0.02500000037252903,0.)));
#7136=IFCAXIS2PLACEMENT3D(#7137,#7138,#7139);
#7137=IFCCARTESIANPOINT((0.,0.02500000037252903,0.));
#7138=IFCDIRECTION((0.,-1.,0.));
#7139=IFCDIRECTION((1.,0.,0.));
#7140=IFCDIRECTION((0.,0.,-1.));
#7141=IFCEXTRUDEDAREASOLID(#7142,#7145,#7149,0.02500000037252903);
#7142=IFCARBITRARYCLOSEDPROFILEDEF(.AREA.,$,#7143);
#7143=IFCINDEXEDPOLYCURVE(#7144,(IFCLINEINDEX((1,2,3,4,5,6,7,8,1))),$);
#7144=IFCCARTESIANPOINTLIST2D(((0.,0.),(0.,2.),(0.89999997615814209,2.),(0.89999997615814209,0.),(0.84999997541308403,0.),(0.84999997541308403,1.9499999992549419),(0.05000000074505806,1.9499999992549419),(0.05000000074505806,0.)));
#7145=IFCAXIS2PLACEMENT3D(#7146,#7147,#7148);
#7146=IFCCARTESIANPOINT((0.,0.,0.));
#7147=IFCDIRECTION((0.,-1.,0.));
#7148=IFCDIRECTION((1.,0.,0.));
#7149=IFCDIRECTION((0.,0.,-1.));
#7150=IFCEXTRUDEDAREASOLID(#7151,#7154,#7158,1.9499999992549419);
#7151=IFCARBITRARYCLOSEDPROFILEDEF(.AREA.,$,#7152);
#7152=IFCINDEXEDPOLYCURVE(#7153,(IFCLINEINDEX((1,2,3,4,1))),$);
#7153=IFCCARTESIANPOINTLIST2D(((0.,0.),(0.84999997541308403,0.),(0.84999997541308403,0.035000000149011612),(0.,0.035000000149011612)));
#7154=IFCAXIS2PLACEMENT3D(#7155,#7156,#7157);
#7155=IFCCARTESIANPOINT((0.02500000037252903,0.02500000037252903,0.02500000037252903));
#7156=IFCDIRECTION((0.,0.,1.));
#7157=IFCDIRECTION((1.,0.,0.));
#7158=IFCDIRECTION((0.,0.,1.));
#7159=IFCEXTRUDEDAREASOLID(#7160,#7163,#7167,0.02);
#7160=IFCARBITRARYCLOSEDPROFILEDEF(.AREA.,$,#7161);
#7161=IFCINDEXEDPOLYCURVE(#7162,(IFCLINEINDEX((1,2,3,4,5,6,1))),$);
#7162=IFCCARTESIANPOINTLIST2D(((0.,0.),(0.,-0.040000000000000001),(-0.11999999999999988,-0.040000000000000001),(-0.11999999999999988,-0.02),(-0.020000000000000018,-0.02),(-0.020000000000000018,0.)));
#7163=IFCAXIS2PLACEMENT3D(#7164,#7165,#7166);
#7164=IFCCARTESIANPOINT((0.82499997578561302,0.02500000037252903,1.015000000372529));
#7165=IFCDIRECTION((0.,0.,1.));
#7166=IFCDIRECTION((1.,0.,0.));
#7167=IFCDIRECTION((0.,0.,1.));
#7168=IFCEXTRUDEDAREASOLID(#7169,#7172,#7176,0.02);
#7169=IFCARBITRARYCLOSEDPROFILEDEF(.AREA.,$,#7170);
#7170=IFCINDEXEDPOLYCURVE(#7171,(IFCLINEINDEX((1,2,3,4,5,6,1))),$);
#7171=IFCCARTESIANPOINTLIST2D(((0.,0.),(0.,0.040000000000000008),(-0.11999999999999988,0.040000000000000008),(-0.11999999999999988,0.020000000000000004),(-0.020000000000000018,0.020000000000000004),(-0.020000000000000018,0.)));
#7172=IFCAXIS2PLACEMENT3D(#7173,#7174,#7175);
#7173=IFCCARTESIANPOINT((0.82499997578561302,0.060000000521540642,1.015000000372529));
#7174=IFCDIRECTION((0.,0.,1.));
#7175=IFCDIRECTION((1.,0.,0.));
#7176=IFCDIRECTION((0.,0.,1.));
#7177=IFCEXTRUDEDAREASOLID(#7178,#7181,#7185,0.02500000037252903);
#7178=IFCARBITRARYCLOSEDPROFILEDEF(.AREA.,$,#7179);
#7179=IFCINDEXEDPOLYCURVE(#7180,(IFCLINEINDEX((1,2,3,4,1))),$);
#7180=IFCCARTESIANPOINTLIST2D(((0.,0.),(0.79999997466802597,0.),(0.79999997466802597,0.10000000149011612),(0.,0.10000000149011612)));
#7181=IFCAXIS2PLACEMENT3D(#7182,#7183,#7184);
#7182=IFCCARTESIANPOINT((0.05000000074505806,0.,0.));
#7183=IFCDIRECTION((0.,0.,1.));
#7184=IFCDIRECTION((1.,0.,0.));
#7185=IFCDIRECTION((0.,0.,1.));
#7186=IFCEXTRUDEDAREASOLID(#7187,#7190,#7194,0.004999999888241291);
#7187=IFCARBITRARYCLOSEDPROFILEDEF(.AREA.,$,#7188);
#7188=IFCINDEXEDPOLYCURVE(#7189,(IFCLINEINDEX((1,2,3,4,5,6,7,8,1))),$);
#7189=IFCCARTESIANPOINTLIST2D(((0.,0.),(0.,2.0250000022351742),(0.94999998062849045,2.0250000022351742),(0.94999998062849045,0.),(0.87499997764825821,0.),(0.87499997764825821,1.9499999992549419),(0.075000002980232239,1.9499999992549419),(0.075000002980232239,0.)));
#7190=IFCAXIS2PLACEMENT3D(#7191,#7192,#7193);
#7191=IFCCARTESIANPOINT((-0.025000002235174179,-0.004999999888241291,0.));
#7192=IFCDIRECTION((0.,-1.,0.));
#7193=IFCDIRECTION((1.,0.,0.));
#7194=IFCDIRECTION((0.,0.,-1.));
#7195=IFCEXTRUDEDAREASOLID(#7196,#7199,#7203,0.004999999888241291);
#7196=IFCARBITRARYCLOSEDPROFILEDEF(.AREA.,$,#7197);
#7197=IFCINDEXEDPOLYCURVE(#7198,(IFCLINEINDEX((1,2,3,4,5,6,7,8,1))),$);
#7198=IFCCARTESIANPOINTLIST2D(((0.,0.),(0.,2.0250000022351742),(0.94999998062849045,2.0250000022351742),(0.94999998062849045,0.),(0.89999997802078724,0.),(0.89999997802078724,1.974999999627471),(0.050000002607703209,1.974999999627471),(0.050000002607703209,0.)));
#7199=IFCAXIS2PLACEMENT3D(#7200,#7201,#7202);
#7200=IFCCARTESIANPOINT((-0.025000002235174179,0.05000000074505806,0.));
#7201=IFCDIRECTION((0.,-1.,0.));
#7202=IFCDIRECTION((1.,0.,0.));
#7203=IFCDIRECTION((0.,0.,-1.));
#7204=IFCREPRESENTATIONMAP(#7205,#7209);
#7205=IFCAXIS2PLACEMENT3D(#7206,#7207,#7208);
#7206=IFCCARTESIANPOINT((0.,0.,0.));
#7207=IFCDIRECTION((0.,0.,1.));
#7208=IFCDIRECTION((1.,0.,0.));
#7209=IFCSHAPEREPRESENTATION(#24,'Body','Curve2D',(#7210,#7212,#7214,#7221));
#7210=IFCINDEXEDPOLYCURVE(#7211,(IFCLINEINDEX((1,2,3,4,5,6,1))),$);
#7211=IFCCARTESIANPOINTLIST2D(((0.,0.),(0.,0.05000000074505806),(0.02500000037252903,0.05000000074505806),(0.02500000037252903,0.02500000037252903),(0.05000000074505806,0.02500000037252903),(0.05000000074505806,0.)));
#7212=IFCINDEXEDPOLYCURVE(#7213,(IFCLINEINDEX((1,2,3,4,5,6,1))),$);
#7213=IFCCARTESIANPOINTLIST2D(((0.89999997615814209,0.),(0.89999997615814209,0.05000000074505806),(0.87499997578561306,0.05000000074505806),(0.87499997578561306,0.02500000037252903),(0.84999997541308403,0.02500000037252903),(0.84999997541308403,0.)));
#7214=IFCTRIMMEDCURVE(#7215,(#7219),(#7220),.T.,.CARTESIAN.);
#7215=IFCELLIPSE(#7216,0.81499997526407242,0.84999997541308403);
#7216=IFCAXIS2PLACEMENT2D(#7217,#7218);
#7217=IFCCARTESIANPOINT((0.060000000521540642,0.05000000074505806));
#7218=IFCDIRECTION((1.,0.));
#7219=IFCCARTESIANPOINT((0.87499997578561306,0.05000000074505806));
#7220=IFCCARTESIANPOINT((0.060000000521540642,0.89999997615814209));
#7221=IFCINDEXEDPOLYCURVE(#7222,(IFCLINEINDEX((1,2,3,4,1))),$);
#7222=IFCCARTESIANPOINTLIST2D(((0.02500000037252903,0.05000000074505806),(0.060000000521540642,0.05000000074505806),(0.060000000521540642,0.89999997615814209),(0.02500000037252903,0.89999997615814209)));
#7223=IFCDOOR('1CynmOmBv0CwdLiC3SXisG',$,'Door',$,$,#7287,#7232,$,2.,0.89999997615814209,$,$,$);
#7224=IFCRELDEFINESBYTYPE('2Urwwh_ob3Re9zk5Rj$iJl',$,$,$,(#7223),#7115);
#7225=IFCCARTESIANPOINT((0.,0.,0.));
#7226=IFCDIRECTION((1.,0.,0.));
#7227=IFCDIRECTION((0.,1.,0.));
#7228=IFCDIRECTION((0.,0.,1.));
#7229=IFCCARTESIANTRANSFORMATIONOPERATOR3D(#7226,#7227,#7225,1.,#7228);
#7230=IFCMAPPEDITEM(#7118,#7229);
#7231=IFCSHAPEREPRESENTATION(#18,'Profile','MappedRepresentation',(#7230));
#7232=IFCPRODUCTDEFINITIONSHAPE($,$,(#7231,#7239,#7246));
#7233=IFCCARTESIANPOINT((0.,0.,0.));
#7234=IFCDIRECTION((1.,0.,0.));
#7235=IFCDIRECTION((0.,1.,0.));
#7236=IFCDIRECTION((0.,0.,1.));
#7237=IFCCARTESIANTRANSFORMATIONOPERATOR3D(#7234,#7235,#7233,1.,#7236);
#7238=IFCMAPPEDITEM(#7126,#7237);
#7239=IFCSHAPEREPRESENTATION(#11,'Body','MappedRepresentation',(#7238));
#7240=IFCCARTESIANPOINT((0.,0.,0.));
#7241=IFCDIRECTION((1.,0.,0.));
#7242=IFCDIRECTION((0.,1.,0.));
#7243=IFCDIRECTION((0.,0.,1.));
#7244=IFCCARTESIANTRANSFORMATIONOPERATOR3D(#7241,#7242,#7240,1.,#7243);
#7245=IFCMAPPEDITEM(#7204,#7244);
#7246=IFCSHAPEREPRESENTATION(#24,'Body','MappedRepresentation',(#7245));
#7247=IFCOPENINGELEMENT('3so5TrMOn6JgTmOtFWa4l8',$,'Opening',$,$,#7281,#7275,$,.OPENING.);
#7253=IFCCARTESIANPOINTLIST2D(((0.,0.),(0.89999997615814209,0.),(0.89999997615814209,2.),(0.,2.)));
#7254=IFCINDEXEDPOLYCURVE(#7253,(IFCLINEINDEX((1,2,3,4,1))),$);
#7255=IFCARBITRARYCLOSEDPROFILEDEF(.AREA.,$,#7254);
#7256=IFCCARTESIANPOINT((0.,-0.60000002384185791,0.));
#7257=IFCDIRECTION((0.,-1.,0.));
#7258=IFCDIRECTION((1.,0.,0.));
#7259=IFCAXIS2PLACEMENT3D(#7256,#7257,#7258);
#7260=IFCDIRECTION((0.,0.,-1.));
#7261=IFCEXTRUDEDAREASOLID(#7255,#7259,#7260,1.2);
#7262=IFCSHAPEREPRESENTATION(#11,'Body','SweptSolid',(#7261));
#7263=IFCCARTESIANPOINT((0.,0.,0.));
#7264=IFCDIRECTION((1.,0.,0.));
#7265=IFCDIRECTION((0.,0.,1.));
#7266=IFCAXIS2PLACEMENT3D(#7263,#7265,#7264);
#7267=IFCREPRESENTATIONMAP(#7266,#7262);
#7268=IFCCARTESIANPOINT((0.,0.,0.));
#7269=IFCDIRECTION((1.,0.,0.));
#7270=IFCDIRECTION((0.,1.,0.));
#7271=IFCDIRECTION((0.,0.,1.));
#7272=IFCCARTESIANTRANSFORMATIONOPERATOR3D(#7269,#7270,#7268,1.,#7271);
#7273=IFCMAPPEDITEM(#7267,#7272);
#7274=IFCSHAPEREPRESENTATION(#11,'Body','MappedRepresentation',(#7273));
#7275=IFCPRODUCTDEFINITIONSHAPE($,$,(#7274));
#7276=IFCRELVOIDSELEMENT('3kR6zgiQ94tg1baZM6mvXJ',$,$,$,#5751,#7247);
#7277=IFCCARTESIANPOINT((2.6416709617773471,0.10000031415225105,0.));
#7278=IFCDIRECTION((0.,0.,1.));
#7279=IFCDIRECTION((-0.99999999999999623,-8.7422790784325385E-08,0.));
#7280=IFCAXIS2PLACEMENT3D(#7277,#7278,#7279);
#7281=IFCLOCALPLACEMENT(#6333,#7280);
#7282=IFCRELFILLSELEMENT('1yOoXhj3zFkw7e8$8y6_k9',$,$,$,#7247,#7223);
#7283=IFCCARTESIANPOINT((-8.8817841970012523E-16,5.5511151231257827E-17,0.));
#7284=IFCDIRECTION((0.,0.,1.));
#7285=IFCDIRECTION((0.99999999999999989,5.2939559203393771E-23,0.));
#7286=IFCAXIS2PLACEMENT3D(#7283,#7284,#7285);
#7287=IFCLOCALPLACEMENT(#7281,#7286);
#7288=IFCDOORTYPE('3PZOMzSKHD3A03SC7HQYNN',$,'T&B - SF',$,$,(#7289),(#7291,#7299,#7377),$,$,.DOOR.,.SINGLE_SWING_LEFT.,$,$);
#7289=IFCPROPERTYSET('3N2XXdDhDE29pxc5oY_JBj',$,'BBIM_Door',$,(#7290));
#7290=IFCPROPERTYSINGLEVALUE('Data',$,IFCTEXT('{"door_type": "SINGLE_SWING_LEFT", "overall_height": 1.8319506645202637, "overall_width": 0.7463752031326294, "lining_properties": {"lining_depth": 0.05000000074505806, "lining_thickness": 0.05000000074505806, "lining_offset": 0.0, "lining_to_panel_offset_x": 0.02500000037252903, "lining_to_panel_offset_y": 0.02500000037252903, "transom_thickness": 0.0, "casing_thickness": 0.07500000298023224, "casing_depth": 0.004999999888241291, "threshold_thickness": 0.02500000037252903, "threshold_depth": 0.10000000149011612, "threshold_offset": 0.0}, "panel_properties": {"panel_depth": 0.03500000014901161, "panel_width_ratio": 1.0}}'),$);
#7291=IFCREPRESENTATIONMAP(#7292,#7296);
#7292=IFCAXIS2PLACEMENT3D(#7293,#7294,#7295);
#7293=IFCCARTESIANPOINT((0.,0.,0.));
#7294=IFCDIRECTION((0.,0.,1.));
#7295=IFCDIRECTION((1.,0.,0.));
#7296=IFCSHAPEREPRESENTATION(#18,'Profile','Curve3D',(#7297));
#7297=IFCINDEXEDPOLYCURVE(#7298,(IFCLINEINDEX((1,2,3,4,1))),$);
#7298=IFCCARTESIANPOINTLIST3D(((0.,0.,0.),(0.74637520313262939,0.,0.),(0.74637520313262939,0.,1.8319506645202637),(0.,0.,1.8319506645202637)));
#7299=IFCREPRESENTATIONMAP(#7300,#7304);
#7300=IFCAXIS2PLACEMENT3D(#7301,#7302,#7303);
#7301=IFCCARTESIANPOINT((0.,0.,0.));
#7302=IFCDIRECTION((0.,0.,1.));
#7303=IFCDIRECTION((1.,0.,0.));
#7304=IFCSHAPEREPRESENTATION(#11,'Body','SweptSolid',(#7305,#7314,#7323,#7332,#7341,#7350,#7359,#7368));
#7305=IFCEXTRUDEDAREASOLID(#7306,#7309,#7313,0.02500000037252903);
#7306=IFCARBITRARYCLOSEDPROFILEDEF(.AREA.,$,#7307);
#7307=IFCINDEXEDPOLYCURVE(#7308,(IFCLINEINDEX((1,2,3,4,5,6,7,8,1))),$);
#7308=IFCCARTESIANPOINTLIST2D(((0.,0.),(0.,1.8319506645202637),(0.74637520313262939,1.8319506645202637),(0.74637520313262939,0.),(0.72137520276010036,0.),(0.72137520276010036,1.8069506641477346),(0.02500000037252903,1.8069506641477346),(0.02500000037252903,0.)));
#7309=IFCAXIS2PLACEMENT3D(#7310,#7311,#7312);
#7310=IFCCARTESIANPOINT((0.,0.02500000037252903,0.));
#7311=IFCDIRECTION((0.,-1.,0.));
#7312=IFCDIRECTION((1.,0.,0.));
#7313=IFCDIRECTION((0.,0.,-1.));
#7314=IFCEXTRUDEDAREASOLID(#7315,#7318,#7322,0.02500000037252903);
#7315=IFCARBITRARYCLOSEDPROFILEDEF(.AREA.,$,#7316);
#7316=IFCINDEXEDPOLYCURVE(#7317,(IFCLINEINDEX((1,2,3,4,5,6,7,8,1))),$);
#7317=IFCCARTESIANPOINTLIST2D(((0.,0.),(0.,1.8319506645202637),(0.74637520313262939,1.8319506645202637),(0.74637520313262939,0.),(0.69637520238757133,0.),(0.69637520238757133,1.7819506637752056),(0.05000000074505806,1.7819506637752056),(0.05000000074505806,0.)));
#7318=IFCAXIS2PLACEMENT3D(#7319,#7320,#7321);
#7319=IFCCARTESIANPOINT((0.,0.,0.));
#7320=IFCDIRECTION((0.,-1.,0.));
#7321=IFCDIRECTION((1.,0.,0.));
#7322=IFCDIRECTION((0.,0.,-1.));
#7323=IFCEXTRUDEDAREASOLID(#7324,#7327,#7331,1.7819506637752056);
#7324=IFCARBITRARYCLOSEDPROFILEDEF(.AREA.,$,#7325);
#7325=IFCINDEXEDPOLYCURVE(#7326,(IFCLINEINDEX((1,2,3,4,1))),$);
#7326=IFCCARTESIANPOINTLIST2D(((0.,0.),(0.69637520238757133,0.),(0.69637520238757133,0.035000000149011612),(0.,0.035000000149011612)));
#7327=IFCAXIS2PLACEMENT3D(#7328,#7329,#7330);
#7328=IFCCARTESIANPOINT((0.02500000037252903,0.02500000037252903,0.02500000037252903));
#7329=IFCDIRECTION((0.,0.,1.));
#7330=IFCDIRECTION((1.,0.,0.));
#7331=IFCDIRECTION((0.,0.,1.));
#7332=IFCEXTRUDEDAREASOLID(#7333,#7336,#7340,0.02);
#7333=IFCARBITRARYCLOSEDPROFILEDEF(.AREA.,$,#7334);
#7334=IFCINDEXEDPOLYCURVE(#7335,(IFCLINEINDEX((1,2,3,4,5,6,1))),$);
#7335=IFCCARTESIANPOINTLIST2D(((0.,0.),(0.,-0.040000000000000001),(-0.11999999999999988,-0.040000000000000001),(-0.11999999999999988,-0.02),(-0.020000000000000018,-0.02),(-0.020000000000000018,0.)));
#7336=IFCAXIS2PLACEMENT3D(#7337,#7338,#7339);
#7337=IFCCARTESIANPOINT((0.67137520276010032,0.02500000037252903,1.015000000372529));
#7338=IFCDIRECTION((0.,0.,1.));
#7339=IFCDIRECTION((1.,0.,0.));
#7340=IFCDIRECTION((0.,0.,1.));
#7341=IFCEXTRUDEDAREASOLID(#7342,#7345,#7349,0.02);
#7342=IFCARBITRARYCLOSEDPROFILEDEF(.AREA.,$,#7343);
#7343=IFCINDEXEDPOLYCURVE(#7344,(IFCLINEINDEX((1,2,3,4,5,6,1))),$);
#7344=IFCCARTESIANPOINTLIST2D(((0.,0.),(0.,0.040000000000000008),(-0.11999999999999988,0.040000000000000008),(-0.11999999999999988,0.020000000000000004),(-0.020000000000000018,0.020000000000000004),(-0.020000000000000018,0.)));
#7345=IFCAXIS2PLACEMENT3D(#7346,#7347,#7348);
#7346=IFCCARTESIANPOINT((0.67137520276010032,0.060000000521540642,1.015000000372529));
#7347=IFCDIRECTION((0.,0.,1.));
#7348=IFCDIRECTION((1.,0.,0.));
#7349=IFCDIRECTION((0.,0.,1.));
#7350=IFCEXTRUDEDAREASOLID(#7351,#7354,#7358,0.02500000037252903);
#7351=IFCARBITRARYCLOSEDPROFILEDEF(.AREA.,$,#7352);
#7352=IFCINDEXEDPOLYCURVE(#7353,(IFCLINEINDEX((1,2,3,4,1))),$);
#7353=IFCCARTESIANPOINTLIST2D(((0.,0.),(0.64637520164251328,0.),(0.64637520164251328,0.10000000149011612),(0.,0.10000000149011612)));
#7354=IFCAXIS2PLACEMENT3D(#7355,#7356,#7357);
#7355=IFCCARTESIANPOINT((0.05000000074505806,0.,0.));
#7356=IFCDIRECTION((0.,0.,1.));
#7357=IFCDIRECTION((1.,0.,0.));
#7358=IFCDIRECTION((0.,0.,1.));
#7359=IFCEXTRUDEDAREASOLID(#7360,#7363,#7367,0.004999999888241291);
#7360=IFCARBITRARYCLOSEDPROFILEDEF(.AREA.,$,#7361);
#7361=IFCINDEXEDPOLYCURVE(#7362,(IFCLINEINDEX((1,2,3,4,5,6,7,8,1))),$);
#7362=IFCCARTESIANPOINTLIST2D(((0.,0.),(0.,1.8569506667554379),(0.79637520760297775,1.8569506667554379),(0.79637520760297775,0.),(0.72137520462274551,0.),(0.72137520462274551,1.7819506637752056),(0.075000002980232239,1.7819506637752056),(0.075000002980232239,0.)));
#7363=IFCAXIS2PLACEMENT3D(#7364,#7365,#7366);
#7364=IFCCARTESIANPOINT((-0.025000002235174179,-0.004999999888241291,0.));
#7365=IFCDIRECTION((0.,-1.,0.));
#7366=IFCDIRECTION((1.,0.,0.));
#7367=IFCDIRECTION((0.,0.,-1.));
#7368=IFCEXTRUDEDAREASOLID(#7369,#7372,#7376,0.004999999888241291);
#7369=IFCARBITRARYCLOSEDPROFILEDEF(.AREA.,$,#7370);
#7370=IFCINDEXEDPOLYCURVE(#7371,(IFCLINEINDEX((1,2,3,4,5,6,7,8,1))),$);
#7371=IFCCARTESIANPOINTLIST2D(((0.,0.),(0.,1.8569506667554379),(0.79637520760297775,1.8569506667554379),(0.79637520760297775,0.),(0.74637520499527454,0.),(0.74637520499527454,1.8069506641477346),(0.050000002607703209,1.8069506641477346),(0.050000002607703209,0.)));
#7372=IFCAXIS2PLACEMENT3D(#7373,#7374,#7375);
#7373=IFCCARTESIANPOINT((-0.025000002235174179,0.05000000074505806,0.));
#7374=IFCDIRECTION((0.,-1.,0.));
#7375=IFCDIRECTION((1.,0.,0.));
#7376=IFCDIRECTION((0.,0.,-1.));
#7377=IFCREPRESENTATIONMAP(#7378,#7382);
#7378=IFCAXIS2PLACEMENT3D(#7379,#7380,#7381);
#7379=IFCCARTESIANPOINT((0.,0.,0.));
#7380=IFCDIRECTION((0.,0.,1.));
#7381=IFCDIRECTION((1.,0.,0.));
#7382=IFCSHAPEREPRESENTATION(#24,'Body','Curve2D',(#7383,#7385,#7387,#7394));
#7383=IFCINDEXEDPOLYCURVE(#7384,(IFCLINEINDEX((1,2,3,4,5,6,1))),$);
#7384=IFCCARTESIANPOINTLIST2D(((0.,0.),(0.,0.05000000074505806),(0.02500000037252903,0.05000000074505806),(0.02500000037252903,0.02500000037252903),(0.05000000074505806,0.02500000037252903),(0.05000000074505806,0.)));
#7385=IFCINDEXEDPOLYCURVE(#7386,(IFCLINEINDEX((1,2,3,4,5,6,1))),$);
#7386=IFCCARTESIANPOINTLIST2D(((0.74637520313262939,0.),(0.74637520313262939,0.05000000074505806),(0.72137520276010036,0.05000000074505806),(0.72137520276010036,0.02500000037252903),(0.69637520238757133,0.02500000037252903),(0.69637520238757133,0.)));
#7387=IFCTRIMMEDCURVE(#7388,(#7392),(#7393),.T.,.CARTESIAN.);
#7388=IFCELLIPSE(#7389,0.66137520223855972,0.69637520238757133);
#7389=IFCAXIS2PLACEMENT2D(#7390,#7391);
#7390=IFCCARTESIANPOINT((0.060000000521540642,0.05000000074505806));
#7391=IFCDIRECTION((1.,0.));
#7392=IFCCARTESIANPOINT((0.72137520276010036,0.05000000074505806));
#7393=IFCCARTESIANPOINT((0.060000000521540642,0.74637520313262939));
#7394=IFCINDEXEDPOLYCURVE(#7395,(IFCLINEINDEX((1,2,3,4,1))),$);
#7395=IFCCARTESIANPOINTLIST2D(((0.02500000037252903,0.05000000074505806),(0.060000000521540642,0.05000000074505806),(0.060000000521540642,0.74637520313262939),(0.02500000037252903,0.74637520313262939)));
#7396=IFCDOOR('0AWLTVrmP2ffoIr0KOARuD',$,'Door',$,$,#8318,#7405,$,1.8319506645202637,0.74637520313262939,$,$,$);
#7397=IFCRELDEFINESBYTYPE('1$sGAw2sn8WwL7eLubXPZT',$,$,$,(#7396),#7288);
#7398=IFCCARTESIANPOINT((0.,0.,0.));
#7399=IFCDIRECTION((1.,0.,0.));
#7400=IFCDIRECTION((0.,1.,0.));
#7401=IFCDIRECTION((0.,0.,1.));
#7402=IFCCARTESIANTRANSFORMATIONOPERATOR3D(#7399,#7400,#7398,1.,#7401);
#7403=IFCMAPPEDITEM(#7291,#7402);
#7404=IFCSHAPEREPRESENTATION(#18,'Profile','MappedRepresentation',(#7403));
#7405=IFCPRODUCTDEFINITIONSHAPE($,$,(#7404,#7412,#7419));
#7406=IFCCARTESIANPOINT((0.,0.,0.));
#7407=IFCDIRECTION((1.,0.,0.));
#7408=IFCDIRECTION((0.,1.,0.));
#7409=IFCDIRECTION((0.,0.,1.));
#7410=IFCCARTESIANTRANSFORMATIONOPERATOR3D(#7407,#7408,#7406,1.,#7409);
#7411=IFCMAPPEDITEM(#7299,#7410);
#7412=IFCSHAPEREPRESENTATION(#11,'Body','MappedRepresentation',(#7411));
#7413=IFCCARTESIANPOINT((0.,0.,0.));
#7414=IFCDIRECTION((1.,0.,0.));
#7415=IFCDIRECTION((0.,1.,0.));
#7416=IFCDIRECTION((0.,0.,1.));
#7417=IFCCARTESIANTRANSFORMATIONOPERATOR3D(#7414,#7415,#7413,1.,#7416);
#7418=IFCMAPPEDITEM(#7377,#7417);
#7419=IFCSHAPEREPRESENTATION(#24,'Body','MappedRepresentation',(#7418));
#7420=IFCOPENINGELEMENT('3BxJ6UWB50RuwN$kXiFVzo',$,'Opening',$,$,#7470,#7448,$,.OPENING.);
#7426=IFCCARTESIANPOINTLIST2D(((0.,0.),(0.74637520313262939,0.),(0.74637520313262939,1.8319506645202637),(0.,1.8319506645202637)));
#7427=IFCINDEXEDPOLYCURVE(#7426,(IFCLINEINDEX((1,2,3,4,1))),$);
#7428=IFCARBITRARYCLOSEDPROFILEDEF(.AREA.,$,#7427);
#7429=IFCCARTESIANPOINT((0.,-0.60000002384185791,0.));
#7430=IFCDIRECTION((0.,-1.,0.));
#7431=IFCDIRECTION((1.,0.,0.));
#7432=IFCAXIS2PLACEMENT3D(#7429,#7430,#7431);
#7433=IFCDIRECTION((0.,0.,-1.));
#7434=IFCEXTRUDEDAREASOLID(#7428,#7432,#7433,1.2);
#7435=IFCSHAPEREPRESENTATION(#11,'Body','SweptSolid',(#7434));
#7436=IFCCARTESIANPOINT((0.,0.,0.));
#7437=IFCDIRECTION((1.,0.,0.));
#7438=IFCDIRECTION((0.,0.,1.));
#7439=IFCAXIS2PLACEMENT3D(#7436,#7438,#7437);
#7440=IFCREPRESENTATIONMAP(#7439,#7435);
#7441=IFCCARTESIANPOINT((0.,0.,0.));
#7442=IFCDIRECTION((1.,0.,0.));
#7443=IFCDIRECTION((0.,1.,0.));
#7444=IFCDIRECTION((0.,0.,1.));
#7445=IFCCARTESIANTRANSFORMATIONOPERATOR3D(#7442,#7443,#7441,1.,#7444);
#7446=IFCMAPPEDITEM(#7440,#7445);
#7447=IFCSHAPEREPRESENTATION(#11,'Body','MappedRepresentation',(#7446));
#7448=IFCPRODUCTDEFINITIONSHAPE($,$,(#7447));
#7449=IFCRELVOIDSELEMENT('0j0Hx78dX0YwGaQGMEDbQ_',$,$,$,#5789,#7420);
#7455=IFCRELFILLSELEMENT('35julMh0L6lvm$5DzHBR0u',$,$,$,#7420,#7396);
#7466=IFCCARTESIANPOINT((0.40112943838251047,4.76837158203125E-07,0.));
#7467=IFCDIRECTION((0.,0.,1.));
#7468=IFCDIRECTION((0.99999999999997158,-2.3841857910155572E-07,0.));
#7469=IFCAXIS2PLACEMENT3D(#7466,#7467,#7468);
#7470=IFCLOCALPLACEMENT(#6394,#7469);
#7476=IFCWINDOWTYPE('36Bs34_oD5bxK0NzH16IGg',$,'Bed 2 - SF',$,$,(#7477),(#7479,#7487,#7573),$,$,.WINDOW.,.SINGLE_PANEL.,$,$);
#7477=IFCPROPERTYSET('39k5Gd0wnDi879Gwnrwr7q',$,'BBIM_Window',$,(#7478));
#7478=IFCPROPERTYSINGLEVALUE('Data',$,IFCTEXT('{"window_type": "DOUBLE_PANEL_VERTICAL", "overall_height": 1.1377971172332764, "overall_width": 1.1899967193603516, "lining_properties": {"lining_depth": 0.05000000074505806, "lining_thickness": 0.05000000074505806, "lining_offset": 0.05000000074505806, "lining_to_panel_offset_x": 0.02500000037252903, "lining_to_panel_offset_y": 0.02500000037252903, "mullion_thickness": 0.05000000074505806, "first_mullion_offset": 0.6018311381340027}, "panel_properties": {"frame_depth": [0.03500000014901161, 0.03500000014901161, 0.03500000014901161], "frame_thickness": [0.03500000014901161, 0.03500000014901161, 0.03500000014901161]}}'),$);
#7479=IFCREPRESENTATIONMAP(#7480,#7484);
#7480=IFCAXIS2PLACEMENT3D(#7481,#7482,#7483);
#7481=IFCCARTESIANPOINT((0.,0.,0.));
#7482=IFCDIRECTION((0.,0.,1.));
#7483=IFCDIRECTION((1.,0.,0.));
#7484=IFCSHAPEREPRESENTATION(#18,'Profile','Curve3D',(#7485));
#7485=IFCINDEXEDPOLYCURVE(#7486,(IFCLINEINDEX((1,2,3,4,1))),$);
#7486=IFCCARTESIANPOINTLIST3D(((0.,0.,0.),(1.1899967193603516,0.,0.),(1.1899967193603516,0.,1.1377971172332764),(0.,0.,1.1377971172332764)));
#7487=IFCREPRESENTATIONMAP(#7488,#7492);
#7488=IFCAXIS2PLACEMENT3D(#7489,#7490,#7491);
#7489=IFCCARTESIANPOINT((0.,0.,0.));
#7490=IFCDIRECTION((0.,0.,1.));
#7491=IFCDIRECTION((1.,0.,0.));
#7492=IFCSHAPEREPRESENTATION(#11,'Body','SweptSolid',(#7493,#7502,#7513,#7524,#7533,#7542,#7553,#7564));
#7493=IFCEXTRUDEDAREASOLID(#7494,#7497,#7501,0.0099999997764825821);
#7494=IFCARBITRARYCLOSEDPROFILEDEF(.AREA.,$,#7495);
#7495=IFCINDEXEDPOLYCURVE(#7496,(IFCLINEINDEX((1,2,3,4,5,6,7,8,1))),$);
#7496=IFCCARTESIANPOINTLIST2D(((0.60183113813400269,0.),(0.,0.),(0.,1.1377971172332764),(0.60183113813400269,1.1377971172332764),(0.60183113813400269,1.1127971168607473),(0.02500000037252903,1.1127971168607473),(0.02500000037252903,0.02500000037252903),(0.60183113813400269,0.02500000037252903)));
#7497=IFCAXIS2PLACEMENT3D(#7498,#7499,#7500);
#7498=IFCCARTESIANPOINT((0.,0.090000001713633537,0.));
#7499=IFCDIRECTION((0.,-1.,0.));
#7500=IFCDIRECTION((1.,0.,0.));
#7501=IFCDIRECTION((0.,0.,-1.));
#7502=IFCEXTRUDEDAREASOLID(#7503,#7508,#7512,0.040000000968575478);
#7503=IFCARBITRARYPROFILEDEFWITHVOIDS(.AREA.,$,#7504,(#7506));
#7504=IFCINDEXEDPOLYCURVE(#7505,(IFCLINEINDEX((1,2,3,4,1))),$);
#7505=IFCCARTESIANPOINTLIST2D(((0.,0.),(0.60183113813400269,0.),(0.60183113813400269,1.1377971172332764),(0.,1.1377971172332764)));
#7506=IFCINDEXEDPOLYCURVE(#7507,(IFCLINEINDEX((1,2,3,4,1))),$);
#7507=IFCCARTESIANPOINTLIST2D(((0.05000000074505806,0.05000000074505806),(0.57683113776147366,0.05000000074505806),(0.57683113776147366,1.0877971164882183),(0.05000000074505806,1.0877971164882183)));
#7508=IFCAXIS2PLACEMENT3D(#7509,#7510,#7511);
#7509=IFCCARTESIANPOINT((0.,0.05000000074505806,0.));
#7510=IFCDIRECTION((0.,-1.,0.));
#7511=IFCDIRECTION((1.,0.,0.));
#7512=IFCDIRECTION((0.,0.,-1.));
#7513=IFCEXTRUDEDAREASOLID(#7514,#7519,#7523,0.035000000149011612);
#7514=IFCARBITRARYPROFILEDEFWITHVOIDS(.AREA.,$,#7515,(#7517));
#7515=IFCINDEXEDPOLYCURVE(#7516,(IFCLINEINDEX((1,2,3,4,1))),$);
#7516=IFCCARTESIANPOINTLIST2D(((0.,0.),(0.57683113776147366,0.),(0.57683113776147366,1.0877971164882183),(0.,1.0877971164882183)));
#7517=IFCINDEXEDPOLYCURVE(#7518,(IFCLINEINDEX((1,2,3,4,1))),$);
#7518=IFCCARTESIANPOINTLIST2D(((0.035000000149011612,0.035000000149011612),(0.54183113761246204,0.035000000149011612),(0.54183113761246204,1.0527971163392067),(0.035000000149011612,1.0527971163392067)));
#7519=IFCAXIS2PLACEMENT3D(#7520,#7521,#7522);
#7520=IFCCARTESIANPOINT((0.02500000037252903,0.090000001713633537,0.02500000037252903));
#7521=IFCDIRECTION((0.,-1.,0.));
#7522=IFCDIRECTION((1.,0.,0.));
#7523=IFCDIRECTION((0.,0.,-1.));
#7524=IFCEXTRUDEDAREASOLID(#7525,#7528,#7532,0.01);
#7525=IFCARBITRARYCLOSEDPROFILEDEF(.AREA.,$,#7526);
#7526=IFCINDEXEDPOLYCURVE(#7527,(IFCLINEINDEX((1,2,3,4,1))),$);
#7527=IFCCARTESIANPOINTLIST2D(((0.035000000149011612,0.035000000149011612),(0.54183113761246204,0.035000000149011612),(0.54183113761246204,1.0527971163392067),(0.035000000149011612,1.0527971163392067)));
#7528=IFCAXIS2PLACEMENT3D(#7529,#7530,#7531);
#7529=IFCCARTESIANPOINT((0.02500000037252903,0.10250000178813934,0.02500000037252903));
#7530=IFCDIRECTION((0.,-1.,0.));
#7531=IFCDIRECTION((1.,0.,0.));
#7532=IFCDIRECTION((0.,0.,-1.));
#7533=IFCEXTRUDEDAREASOLID(#7534,#7537,#7541,0.0099999997764825821);
#7534=IFCARBITRARYCLOSEDPROFILEDEF(.AREA.,$,#7535);
#7535=IFCINDEXEDPOLYCURVE(#7536,(IFCLINEINDEX((1,2,3,4,5,6,7,8,1))),$);
#7536=IFCCARTESIANPOINTLIST2D(((0.,1.1377971172332764),(0.58816558122634888,1.1377971172332764),(0.58816558122634888,0.),(0.,0.),(0.,0.02500000037252903),(0.56316558085381985,0.02500000037252903),(0.56316558085381985,1.1127971168607473),(0.,1.1127971168607473)));
#7537=IFCAXIS2PLACEMENT3D(#7538,#7539,#7540);
#7538=IFCCARTESIANPOINT((0.60183113813400269,0.090000001713633537,0.));
#7539=IFCDIRECTION((0.,-1.,0.));
#7540=IFCDIRECTION((1.,0.,0.));
#7541=IFCDIRECTION((0.,0.,-1.));
#7542=IFCEXTRUDEDAREASOLID(#7543,#7548,#7552,0.040000000968575478);
#7543=IFCARBITRARYPROFILEDEFWITHVOIDS(.AREA.,$,#7544,(#7546));
#7544=IFCINDEXEDPOLYCURVE(#7545,(IFCLINEINDEX((1,2,3,4,1))),$);
#7545=IFCCARTESIANPOINTLIST2D(((0.,0.),(0.58816558122634888,0.),(0.58816558122634888,1.1377971172332764),(0.,1.1377971172332764)));
#7546=IFCINDEXEDPOLYCURVE(#7547,(IFCLINEINDEX((1,2,3,4,1))),$);
#7547=IFCCARTESIANPOINTLIST2D(((0.02500000037252903,0.05000000074505806),(0.53816558048129082,0.05000000074505806),(0.53816558048129082,1.0877971164882183),(0.02500000037252903,1.0877971164882183)));
#7548=IFCAXIS2PLACEMENT3D(#7549,#7550,#7551);
#7549=IFCCARTESIANPOINT((0.60183113813400269,0.05000000074505806,0.));
#7550=IFCDIRECTION((0.,-1.,0.));
#7551=IFCDIRECTION((1.,0.,0.));
#7552=IFCDIRECTION((0.,0.,-1.));
#7553=IFCEXTRUDEDAREASOLID(#7554,#7559,#7563,0.035000000149011612);
#7554=IFCARBITRARYPROFILEDEFWITHVOIDS(.AREA.,$,#7555,(#7557));
#7555=IFCINDEXEDPOLYCURVE(#7556,(IFCLINEINDEX((1,2,3,4,1))),$);
#7556=IFCCARTESIANPOINTLIST2D(((0.,0.),(0.56316558085381985,0.),(0.56316558085381985,1.0877971164882183),(0.,1.0877971164882183)));
#7557=IFCINDEXEDPOLYCURVE(#7558,(IFCLINEINDEX((1,2,3,4,1))),$);
#7558=IFCCARTESIANPOINTLIST2D(((0.035000000149011612,0.035000000149011612),(0.52816558070480824,0.035000000149011612),(0.52816558070480824,1.0527971163392067),(0.035000000149011612,1.0527971163392067)));
#7559=IFCAXIS2PLACEMENT3D(#7560,#7561,#7562);
#7560=IFCCARTESIANPOINT((0.60183113813400269,0.090000001713633537,0.02500000037252903));
#7561=IFCDIRECTION((0.,-1.,0.));
#7562=IFCDIRECTION((1.,0.,0.));
#7563=IFCDIRECTION((0.,0.,-1.));
#7564=IFCEXTRUDEDAREASOLID(#7565,#7568,#7572,0.01);
#7565=IFCARBITRARYCLOSEDPROFILEDEF(.AREA.,$,#7566);
#7566=IFCINDEXEDPOLYCURVE(#7567,(IFCLINEINDEX((1,2,3,4,1))),$);
#7567=IFCCARTESIANPOINTLIST2D(((0.035000000149011612,0.035000000149011612),(0.52816558070480824,0.035000000149011612),(0.52816558070480824,1.0527971163392067),(0.035000000149011612,1.0527971163392067)));
#7568=IFCAXIS2PLACEMENT3D(#7569,#7570,#7571);
#7569=IFCCARTESIANPOINT((0.60183113813400269,0.10250000178813934,0.02500000037252903));
#7570=IFCDIRECTION((0.,-1.,0.));
#7571=IFCDIRECTION((1.,0.,0.));
#7572=IFCDIRECTION((0.,0.,-1.));
#7573=IFCREPRESENTATIONMAP(#7574,#7578);
#7574=IFCAXIS2PLACEMENT3D(#7575,#7576,#7577);
#7575=IFCCARTESIANPOINT((0.,0.,0.));
#7576=IFCDIRECTION((0.,0.,1.));
#7577=IFCDIRECTION((1.,0.,0.));
#7578=IFCSHAPEREPRESENTATION(#24,'Body','Curve2D',(#7579,#7581,#7583,#7585,#7587,#7589,#7591,#7593,#7595,#7597,#7599,#7601,#7603,#7605,#7607,#7609));
#7579=IFCINDEXEDPOLYCURVE(#7580,$,$);
#7580=IFCCARTESIANPOINTLIST2D(((0.05000000074505806,0.05000000074505806),(0.57683113776147366,0.05000000074505806)));
#7581=IFCINDEXEDPOLYCURVE(#7582,(IFCLINEINDEX((1,2,3,4,5,6,1))),$);
#7582=IFCCARTESIANPOINTLIST2D(((0.,0.10000000149011612),(0.02500000037252903,0.10000000149011612),(0.02500000037252903,0.090000001713633537),(0.05000000074505806,0.090000001713633537),(0.05000000074505806,0.05000000074505806),(0.,0.05000000074505806)));
#7583=IFCINDEXEDPOLYCURVE(#7584,$,$);
#7584=IFCCARTESIANPOINTLIST2D(((0.60183113813400269,0.10000000149011612),(0.60183113813400269,0.10000000149011612),(0.60183113813400269,0.090000001713633537),(0.57683113776147366,0.090000001713633537),(0.57683113776147366,0.05000000074505806),(0.60183113813400269,0.05000000074505806)));
#7585=IFCINDEXEDPOLYCURVE(#7586,(IFCLINEINDEX((1,2,3,4,1))),$);
#7586=IFCCARTESIANPOINTLIST2D(((0.02500000037252903,0.090000001713633537),(0.060000000521540642,0.090000001713633537),(0.060000000521540642,0.12500000186264515),(0.02500000037252903,0.12500000186264515)));
#7587=IFCINDEXEDPOLYCURVE(#7588,(IFCLINEINDEX((1,2,3,4,1))),$);
#7588=IFCCARTESIANPOINTLIST2D(((0.60183113813400269,0.090000001713633537),(0.56683113798499107,0.090000001713633537),(0.56683113798499107,0.12500000186264515),(0.60183113813400269,0.12500000186264515)));
#7589=IFCINDEXEDPOLYCURVE(#7590,$,$);
#7590=IFCCARTESIANPOINTLIST2D(((0.060000000521540642,0.090000001713633537),(0.56683113798499107,0.090000001713633537)));
#7591=IFCINDEXEDPOLYCURVE(#7592,$,$);
#7592=IFCCARTESIANPOINTLIST2D(((0.060000000521540642,0.12500000186264515),(0.56683113798499107,0.12500000186264515)));
#7593=IFCINDEXEDPOLYCURVE(#7594,$,$);
#7594=IFCCARTESIANPOINTLIST2D(((0.060000000521540642,0.10750000178813934),(0.56683113798499107,0.10750000178813934)));
#7595=IFCINDEXEDPOLYCURVE(#7596,$,$);
#7596=IFCCARTESIANPOINTLIST2D(((0.62683113850653172,0.05000000074505806),(1.1399967186152935,0.05000000074505806)));
#7597=IFCINDEXEDPOLYCURVE(#7598,$,$);
#7598=IFCCARTESIANPOINTLIST2D(((0.60183113813400269,0.10000000149011612),(0.60183113813400269,0.10000000149011612),(0.60183113813400269,0.090000001713633537),(0.62683113850653172,0.090000001713633537),(0.62683113850653172,0.05000000074505806),(0.60183113813400269,0.05000000074505806)));
#7599=IFCINDEXEDPOLYCURVE(#7600,(IFCLINEINDEX((1,2,3,4,5,6,1))),$);
#7600=IFCCARTESIANPOINTLIST2D(((1.1899967193603516,0.10000000149011612),(1.1649967189878225,0.10000000149011612),(1.1649967189878225,0.090000001713633537),(1.1399967186152935,0.090000001713633537),(1.1399967186152935,0.05000000074505806),(1.1899967193603516,0.05000000074505806)));
#7601=IFCINDEXEDPOLYCURVE(#7602,(IFCLINEINDEX((1,2,3,4,1))),$);
#7602=IFCCARTESIANPOINTLIST2D(((0.60183113813400269,0.090000001713633537),(0.6368311382830143,0.090000001713633537),(0.6368311382830143,0.12500000186264515),(0.60183113813400269,0.12500000186264515)));
#7603=IFCINDEXEDPOLYCURVE(#7604,(IFCLINEINDEX((1,2,3,4,1))),$);
#7604=IFCCARTESIANPOINTLIST2D(((1.1649967189878225,0.090000001713633537),(1.1299967188388109,0.090000001713633537),(1.1299967188388109,0.12500000186264515),(1.1649967189878225,0.12500000186264515)));
#7605=IFCINDEXEDPOLYCURVE(#7606,$,$);
#7606=IFCCARTESIANPOINTLIST2D(((0.6368311382830143,0.090000001713633537),(1.1299967188388109,0.090000001713633537)));
#7607=IFCINDEXEDPOLYCURVE(#7608,$,$);
#7608=IFCCARTESIANPOINTLIST2D(((0.6368311382830143,0.12500000186264515),(1.1299967188388109,0.12500000186264515)));
#7609=IFCINDEXEDPOLYCURVE(#7610,$,$);
#7610=IFCCARTESIANPOINTLIST2D(((0.6368311382830143,0.10750000178813934),(1.1299967188388109,0.10750000178813934)));
#7611=IFCWINDOW('0fcaGKSYvCVQ0xGmIBjgW1',$,'Window',$,$,#8323,#7620,$,1.1377971172332764,1.1899967193603516,$,$,$);
#7612=IFCRELDEFINESBYTYPE('10eBu_T8f5g8Gj9EnqPUNQ',$,$,$,(#8339,#7611),#7476);
#7613=IFCCARTESIANPOINT((0.,0.,0.));
#7614=IFCDIRECTION((1.,0.,0.));
#7615=IFCDIRECTION((0.,1.,0.));
#7616=IFCDIRECTION((0.,0.,1.));
#7617=IFCCARTESIANTRANSFORMATIONOPERATOR3D(#7614,#7615,#7613,1.,#7616);
#7618=IFCMAPPEDITEM(#7479,#7617);
#7619=IFCSHAPEREPRESENTATION(#18,'Profile','MappedRepresentation',(#7618));
#7620=IFCPRODUCTDEFINITIONSHAPE($,$,(#7619,#7627,#7634));
#7621=IFCCARTESIANPOINT((0.,0.,0.));
#7622=IFCDIRECTION((1.,0.,0.));
#7623=IFCDIRECTION((0.,1.,0.));
#7624=IFCDIRECTION((0.,0.,1.));
#7625=IFCCARTESIANTRANSFORMATIONOPERATOR3D(#7622,#7623,#7621,1.,#7624);
#7626=IFCMAPPEDITEM(#7487,#7625);
#7627=IFCSHAPEREPRESENTATION(#11,'Body','MappedRepresentation',(#7626));
#7628=IFCCARTESIANPOINT((0.,0.,0.));
#7629=IFCDIRECTION((1.,0.,0.));
#7630=IFCDIRECTION((0.,1.,0.));
#7631=IFCDIRECTION((0.,0.,1.));
#7632=IFCCARTESIANTRANSFORMATIONOPERATOR3D(#7629,#7630,#7628,1.,#7631);
#7633=IFCMAPPEDITEM(#7573,#7632);
#7634=IFCSHAPEREPRESENTATION(#24,'Body','MappedRepresentation',(#7633));
#7635=IFCOPENINGELEMENT('20wtVTPFzBH99HBHV484SU',$,'Opening',$,$,#7685,#7663,$,.OPENING.);
#7641=IFCCARTESIANPOINTLIST2D(((0.,0.),(1.1899967193603516,0.),(1.1899967193603516,1.1377971172332764),(0.,1.1377971172332764)));
#7642=IFCINDEXEDPOLYCURVE(#7641,(IFCLINEINDEX((1,2,3,4,1))),$);
#7643=IFCARBITRARYCLOSEDPROFILEDEF(.AREA.,$,#7642);
#7644=IFCCARTESIANPOINT((0.,-0.60000002384185791,0.));
#7645=IFCDIRECTION((0.,-1.,0.));
#7646=IFCDIRECTION((1.,0.,0.));
#7647=IFCAXIS2PLACEMENT3D(#7644,#7645,#7646);
#7648=IFCDIRECTION((0.,0.,-1.));
#7649=IFCEXTRUDEDAREASOLID(#7643,#7647,#7648,1.2);
#7650=IFCSHAPEREPRESENTATION(#11,'Body','SweptSolid',(#7649));
#7651=IFCCARTESIANPOINT((0.,0.,0.));
#7652=IFCDIRECTION((1.,0.,0.));
#7653=IFCDIRECTION((0.,0.,1.));
#7654=IFCAXIS2PLACEMENT3D(#7651,#7653,#7652);
#7655=IFCREPRESENTATIONMAP(#7654,#7650);
#7656=IFCCARTESIANPOINT((0.,0.,0.));
#7657=IFCDIRECTION((1.,0.,0.));
#7658=IFCDIRECTION((0.,1.,0.));
#7659=IFCDIRECTION((0.,0.,1.));
#7660=IFCCARTESIANTRANSFORMATIONOPERATOR3D(#7657,#7658,#7656,1.,#7659);
#7661=IFCMAPPEDITEM(#7655,#7660);
#7662=IFCSHAPEREPRESENTATION(#11,'Body','MappedRepresentation',(#7661));
#7663=IFCPRODUCTDEFINITIONSHAPE($,$,(#7662));
#7664=IFCRELVOIDSELEMENT('1fggxJw1D5A8T8WXPV9QLw',$,$,$,#6116,#7635);
#7670=IFCRELFILLSELEMENT('3kaGQWXY12MxGS5H8zejdu',$,$,$,#7635,#7611);
#7681=IFCCARTESIANPOINT((0.30507579643215643,3.8304673877220807E-07,1.));
#7682=IFCDIRECTION((0.,0.,1.));
#7683=IFCDIRECTION((0.99999999999997147,-2.3840571337745142E-07,0.));
#7684=IFCAXIS2PLACEMENT3D(#7681,#7682,#7683);
#7685=IFCLOCALPLACEMENT(#6315,#7684);
#7691=IFCWINDOWTYPE('1SX73lEKjF69c8ggJarATj',$,'Masters 1 - SF',$,$,(#7692),(#7694,#7702,#7750),$,$,.WINDOW.,.SINGLE_PANEL.,$,$);
#7692=IFCPROPERTYSET('3TtI5Uzs96ie0B_vpMSSVm',$,'BBIM_Window',$,(#7693));
#7693=IFCPROPERTYSINGLEVALUE('Data',$,IFCTEXT('{"window_type": "SINGLE_PANEL", "overall_height": 1.1377971172332764, "overall_width": 0.7914069890975952, "lining_properties": {"lining_depth": 0.05000000074505806, "lining_thickness": 0.05000000074505806, "lining_offset": 0.05000000074505806, "lining_to_panel_offset_x": 0.02500000037252903, "lining_to_panel_offset_y": 0.02500000037252903}, "panel_properties": {"frame_depth": [0.03500000014901161, 0.03500000014901161, 0.03500000014901161], "frame_thickness": [0.03500000014901161, 0.03500000014901161, 0.03500000014901161]}}'),$);
#7694=IFCREPRESENTATIONMAP(#7695,#7699);
#7695=IFCAXIS2PLACEMENT3D(#7696,#7697,#7698);
#7696=IFCCARTESIANPOINT((0.,0.,0.));
#7697=IFCDIRECTION((0.,0.,1.));
#7698=IFCDIRECTION((1.,0.,0.));
#7699=IFCSHAPEREPRESENTATION(#18,'Profile','Curve3D',(#7700));
#7700=IFCINDEXEDPOLYCURVE(#7701,(IFCLINEINDEX((1,2,3,4,1))),$);
#7701=IFCCARTESIANPOINTLIST3D(((0.,0.,0.),(0.79140698909759521,0.,0.),(0.79140698909759521,0.,1.1377971172332764),(0.,0.,1.1377971172332764)));
#7702=IFCREPRESENTATIONMAP(#7703,#7707);
#7703=IFCAXIS2PLACEMENT3D(#7704,#7705,#7706);
#7704=IFCCARTESIANPOINT((0.,0.,0.));
#7705=IFCDIRECTION((0.,0.,1.));
#7706=IFCDIRECTION((1.,0.,0.));
#7707=IFCSHAPEREPRESENTATION(#11,'Body','SweptSolid',(#7708,#7719,#7730,#7741));
#7708=IFCEXTRUDEDAREASOLID(#7709,#7714,#7718,0.0099999997764825821);
#7709=IFCARBITRARYPROFILEDEFWITHVOIDS(.AREA.,$,#7710,(#7712));
#7710=IFCINDEXEDPOLYCURVE(#7711,(IFCLINEINDEX((1,2,3,4,1))),$);
#7711=IFCCARTESIANPOINTLIST2D(((0.,0.),(0.79140698909759521,0.),(0.79140698909759521,1.1377971172332764),(0.,1.1377971172332764)));
#7712=IFCINDEXEDPOLYCURVE(#7713,(IFCLINEINDEX((1,2,3,4,1))),$);
#7713=IFCCARTESIANPOINTLIST2D(((0.02500000037252903,0.02500000037252903),(0.76640698872506618,0.02500000037252903),(0.76640698872506618,1.1127971168607473),(0.02500000037252903,1.1127971168607473)));
#7714=IFCAXIS2PLACEMENT3D(#7715,#7716,#7717);
#7715=IFCCARTESIANPOINT((0.,0.090000001713633537,0.));
#7716=IFCDIRECTION((0.,-1.,0.));
#7717=IFCDIRECTION((1.,0.,0.));
#7718=IFCDIRECTION((0.,0.,-1.));
#7719=IFCEXTRUDEDAREASOLID(#7720,#7725,#7729,0.040000000968575478);
#7720=IFCARBITRARYPROFILEDEFWITHVOIDS(.AREA.,$,#7721,(#7723));
#7721=IFCINDEXEDPOLYCURVE(#7722,(IFCLINEINDEX((1,2,3,4,1))),$);
#7722=IFCCARTESIANPOINTLIST2D(((0.,0.),(0.79140698909759521,0.),(0.79140698909759521,1.1377971172332764),(0.,1.1377971172332764)));
#7723=IFCINDEXEDPOLYCURVE(#7724,(IFCLINEINDEX((1,2,3,4,1))),$);
#7724=IFCCARTESIANPOINTLIST2D(((0.05000000074505806,0.05000000074505806),(0.74140698835253716,0.05000000074505806),(0.74140698835253716,1.0877971164882183),(0.05000000074505806,1.0877971164882183)));
#7725=IFCAXIS2PLACEMENT3D(#7726,#7727,#7728);
#7726=IFCCARTESIANPOINT((0.,0.05000000074505806,0.));
#7727=IFCDIRECTION((0.,-1.,0.));
#7728=IFCDIRECTION((1.,0.,0.));
#7729=IFCDIRECTION((0.,0.,-1.));
#7730=IFCEXTRUDEDAREASOLID(#7731,#7736,#7740,0.035000000149011612);
#7731=IFCARBITRARYPROFILEDEFWITHVOIDS(.AREA.,$,#7732,(#7734));
#7732=IFCINDEXEDPOLYCURVE(#7733,(IFCLINEINDEX((1,2,3,4,1))),$);
#7733=IFCCARTESIANPOINTLIST2D(((0.,0.),(0.74140698835253716,0.),(0.74140698835253716,1.0877971164882183),(0.,1.0877971164882183)));
#7734=IFCINDEXEDPOLYCURVE(#7735,(IFCLINEINDEX((1,2,3,4,1))),$);
#7735=IFCCARTESIANPOINTLIST2D(((0.035000000149011612,0.035000000149011612),(0.70640698820352554,0.035000000149011612),(0.70640698820352554,1.0527971163392067),(0.035000000149011612,1.0527971163392067)));
#7736=IFCAXIS2PLACEMENT3D(#7737,#7738,#7739);
#7737=IFCCARTESIANPOINT((0.02500000037252903,0.090000001713633537,0.02500000037252903));
#7738=IFCDIRECTION((0.,-1.,0.));
#7739=IFCDIRECTION((1.,0.,0.));
#7740=IFCDIRECTION((0.,0.,-1.));
#7741=IFCEXTRUDEDAREASOLID(#7742,#7745,#7749,0.01);
#7742=IFCARBITRARYCLOSEDPROFILEDEF(.AREA.,$,#7743);
#7743=IFCINDEXEDPOLYCURVE(#7744,(IFCLINEINDEX((1,2,3,4,1))),$);
#7744=IFCCARTESIANPOINTLIST2D(((0.035000000149011612,0.035000000149011612),(0.70640698820352554,0.035000000149011612),(0.70640698820352554,1.0527971163392067),(0.035000000149011612,1.0527971163392067)));
#7745=IFCAXIS2PLACEMENT3D(#7746,#7747,#7748);
#7746=IFCCARTESIANPOINT((0.02500000037252903,0.10250000178813934,0.02500000037252903));
#7747=IFCDIRECTION((0.,-1.,0.));
#7748=IFCDIRECTION((1.,0.,0.));
#7749=IFCDIRECTION((0.,0.,-1.));
#7750=IFCREPRESENTATIONMAP(#7751,#7755);
#7751=IFCAXIS2PLACEMENT3D(#7752,#7753,#7754);
#7752=IFCCARTESIANPOINT((0.,0.,0.));
#7753=IFCDIRECTION((0.,0.,1.));
#7754=IFCDIRECTION((1.,0.,0.));
#7755=IFCSHAPEREPRESENTATION(#24,'Body','Curve2D',(#7756,#7758,#7760,#7762,#7764,#7766,#7768,#7770));
#7756=IFCINDEXEDPOLYCURVE(#7757,$,$);
#7757=IFCCARTESIANPOINTLIST2D(((0.05000000074505806,0.05000000074505806),(0.74140698835253716,0.05000000074505806)));
#7758=IFCINDEXEDPOLYCURVE(#7759,(IFCLINEINDEX((1,2,3,4,5,6,1))),$);
#7759=IFCCARTESIANPOINTLIST2D(((0.,0.10000000149011612),(0.02500000037252903,0.10000000149011612),(0.02500000037252903,0.090000001713633537),(0.05000000074505806,0.090000001713633537),(0.05000000074505806,0.05000000074505806),(0.,0.05000000074505806)));
#7760=IFCINDEXEDPOLYCURVE(#7761,(IFCLINEINDEX((1,2,3,4,5,6,1))),$);
#7761=IFCCARTESIANPOINTLIST2D(((0.79140698909759521,0.10000000149011612),(0.76640698872506618,0.10000000149011612),(0.76640698872506618,0.090000001713633537),(0.74140698835253716,0.090000001713633537),(0.74140698835253716,0.05000000074505806),(0.79140698909759521,0.05000000074505806)));
#7762=IFCINDEXEDPOLYCURVE(#7763,(IFCLINEINDEX((1,2,3,4,1))),$);
#7763=IFCCARTESIANPOINTLIST2D(((0.02500000037252903,0.090000001713633537),(0.060000000521540642,0.090000001713633537),(0.060000000521540642,0.12500000186264515),(0.02500000037252903,0.12500000186264515)));
#7764=IFCINDEXEDPOLYCURVE(#7765,(IFCLINEINDEX((1,2,3,4,1))),$);
#7765=IFCCARTESIANPOINTLIST2D(((0.76640698872506618,0.090000001713633537),(0.73140698857605457,0.090000001713633537),(0.73140698857605457,0.12500000186264515),(0.76640698872506618,0.12500000186264515)));
#7766=IFCINDEXEDPOLYCURVE(#7767,$,$);
#7767=IFCCARTESIANPOINTLIST2D(((0.060000000521540642,0.090000001713633537),(0.73140698857605457,0.090000001713633537)));
#7768=IFCINDEXEDPOLYCURVE(#7769,$,$);
#7769=IFCCARTESIANPOINTLIST2D(((0.060000000521540642,0.12500000186264515),(0.73140698857605457,0.12500000186264515)));
#7770=IFCINDEXEDPOLYCURVE(#7771,$,$);
#7771=IFCCARTESIANPOINTLIST2D(((0.060000000521540642,0.10750000178813934),(0.73140698857605457,0.10750000178813934)));
#7772=IFCWINDOW('3w2d2mLjrBDePLyotvilK2',$,'Window',$,$,#8328,#7781,$,1.1377971172332764,0.79140698909759521,$,$,$);
#7773=IFCRELDEFINESBYTYPE('13to3xiFL2_eiMzrKbWIOm',$,$,$,(#7772),#7691);
#7774=IFCCARTESIANPOINT((0.,0.,0.));
#7775=IFCDIRECTION((1.,0.,0.));
#7776=IFCDIRECTION((0.,1.,0.));
#7777=IFCDIRECTION((0.,0.,1.));
#7778=IFCCARTESIANTRANSFORMATIONOPERATOR3D(#7775,#7776,#7774,1.,#7777);
#7779=IFCMAPPEDITEM(#7694,#7778);
#7780=IFCSHAPEREPRESENTATION(#18,'Profile','MappedRepresentation',(#7779));
#7781=IFCPRODUCTDEFINITIONSHAPE($,$,(#7780,#7788,#7795));
#7782=IFCCARTESIANPOINT((0.,0.,0.));
#7783=IFCDIRECTION((1.,0.,0.));
#7784=IFCDIRECTION((0.,1.,0.));
#7785=IFCDIRECTION((0.,0.,1.));
#7786=IFCCARTESIANTRANSFORMATIONOPERATOR3D(#7783,#7784,#7782,1.,#7785);
#7787=IFCMAPPEDITEM(#7702,#7786);
#7788=IFCSHAPEREPRESENTATION(#11,'Body','MappedRepresentation',(#7787));
#7789=IFCCARTESIANPOINT((0.,0.,0.));
#7790=IFCDIRECTION((1.,0.,0.));
#7791=IFCDIRECTION((0.,1.,0.));
#7792=IFCDIRECTION((0.,0.,1.));
#7793=IFCCARTESIANTRANSFORMATIONOPERATOR3D(#7790,#7791,#7789,1.,#7792);
#7794=IFCMAPPEDITEM(#7750,#7793);
#7795=IFCSHAPEREPRESENTATION(#24,'Body','MappedRepresentation',(#7794));
#7796=IFCOPENINGELEMENT('11b5eZOcL7KvpxnOsRXWLd',$,'Opening',$,$,#7846,#7824,$,.OPENING.);
#7802=IFCCARTESIANPOINTLIST2D(((0.,0.),(0.79140698909759521,0.),(0.79140698909759521,1.1377971172332764),(0.,1.1377971172332764)));
#7803=IFCINDEXEDPOLYCURVE(#7802,(IFCLINEINDEX((1,2,3,4,1))),$);
#7804=IFCARBITRARYCLOSEDPROFILEDEF(.AREA.,$,#7803);
#7805=IFCCARTESIANPOINT((0.,-0.60000002384185791,0.));
#7806=IFCDIRECTION((0.,-1.,0.));
#7807=IFCDIRECTION((1.,0.,0.));
#7808=IFCAXIS2PLACEMENT3D(#7805,#7806,#7807);
#7809=IFCDIRECTION((0.,0.,-1.));
#7810=IFCEXTRUDEDAREASOLID(#7804,#7808,#7809,1.2);
#7811=IFCSHAPEREPRESENTATION(#11,'Body','SweptSolid',(#7810));
#7812=IFCCARTESIANPOINT((0.,0.,0.));
#7813=IFCDIRECTION((1.,0.,0.));
#7814=IFCDIRECTION((0.,0.,1.));
#7815=IFCAXIS2PLACEMENT3D(#7812,#7814,#7813);
#7816=IFCREPRESENTATIONMAP(#7815,#7811);
#7817=IFCCARTESIANPOINT((0.,0.,0.));
#7818=IFCDIRECTION((1.,0.,0.));
#7819=IFCDIRECTION((0.,1.,0.));
#7820=IFCDIRECTION((0.,0.,1.));
#7821=IFCCARTESIANTRANSFORMATIONOPERATOR3D(#7818,#7819,#7817,1.,#7820);
#7822=IFCMAPPEDITEM(#7816,#7821);
#7823=IFCSHAPEREPRESENTATION(#11,'Body','MappedRepresentation',(#7822));
#7824=IFCPRODUCTDEFINITIONSHAPE($,$,(#7823));
#7825=IFCRELVOIDSELEMENT('3sPf$gs0zDIgqkWuoak$Qb',$,$,$,#4982,#7796);
#7831=IFCRELFILLSELEMENT('0r_lDczYzDHhoklvbKpr0U',$,$,$,#7796,#7772);
#7842=IFCCARTESIANPOINT((3.5446110288210431,6.8606368985868471E-07,1.));
#7843=IFCDIRECTION((0.,0.,1.));
#7844=IFCDIRECTION((0.99999999999999289,1.1920928244535129E-07,0.));
#7845=IFCAXIS2PLACEMENT3D(#7842,#7843,#7844);
#7846=IFCLOCALPLACEMENT(#5371,#7845);
#7852=IFCWINDOWTYPE('1LJHYiF2P0hQiub_NmlN0B',$,'Masters 2 - SF',$,$,(#7853),(#7855,#7863,#7911),$,$,.WINDOW.,.SINGLE_PANEL.,$,$);
#7853=IFCPROPERTYSET('0oWw9dAmX1sRzVxDHtVODt',$,'BBIM_Window',$,(#7854));
#7854=IFCPROPERTYSINGLEVALUE('Data',$,IFCTEXT('{"window_type": "SINGLE_PANEL", "overall_height": 1.1377971172332764, "overall_width": 0.7914069890975952, "lining_properties": {"lining_depth": 0.05000000074505806, "lining_thickness": 0.05000000074505806, "lining_offset": 0.05000000074505806, "lining_to_panel_offset_x": 0.02500000037252903, "lining_to_panel_offset_y": 0.02500000037252903}, "panel_properties": {"frame_depth": [0.03500000014901161, 0.03500000014901161, 0.03500000014901161], "frame_thickness": [0.03500000014901161, 0.03500000014901161, 0.03500000014901161]}}'),$);
#7855=IFCREPRESENTATIONMAP(#7856,#7860);
#7856=IFCAXIS2PLACEMENT3D(#7857,#7858,#7859);
#7857=IFCCARTESIANPOINT((0.,0.,0.));
#7858=IFCDIRECTION((0.,0.,1.));
#7859=IFCDIRECTION((1.,0.,0.));
#7860=IFCSHAPEREPRESENTATION(#18,'Profile','Curve3D',(#7861));
#7861=IFCINDEXEDPOLYCURVE(#7862,(IFCLINEINDEX((1,2,3,4,1))),$);
#7862=IFCCARTESIANPOINTLIST3D(((0.,0.,0.),(0.79140698909759521,0.,0.),(0.79140698909759521,0.,1.1377971172332764),(0.,0.,1.1377971172332764)));
#7863=IFCREPRESENTATIONMAP(#7864,#7868);
#7864=IFCAXIS2PLACEMENT3D(#7865,#7866,#7867);
#7865=IFCCARTESIANPOINT((0.,0.,0.));
#7866=IFCDIRECTION((0.,0.,1.));
#7867=IFCDIRECTION((1.,0.,0.));
#7868=IFCSHAPEREPRESENTATION(#11,'Body','SweptSolid',(#7869,#7880,#7891,#7902));
#7869=IFCEXTRUDEDAREASOLID(#7870,#7875,#7879,0.0099999997764825821);
#7870=IFCARBITRARYPROFILEDEFWITHVOIDS(.AREA.,$,#7871,(#7873));
#7871=IFCINDEXEDPOLYCURVE(#7872,(IFCLINEINDEX((1,2,3,4,1))),$);
#7872=IFCCARTESIANPOINTLIST2D(((0.,0.),(0.79140698909759521,0.),(0.79140698909759521,1.1377971172332764),(0.,1.1377971172332764)));
#7873=IFCINDEXEDPOLYCURVE(#7874,(IFCLINEINDEX((1,2,3,4,1))),$);
#7874=IFCCARTESIANPOINTLIST2D(((0.02500000037252903,0.02500000037252903),(0.76640698872506618,0.02500000037252903),(0.76640698872506618,1.1127971168607473),(0.02500000037252903,1.1127971168607473)));
#7875=IFCAXIS2PLACEMENT3D(#7876,#7877,#7878);
#7876=IFCCARTESIANPOINT((0.,0.090000001713633537,0.));
#7877=IFCDIRECTION((0.,-1.,0.));
#7878=IFCDIRECTION((1.,0.,0.));
#7879=IFCDIRECTION((0.,0.,-1.));
#7880=IFCEXTRUDEDAREASOLID(#7881,#7886,#7890,0.040000000968575478);
#7881=IFCARBITRARYPROFILEDEFWITHVOIDS(.AREA.,$,#7882,(#7884));
#7882=IFCINDEXEDPOLYCURVE(#7883,(IFCLINEINDEX((1,2,3,4,1))),$);
#7883=IFCCARTESIANPOINTLIST2D(((0.,0.),(0.79140698909759521,0.),(0.79140698909759521,1.1377971172332764),(0.,1.1377971172332764)));
#7884=IFCINDEXEDPOLYCURVE(#7885,(IFCLINEINDEX((1,2,3,4,1))),$);
#7885=IFCCARTESIANPOINTLIST2D(((0.05000000074505806,0.05000000074505806),(0.74140698835253716,0.05000000074505806),(0.74140698835253716,1.0877971164882183),(0.05000000074505806,1.0877971164882183)));
#7886=IFCAXIS2PLACEMENT3D(#7887,#7888,#7889);
#7887=IFCCARTESIANPOINT((0.,0.05000000074505806,0.));
#7888=IFCDIRECTION((0.,-1.,0.));
#7889=IFCDIRECTION((1.,0.,0.));
#7890=IFCDIRECTION((0.,0.,-1.));
#7891=IFCEXTRUDEDAREASOLID(#7892,#7897,#7901,0.035000000149011612);
#7892=IFCARBITRARYPROFILEDEFWITHVOIDS(.AREA.,$,#7893,(#7895));
#7893=IFCINDEXEDPOLYCURVE(#7894,(IFCLINEINDEX((1,2,3,4,1))),$);
#7894=IFCCARTESIANPOINTLIST2D(((0.,0.),(0.74140698835253716,0.),(0.74140698835253716,1.0877971164882183),(0.,1.0877971164882183)));
#7895=IFCINDEXEDPOLYCURVE(#7896,(IFCLINEINDEX((1,2,3,4,1))),$);
#7896=IFCCARTESIANPOINTLIST2D(((0.035000000149011612,0.035000000149011612),(0.70640698820352554,0.035000000149011612),(0.70640698820352554,1.0527971163392067),(0.035000000149011612,1.0527971163392067)));
#7897=IFCAXIS2PLACEMENT3D(#7898,#7899,#7900);
#7898=IFCCARTESIANPOINT((0.02500000037252903,0.090000001713633537,0.02500000037252903));
#7899=IFCDIRECTION((0.,-1.,0.));
#7900=IFCDIRECTION((1.,0.,0.));
#7901=IFCDIRECTION((0.,0.,-1.));
#7902=IFCEXTRUDEDAREASOLID(#7903,#7906,#7910,0.01);
#7903=IFCARBITRARYCLOSEDPROFILEDEF(.AREA.,$,#7904);
#7904=IFCINDEXEDPOLYCURVE(#7905,(IFCLINEINDEX((1,2,3,4,1))),$);
#7905=IFCCARTESIANPOINTLIST2D(((0.035000000149011612,0.035000000149011612),(0.70640698820352554,0.035000000149011612),(0.70640698820352554,1.0527971163392067),(0.035000000149011612,1.0527971163392067)));
#7906=IFCAXIS2PLACEMENT3D(#7907,#7908,#7909);
#7907=IFCCARTESIANPOINT((0.02500000037252903,0.10250000178813934,0.02500000037252903));
#7908=IFCDIRECTION((0.,-1.,0.));
#7909=IFCDIRECTION((1.,0.,0.));
#7910=IFCDIRECTION((0.,0.,-1.));
#7911=IFCREPRESENTATIONMAP(#7912,#7916);
#7912=IFCAXIS2PLACEMENT3D(#7913,#7914,#7915);
#7913=IFCCARTESIANPOINT((0.,0.,0.));
#7914=IFCDIRECTION((0.,0.,1.));
#7915=IFCDIRECTION((1.,0.,0.));
#7916=IFCSHAPEREPRESENTATION(#24,'Body','Curve2D',(#7917,#7919,#7921,#7923,#7925,#7927,#7929,#7931));
#7917=IFCINDEXEDPOLYCURVE(#7918,$,$);
#7918=IFCCARTESIANPOINTLIST2D(((0.05000000074505806,0.05000000074505806),(0.74140698835253716,0.05000000074505806)));
#7919=IFCINDEXEDPOLYCURVE(#7920,(IFCLINEINDEX((1,2,3,4,5,6,1))),$);
#7920=IFCCARTESIANPOINTLIST2D(((0.,0.10000000149011612),(0.02500000037252903,0.10000000149011612),(0.02500000037252903,0.090000001713633537),(0.05000000074505806,0.090000001713633537),(0.05000000074505806,0.05000000074505806),(0.,0.05000000074505806)));
#7921=IFCINDEXEDPOLYCURVE(#7922,(IFCLINEINDEX((1,2,3,4,5,6,1))),$);
#7922=IFCCARTESIANPOINTLIST2D(((0.79140698909759521,0.10000000149011612),(0.76640698872506618,0.10000000149011612),(0.76640698872506618,0.090000001713633537),(0.74140698835253716,0.090000001713633537),(0.74140698835253716,0.05000000074505806),(0.79140698909759521,0.05000000074505806)));
#7923=IFCINDEXEDPOLYCURVE(#7924,(IFCLINEINDEX((1,2,3,4,1))),$);
#7924=IFCCARTESIANPOINTLIST2D(((0.02500000037252903,0.090000001713633537),(0.060000000521540642,0.090000001713633537),(0.060000000521540642,0.12500000186264515),(0.02500000037252903,0.12500000186264515)));
#7925=IFCINDEXEDPOLYCURVE(#7926,(IFCLINEINDEX((1,2,3,4,1))),$);
#7926=IFCCARTESIANPOINTLIST2D(((0.76640698872506618,0.090000001713633537),(0.73140698857605457,0.090000001713633537),(0.73140698857605457,0.12500000186264515),(0.76640698872506618,0.12500000186264515)));
#7927=IFCINDEXEDPOLYCURVE(#7928,$,$);
#7928=IFCCARTESIANPOINTLIST2D(((0.060000000521540642,0.090000001713633537),(0.73140698857605457,0.090000001713633537)));
#7929=IFCINDEXEDPOLYCURVE(#7930,$,$);
#7930=IFCCARTESIANPOINTLIST2D(((0.060000000521540642,0.12500000186264515),(0.73140698857605457,0.12500000186264515)));
#7931=IFCINDEXEDPOLYCURVE(#7932,$,$);
#7932=IFCCARTESIANPOINTLIST2D(((0.060000000521540642,0.10750000178813934),(0.73140698857605457,0.10750000178813934)));
#7933=IFCWINDOW('3WcCIVcS93bfboQMtLTCsq',$,'Window',$,$,#8333,#7942,$,1.1377971172332764,0.79140698909759521,$,$,$);
#7934=IFCRELDEFINESBYTYPE('1wTlfrAjTCD8UYzNIK0OPZ',$,$,$,(#7933),#7852);
#7935=IFCCARTESIANPOINT((0.,0.,0.));
#7936=IFCDIRECTION((1.,0.,0.));
#7937=IFCDIRECTION((0.,1.,0.));
#7938=IFCDIRECTION((0.,0.,1.));
#7939=IFCCARTESIANTRANSFORMATIONOPERATOR3D(#7936,#7937,#7935,1.,#7938);
#7940=IFCMAPPEDITEM(#7855,#7939);
#7941=IFCSHAPEREPRESENTATION(#18,'Profile','MappedRepresentation',(#7940));
#7942=IFCPRODUCTDEFINITIONSHAPE($,$,(#7941,#7949,#7956));
#7943=IFCCARTESIANPOINT((0.,0.,0.));
#7944=IFCDIRECTION((1.,0.,0.));
#7945=IFCDIRECTION((0.,1.,0.));
#7946=IFCDIRECTION((0.,0.,1.));
#7947=IFCCARTESIANTRANSFORMATIONOPERATOR3D(#7944,#7945,#7943,1.,#7946);
#7948=IFCMAPPEDITEM(#7863,#7947);
#7949=IFCSHAPEREPRESENTATION(#11,'Body','MappedRepresentation',(#7948));
#7950=IFCCARTESIANPOINT((0.,0.,0.));
#7951=IFCDIRECTION((1.,0.,0.));
#7952=IFCDIRECTION((0.,1.,0.));
#7953=IFCDIRECTION((0.,0.,1.));
#7954=IFCCARTESIANTRANSFORMATIONOPERATOR3D(#7951,#7952,#7950,1.,#7953);
#7955=IFCMAPPEDITEM(#7911,#7954);
#7956=IFCSHAPEREPRESENTATION(#24,'Body','MappedRepresentation',(#7955));
#7957=IFCOPENINGELEMENT('2Xhicep6L2$9k_b9NZehMh',$,'Opening',$,$,#8007,#7985,$,.OPENING.);
#7963=IFCCARTESIANPOINTLIST2D(((0.,0.),(0.79140698909759521,0.),(0.79140698909759521,1.1377971172332764),(0.,1.1377971172332764)));
#7964=IFCINDEXEDPOLYCURVE(#7963,(IFCLINEINDEX((1,2,3,4,1))),$);
#7965=IFCARBITRARYCLOSEDPROFILEDEF(.AREA.,$,#7964);
#7966=IFCCARTESIANPOINT((0.,-0.60000002384185791,0.));
#7967=IFCDIRECTION((0.,-1.,0.));
#7968=IFCDIRECTION((1.,0.,0.));
#7969=IFCAXIS2PLACEMENT3D(#7966,#7967,#7968);
#7970=IFCDIRECTION((0.,0.,-1.));
#7971=IFCEXTRUDEDAREASOLID(#7965,#7969,#7970,1.2);
#7972=IFCSHAPEREPRESENTATION(#11,'Body','SweptSolid',(#7971));
#7973=IFCCARTESIANPOINT((0.,0.,0.));
#7974=IFCDIRECTION((1.,0.,0.));
#7975=IFCDIRECTION((0.,0.,1.));
#7976=IFCAXIS2PLACEMENT3D(#7973,#7975,#7974);
#7977=IFCREPRESENTATIONMAP(#7976,#7972);
#7978=IFCCARTESIANPOINT((0.,0.,0.));
#7979=IFCDIRECTION((1.,0.,0.));
#7980=IFCDIRECTION((0.,1.,0.));
#7981=IFCDIRECTION((0.,0.,1.));
#7982=IFCCARTESIANTRANSFORMATIONOPERATOR3D(#7979,#7980,#7978,1.,#7981);
#7983=IFCMAPPEDITEM(#7977,#7982);
#7984=IFCSHAPEREPRESENTATION(#11,'Body','MappedRepresentation',(#7983));
#7985=IFCPRODUCTDEFINITIONSHAPE($,$,(#7984));
#7986=IFCRELVOIDSELEMENT('1bMMzfX0jAGh9byL73iLw4',$,$,$,#4982,#7957);
#7992=IFCRELFILLSELEMENT('3ANxUrM7XA_xq6uslMnAhV',$,$,$,#7957,#7933);
#8003=IFCCARTESIANPOINT((6.1024305144854392,9.6979084496240375E-07,1.));
#8004=IFCDIRECTION((0.,0.,1.));
#8005=IFCDIRECTION((0.99999999999999289,1.1920928244535129E-07,0.));
#8006=IFCAXIS2PLACEMENT3D(#8003,#8004,#8005);
#8007=IFCLOCALPLACEMENT(#5371,#8006);
#8013=IFCWINDOWTYPE('3Dtze$EGf2zwrCv6SvJpDq',$,'Bed 1 (1)- SF',$,$,(#8014),(#8016,#8024,#8072),$,$,.WINDOW.,.SINGLE_PANEL.,$,$);
#8014=IFCPROPERTYSET('1cZrdyiPXACeOLjpfUVQSY',$,'BBIM_Window',$,(#8015));
#8015=IFCPROPERTYSINGLEVALUE('Data',$,IFCTEXT('{"window_type": "SINGLE_PANEL", "overall_height": 1.1377971172332764, "overall_width": 0.7914069890975952, "lining_properties": {"lining_depth": 0.05000000074505806, "lining_thickness": 0.05000000074505806, "lining_offset": 0.05000000074505806, "lining_to_panel_offset_x": 0.02500000037252903, "lining_to_panel_offset_y": 0.02500000037252903}, "panel_properties": {"frame_depth": [0.03500000014901161, 0.03500000014901161, 0.03500000014901161], "frame_thickness": [0.03500000014901161, 0.03500000014901161, 0.03500000014901161]}}'),$);
#8016=IFCREPRESENTATIONMAP(#8017,#8021);
#8017=IFCAXIS2PLACEMENT3D(#8018,#8019,#8020);
#8018=IFCCARTESIANPOINT((0.,0.,0.));
#8019=IFCDIRECTION((0.,0.,1.));
#8020=IFCDIRECTION((1.,0.,0.));
#8021=IFCSHAPEREPRESENTATION(#18,'Profile','Curve3D',(#8022));
#8022=IFCINDEXEDPOLYCURVE(#8023,(IFCLINEINDEX((1,2,3,4,1))),$);
#8023=IFCCARTESIANPOINTLIST3D(((0.,0.,0.),(0.79140698909759521,0.,0.),(0.79140698909759521,0.,1.1377971172332764),(0.,0.,1.1377971172332764)));
#8024=IFCREPRESENTATIONMAP(#8025,#8029);
#8025=IFCAXIS2PLACEMENT3D(#8026,#8027,#8028);
#8026=IFCCARTESIANPOINT((0.,0.,0.));
#8027=IFCDIRECTION((0.,0.,1.));
#8028=IFCDIRECTION((1.,0.,0.));
#8029=IFCSHAPEREPRESENTATION(#11,'Body','SweptSolid',(#8030,#8041,#8052,#8063));
#8030=IFCEXTRUDEDAREASOLID(#8031,#8036,#8040,0.0099999997764825821);
#8031=IFCARBITRARYPROFILEDEFWITHVOIDS(.AREA.,$,#8032,(#8034));
#8032=IFCINDEXEDPOLYCURVE(#8033,(IFCLINEINDEX((1,2,3,4,1))),$);
#8033=IFCCARTESIANPOINTLIST2D(((0.,0.),(0.79140698909759521,0.),(0.79140698909759521,1.1377971172332764),(0.,1.1377971172332764)));
#8034=IFCINDEXEDPOLYCURVE(#8035,(IFCLINEINDEX((1,2,3,4,1))),$);
#8035=IFCCARTESIANPOINTLIST2D(((0.02500000037252903,0.02500000037252903),(0.76640698872506618,0.02500000037252903),(0.76640698872506618,1.1127971168607473),(0.02500000037252903,1.1127971168607473)));
#8036=IFCAXIS2PLACEMENT3D(#8037,#8038,#8039);
#8037=IFCCARTESIANPOINT((0.,0.090000001713633537,0.));
#8038=IFCDIRECTION((0.,-1.,0.));
#8039=IFCDIRECTION((1.,0.,0.));
#8040=IFCDIRECTION((0.,0.,-1.));
#8041=IFCEXTRUDEDAREASOLID(#8042,#8047,#8051,0.040000000968575478);
#8042=IFCARBITRARYPROFILEDEFWITHVOIDS(.AREA.,$,#8043,(#8045));
#8043=IFCINDEXEDPOLYCURVE(#8044,(IFCLINEINDEX((1,2,3,4,1))),$);
#8044=IFCCARTESIANPOINTLIST2D(((0.,0.),(0.79140698909759521,0.),(0.79140698909759521,1.1377971172332764),(0.,1.1377971172332764)));
#8045=IFCINDEXEDPOLYCURVE(#8046,(IFCLINEINDEX((1,2,3,4,1))),$);
#8046=IFCCARTESIANPOINTLIST2D(((0.05000000074505806,0.05000000074505806),(0.74140698835253716,0.05000000074505806),(0.74140698835253716,1.0877971164882183),(0.05000000074505806,1.0877971164882183)));
#8047=IFCAXIS2PLACEMENT3D(#8048,#8049,#8050);
#8048=IFCCARTESIANPOINT((0.,0.05000000074505806,0.));
#8049=IFCDIRECTION((0.,-1.,0.));
#8050=IFCDIRECTION((1.,0.,0.));
#8051=IFCDIRECTION((0.,0.,-1.));
#8052=IFCEXTRUDEDAREASOLID(#8053,#8058,#8062,0.035000000149011612);
#8053=IFCARBITRARYPROFILEDEFWITHVOIDS(.AREA.,$,#8054,(#8056));
#8054=IFCINDEXEDPOLYCURVE(#8055,(IFCLINEINDEX((1,2,3,4,1))),$);
#8055=IFCCARTESIANPOINTLIST2D(((0.,0.),(0.74140698835253716,0.),(0.74140698835253716,1.0877971164882183),(0.,1.0877971164882183)));
#8056=IFCINDEXEDPOLYCURVE(#8057,(IFCLINEINDEX((1,2,3,4,1))),$);
#8057=IFCCARTESIANPOINTLIST2D(((0.035000000149011612,0.035000000149011612),(0.70640698820352554,0.035000000149011612),(0.70640698820352554,1.0527971163392067),(0.035000000149011612,1.0527971163392067)));
#8058=IFCAXIS2PLACEMENT3D(#8059,#8060,#8061);
#8059=IFCCARTESIANPOINT((0.02500000037252903,0.090000001713633537,0.02500000037252903));
#8060=IFCDIRECTION((0.,-1.,0.));
#8061=IFCDIRECTION((1.,0.,0.));
#8062=IFCDIRECTION((0.,0.,-1.));
#8063=IFCEXTRUDEDAREASOLID(#8064,#8067,#8071,0.01);
#8064=IFCARBITRARYCLOSEDPROFILEDEF(.AREA.,$,#8065);
#8065=IFCINDEXEDPOLYCURVE(#8066,(IFCLINEINDEX((1,2,3,4,1))),$);
#8066=IFCCARTESIANPOINTLIST2D(((0.035000000149011612,0.035000000149011612),(0.70640698820352554,0.035000000149011612),(0.70640698820352554,1.0527971163392067),(0.035000000149011612,1.0527971163392067)));
#8067=IFCAXIS2PLACEMENT3D(#8068,#8069,#8070);
#8068=IFCCARTESIANPOINT((0.02500000037252903,0.10250000178813934,0.02500000037252903));
#8069=IFCDIRECTION((0.,-1.,0.));
#8070=IFCDIRECTION((1.,0.,0.));
#8071=IFCDIRECTION((0.,0.,-1.));
#8072=IFCREPRESENTATIONMAP(#8073,#8077);
#8073=IFCAXIS2PLACEMENT3D(#8074,#8075,#8076);
#8074=IFCCARTESIANPOINT((0.,0.,0.));
#8075=IFCDIRECTION((0.,0.,1.));
#8076=IFCDIRECTION((1.,0.,0.));
#8077=IFCSHAPEREPRESENTATION(#24,'Body','Curve2D',(#8078,#8080,#8082,#8084,#8086,#8088,#8090,#8092));
#8078=IFCINDEXEDPOLYCURVE(#8079,$,$);
#8079=IFCCARTESIANPOINTLIST2D(((0.05000000074505806,0.05000000074505806),(0.74140698835253716,0.05000000074505806)));
#8080=IFCINDEXEDPOLYCURVE(#8081,(IFCLINEINDEX((1,2,3,4,5,6,1))),$);
#8081=IFCCARTESIANPOINTLIST2D(((0.,0.10000000149011612),(0.02500000037252903,0.10000000149011612),(0.02500000037252903,0.090000001713633537),(0.05000000074505806,0.090000001713633537),(0.05000000074505806,0.05000000074505806),(0.,0.05000000074505806)));
#8082=IFCINDEXEDPOLYCURVE(#8083,(IFCLINEINDEX((1,2,3,4,5,6,1))),$);
#8083=IFCCARTESIANPOINTLIST2D(((0.79140698909759521,0.10000000149011612),(0.76640698872506618,0.10000000149011612),(0.76640698872506618,0.090000001713633537),(0.74140698835253716,0.090000001713633537),(0.74140698835253716,0.05000000074505806),(0.79140698909759521,0.05000000074505806)));
#8084=IFCINDEXEDPOLYCURVE(#8085,(IFCLINEINDEX((1,2,3,4,1))),$);
#8085=IFCCARTESIANPOINTLIST2D(((0.02500000037252903,0.090000001713633537),(0.060000000521540642,0.090000001713633537),(0.060000000521540642,0.12500000186264515),(0.02500000037252903,0.12500000186264515)));
#8086=IFCINDEXEDPOLYCURVE(#8087,(IFCLINEINDEX((1,2,3,4,1))),$);
#8087=IFCCARTESIANPOINTLIST2D(((0.76640698872506618,0.090000001713633537),(0.73140698857605457,0.090000001713633537),(0.73140698857605457,0.12500000186264515),(0.76640698872506618,0.12500000186264515)));
#8088=IFCINDEXEDPOLYCURVE(#8089,$,$);
#8089=IFCCARTESIANPOINTLIST2D(((0.060000000521540642,0.090000001713633537),(0.73140698857605457,0.090000001713633537)));
#8090=IFCINDEXEDPOLYCURVE(#8091,$,$);
#8091=IFCCARTESIANPOINTLIST2D(((0.060000000521540642,0.12500000186264515),(0.73140698857605457,0.12500000186264515)));
#8092=IFCINDEXEDPOLYCURVE(#8093,$,$);
#8093=IFCCARTESIANPOINTLIST2D(((0.060000000521540642,0.10750000178813934),(0.73140698857605457,0.10750000178813934)));
#8094=IFCWINDOW('1QhShVXEbEOgVGddkLzmnH',$,'Window',$,$,#8338,#8103,$,1.1377971172332764,0.79140698909759521,$,$,$);
#8095=IFCRELDEFINESBYTYPE('1$e_okA8z1APLFO$G3_nuf',$,$,$,(#8094),#8013);
#8096=IFCCARTESIANPOINT((0.,0.,0.));
#8097=IFCDIRECTION((1.,0.,0.));
#8098=IFCDIRECTION((0.,1.,0.));
#8099=IFCDIRECTION((0.,0.,1.));
#8100=IFCCARTESIANTRANSFORMATIONOPERATOR3D(#8097,#8098,#8096,1.,#8099);
#8101=IFCMAPPEDITEM(#8016,#8100);
#8102=IFCSHAPEREPRESENTATION(#18,'Profile','MappedRepresentation',(#8101));
#8103=IFCPRODUCTDEFINITIONSHAPE($,$,(#8102,#8110,#8117));
#8104=IFCCARTESIANPOINT((0.,0.,0.));
#8105=IFCDIRECTION((1.,0.,0.));
#8106=IFCDIRECTION((0.,1.,0.));
#8107=IFCDIRECTION((0.,0.,1.));
#8108=IFCCARTESIANTRANSFORMATIONOPERATOR3D(#8105,#8106,#8104,1.,#8107);
#8109=IFCMAPPEDITEM(#8024,#8108);
#8110=IFCSHAPEREPRESENTATION(#11,'Body','MappedRepresentation',(#8109));
#8111=IFCCARTESIANPOINT((0.,0.,0.));
#8112=IFCDIRECTION((1.,0.,0.));
#8113=IFCDIRECTION((0.,1.,0.));
#8114=IFCDIRECTION((0.,0.,1.));
#8115=IFCCARTESIANTRANSFORMATIONOPERATOR3D(#8112,#8113,#8111,1.,#8114);
#8116=IFCMAPPEDITEM(#8072,#8115);
#8117=IFCSHAPEREPRESENTATION(#24,'Body','MappedRepresentation',(#8116));
#8118=IFCOPENINGELEMENT('2ij2n03p90v9AaiqT1wmEY',$,'Opening',$,$,#8168,#8146,$,.OPENING.);
#8124=IFCCARTESIANPOINTLIST2D(((0.,0.),(0.79140698909759521,0.),(0.79140698909759521,1.1377971172332764),(0.,1.1377971172332764)));
#8125=IFCINDEXEDPOLYCURVE(#8124,(IFCLINEINDEX((1,2,3,4,1))),$);
#8126=IFCARBITRARYCLOSEDPROFILEDEF(.AREA.,$,#8125);
#8127=IFCCARTESIANPOINT((0.,-0.60000002384185791,0.));
#8128=IFCDIRECTION((0.,-1.,0.));
#8129=IFCDIRECTION((1.,0.,0.));
#8130=IFCAXIS2PLACEMENT3D(#8127,#8128,#8129);
#8131=IFCDIRECTION((0.,0.,-1.));
#8132=IFCEXTRUDEDAREASOLID(#8126,#8130,#8131,1.2);
#8133=IFCSHAPEREPRESENTATION(#11,'Body','SweptSolid',(#8132));
#8134=IFCCARTESIANPOINT((0.,0.,0.));
#8135=IFCDIRECTION((1.,0.,0.));
#8136=IFCDIRECTION((0.,0.,1.));
#8137=IFCAXIS2PLACEMENT3D(#8134,#8136,#8135);
#8138=IFCREPRESENTATIONMAP(#8137,#8133);
#8139=IFCCARTESIANPOINT((0.,0.,0.));
#8140=IFCDIRECTION((1.,0.,0.));
#8141=IFCDIRECTION((0.,1.,0.));
#8142=IFCDIRECTION((0.,0.,1.));
#8143=IFCCARTESIANTRANSFORMATIONOPERATOR3D(#8140,#8141,#8139,1.,#8142);
#8144=IFCMAPPEDITEM(#8138,#8143);
#8145=IFCSHAPEREPRESENTATION(#11,'Body','MappedRepresentation',(#8144));
#8146=IFCPRODUCTDEFINITIONSHAPE($,$,(#8145));
#8147=IFCRELVOIDSELEMENT('2Ie3JDr6fE_ul$HmvuwPuC',$,$,$,#4982,#8118);
#8153=IFCRELFILLSELEMENT('2j$wLRTJj51PadL57CfwpO',$,$,$,#8118,#8094);
#8164=IFCCARTESIANPOINT((1.5336074153490276,3.6105308387490709E-07,1.));
#8165=IFCDIRECTION((0.,0.,1.));
#8166=IFCDIRECTION((0.99999999999999289,1.1920928244535129E-07,0.));
#8167=IFCAXIS2PLACEMENT3D(#8164,#8165,#8166);
#8168=IFCLOCALPLACEMENT(#5371,#8167);
#8174=IFCWINDOWTYPE('3HKCQ$7oXDK84dcI0bF5Wj',$,'Bed 1 (2) - SF',$,$,(#8175),(#8177,#8185,#8271),$,$,.WINDOW.,.SINGLE_PANEL.,$,$);
#8175=IFCPROPERTYSET('0oo9VN_iLEouy96jtac$ZY',$,'BBIM_Window',$,(#8176));
#8176=IFCPROPERTYSINGLEVALUE('Data',$,IFCTEXT('{"window_type": "DOUBLE_PANEL_VERTICAL", "overall_height": 1.1377971172332764, "overall_width": 1.1899967193603516, "lining_properties": {"lining_depth": 0.05000000074505806, "lining_thickness": 0.05000000074505806, "lining_offset": 0.05000000074505806, "lining_to_panel_offset_x": 0.02500000037252903, "lining_to_panel_offset_y": 0.02500000037252903, "mullion_thickness": 0.05000000074505806, "first_mullion_offset": 0.6018311381340027}, "panel_properties": {"frame_depth": [0.03500000014901161, 0.03500000014901161, 0.03500000014901161], "frame_thickness": [0.03500000014901161, 0.03500000014901161, 0.03500000014901161]}}'),$);
#8177=IFCREPRESENTATIONMAP(#8178,#8182);
#8178=IFCAXIS2PLACEMENT3D(#8179,#8180,#8181);
#8179=IFCCARTESIANPOINT((0.,0.,0.));
#8180=IFCDIRECTION((0.,0.,1.));
#8181=IFCDIRECTION((1.,0.,0.));
#8182=IFCSHAPEREPRESENTATION(#18,'Profile','Curve3D',(#8183));
#8183=IFCINDEXEDPOLYCURVE(#8184,(IFCLINEINDEX((1,2,3,4,1))),$);
#8184=IFCCARTESIANPOINTLIST3D(((0.,0.,0.),(1.1899967193603516,0.,0.),(1.1899967193603516,0.,1.1377971172332764),(0.,0.,1.1377971172332764)));
#8185=IFCREPRESENTATIONMAP(#8186,#8190);
#8186=IFCAXIS2PLACEMENT3D(#8187,#8188,#8189);
#8187=IFCCARTESIANPOINT((0.,0.,0.));
#8188=IFCDIRECTION((0.,0.,1.));
#8189=IFCDIRECTION((1.,0.,0.));
#8190=IFCSHAPEREPRESENTATION(#11,'Body','SweptSolid',(#8191,#8200,#8211,#8222,#8231,#8240,#8251,#8262));
#8191=IFCEXTRUDEDAREASOLID(#8192,#8195,#8199,0.0099999997764825821);
#8192=IFCARBITRARYCLOSEDPROFILEDEF(.AREA.,$,#8193);
#8193=IFCINDEXEDPOLYCURVE(#8194,(IFCLINEINDEX((1,2,3,4,5,6,7,8,1))),$);
#8194=IFCCARTESIANPOINTLIST2D(((0.60183113813400269,0.),(0.,0.),(0.,1.1377971172332764),(0.60183113813400269,1.1377971172332764),(0.60183113813400269,1.1127971168607473),(0.02500000037252903,1.1127971168607473),(0.02500000037252903,0.02500000037252903),(0.60183113813400269,0.02500000037252903)));
#8195=IFCAXIS2PLACEMENT3D(#8196,#8197,#8198);
#8196=IFCCARTESIANPOINT((0.,0.090000001713633537,0.));
#8197=IFCDIRECTION((0.,-1.,0.));
#8198=IFCDIRECTION((1.,0.,0.));
#8199=IFCDIRECTION((0.,0.,-1.));
#8200=IFCEXTRUDEDAREASOLID(#8201,#8206,#8210,0.040000000968575478);
#8201=IFCARBITRARYPROFILEDEFWITHVOIDS(.AREA.,$,#8202,(#8204));
#8202=IFCINDEXEDPOLYCURVE(#8203,(IFCLINEINDEX((1,2,3,4,1))),$);
#8203=IFCCARTESIANPOINTLIST2D(((0.,0.),(0.60183113813400269,0.),(0.60183113813400269,1.1377971172332764),(0.,1.1377971172332764)));
#8204=IFCINDEXEDPOLYCURVE(#8205,(IFCLINEINDEX((1,2,3,4,1))),$);
#8205=IFCCARTESIANPOINTLIST2D(((0.05000000074505806,0.05000000074505806),(0.57683113776147366,0.05000000074505806),(0.57683113776147366,1.0877971164882183),(0.05000000074505806,1.0877971164882183)));
#8206=IFCAXIS2PLACEMENT3D(#8207,#8208,#8209);
#8207=IFCCARTESIANPOINT((0.,0.05000000074505806,0.));
#8208=IFCDIRECTION((0.,-1.,0.));
#8209=IFCDIRECTION((1.,0.,0.));
#8210=IFCDIRECTION((0.,0.,-1.));
#8211=IFCEXTRUDEDAREASOLID(#8212,#8217,#8221,0.035000000149011612);
#8212=IFCARBITRARYPROFILEDEFWITHVOIDS(.AREA.,$,#8213,(#8215));
#8213=IFCINDEXEDPOLYCURVE(#8214,(IFCLINEINDEX((1,2,3,4,1))),$);
#8214=IFCCARTESIANPOINTLIST2D(((0.,0.),(0.57683113776147366,0.),(0.57683113776147366,1.0877971164882183),(0.,1.0877971164882183)));
#8215=IFCINDEXEDPOLYCURVE(#8216,(IFCLINEINDEX((1,2,3,4,1))),$);
#8216=IFCCARTESIANPOINTLIST2D(((0.035000000149011612,0.035000000149011612),(0.54183113761246204,0.035000000149011612),(0.54183113761246204,1.0527971163392067),(0.035000000149011612,1.0527971163392067)));
#8217=IFCAXIS2PLACEMENT3D(#8218,#8219,#8220);
#8218=IFCCARTESIANPOINT((0.02500000037252903,0.090000001713633537,0.02500000037252903));
#8219=IFCDIRECTION((0.,-1.,0.));
#8220=IFCDIRECTION((1.,0.,0.));
#8221=IFCDIRECTION((0.,0.,-1.));
#8222=IFCEXTRUDEDAREASOLID(#8223,#8226,#8230,0.01);
#8223=IFCARBITRARYCLOSEDPROFILEDEF(.AREA.,$,#8224);
#8224=IFCINDEXEDPOLYCURVE(#8225,(IFCLINEINDEX((1,2,3,4,1))),$);
#8225=IFCCARTESIANPOINTLIST2D(((0.035000000149011612,0.035000000149011612),(0.54183113761246204,0.035000000149011612),(0.54183113761246204,1.0527971163392067),(0.035000000149011612,1.0527971163392067)));
#8226=IFCAXIS2PLACEMENT3D(#8227,#8228,#8229);
#8227=IFCCARTESIANPOINT((0.02500000037252903,0.10250000178813934,0.02500000037252903));
#8228=IFCDIRECTION((0.,-1.,0.));
#8229=IFCDIRECTION((1.,0.,0.));
#8230=IFCDIRECTION((0.,0.,-1.));
#8231=IFCEXTRUDEDAREASOLID(#8232,#8235,#8239,0.0099999997764825821);
#8232=IFCARBITRARYCLOSEDPROFILEDEF(.AREA.,$,#8233);
#8233=IFCINDEXEDPOLYCURVE(#8234,(IFCLINEINDEX((1,2,3,4,5,6,7,8,1))),$);
#8234=IFCCARTESIANPOINTLIST2D(((0.,1.1377971172332764),(0.58816558122634888,1.1377971172332764),(0.58816558122634888,0.),(0.,0.),(0.,0.02500000037252903),(0.56316558085381985,0.02500000037252903),(0.56316558085381985,1.1127971168607473),(0.,1.1127971168607473)));
#8235=IFCAXIS2PLACEMENT3D(#8236,#8237,#8238);
#8236=IFCCARTESIANPOINT((0.60183113813400269,0.090000001713633537,0.));
#8237=IFCDIRECTION((0.,-1.,0.));
#8238=IFCDIRECTION((1.,0.,0.));
#8239=IFCDIRECTION((0.,0.,-1.));
#8240=IFCEXTRUDEDAREASOLID(#8241,#8246,#8250,0.040000000968575478);
#8241=IFCARBITRARYPROFILEDEFWITHVOIDS(.AREA.,$,#8242,(#8244));
#8242=IFCINDEXEDPOLYCURVE(#8243,(IFCLINEINDEX((1,2,3,4,1))),$);
#8243=IFCCARTESIANPOINTLIST2D(((0.,0.),(0.58816558122634888,0.),(0.58816558122634888,1.1377971172332764),(0.,1.1377971172332764)));
#8244=IFCINDEXEDPOLYCURVE(#8245,(IFCLINEINDEX((1,2,3,4,1))),$);
#8245=IFCCARTESIANPOINTLIST2D(((0.02500000037252903,0.05000000074505806),(0.53816558048129082,0.05000000074505806),(0.53816558048129082,1.0877971164882183),(0.02500000037252903,1.0877971164882183)));
#8246=IFCAXIS2PLACEMENT3D(#8247,#8248,#8249);
#8247=IFCCARTESIANPOINT((0.60183113813400269,0.05000000074505806,0.));
#8248=IFCDIRECTION((0.,-1.,0.));
#8249=IFCDIRECTION((1.,0.,0.));
#8250=IFCDIRECTION((0.,0.,-1.));
#8251=IFCEXTRUDEDAREASOLID(#8252,#8257,#8261,0.035000000149011612);
#8252=IFCARBITRARYPROFILEDEFWITHVOIDS(.AREA.,$,#8253,(#8255));
#8253=IFCINDEXEDPOLYCURVE(#8254,(IFCLINEINDEX((1,2,3,4,1))),$);
#8254=IFCCARTESIANPOINTLIST2D(((0.,0.),(0.56316558085381985,0.),(0.56316558085381985,1.0877971164882183),(0.,1.0877971164882183)));
#8255=IFCINDEXEDPOLYCURVE(#8256,(IFCLINEINDEX((1,2,3,4,1))),$);
#8256=IFCCARTESIANPOINTLIST2D(((0.035000000149011612,0.035000000149011612),(0.52816558070480824,0.035000000149011612),(0.52816558070480824,1.0527971163392067),(0.035000000149011612,1.0527971163392067)));
#8257=IFCAXIS2PLACEMENT3D(#8258,#8259,#8260);
#8258=IFCCARTESIANPOINT((0.60183113813400269,0.090000001713633537,0.02500000037252903));
#8259=IFCDIRECTION((0.,-1.,0.));
#8260=IFCDIRECTION((1.,0.,0.));
#8261=IFCDIRECTION((0.,0.,-1.));
#8262=IFCEXTRUDEDAREASOLID(#8263,#8266,#8270,0.01);
#8263=IFCARBITRARYCLOSEDPROFILEDEF(.AREA.,$,#8264);
#8264=IFCINDEXEDPOLYCURVE(#8265,(IFCLINEINDEX((1,2,3,4,1))),$);
#8265=IFCCARTESIANPOINTLIST2D(((0.035000000149011612,0.035000000149011612),(0.52816558070480824,0.035000000149011612),(0.52816558070480824,1.0527971163392067),(0.035000000149011612,1.0527971163392067)));
#8266=IFCAXIS2PLACEMENT3D(#8267,#8268,#8269);
#8267=IFCCARTESIANPOINT((0.60183113813400269,0.10250000178813934,0.02500000037252903));
#8268=IFCDIRECTION((0.,-1.,0.));
#8269=IFCDIRECTION((1.,0.,0.));
#8270=IFCDIRECTION((0.,0.,-1.));
#8271=IFCREPRESENTATIONMAP(#8272,#8276);
#8272=IFCAXIS2PLACEMENT3D(#8273,#8274,#8275);
#8273=IFCCARTESIANPOINT((0.,0.,0.));
#8274=IFCDIRECTION((0.,0.,1.));
#8275=IFCDIRECTION((1.,0.,0.));
#8276=IFCSHAPEREPRESENTATION(#24,'Body','Curve2D',(#8277,#8279,#8281,#8283,#8285,#8287,#8289,#8291,#8293,#8295,#8297,#8299,#8301,#8303,#8305,#8307));
#8277=IFCINDEXEDPOLYCURVE(#8278,$,$);
#8278=IFCCARTESIANPOINTLIST2D(((0.05000000074505806,0.05000000074505806),(0.57683113776147366,0.05000000074505806)));
#8279=IFCINDEXEDPOLYCURVE(#8280,(IFCLINEINDEX((1,2,3,4,5,6,1))),$);
#8280=IFCCARTESIANPOINTLIST2D(((0.,0.10000000149011612),(0.02500000037252903,0.10000000149011612),(0.02500000037252903,0.090000001713633537),(0.05000000074505806,0.090000001713633537),(0.05000000074505806,0.05000000074505806),(0.,0.05000000074505806)));
#8281=IFCINDEXEDPOLYCURVE(#8282,$,$);
#8282=IFCCARTESIANPOINTLIST2D(((0.60183113813400269,0.10000000149011612),(0.60183113813400269,0.10000000149011612),(0.60183113813400269,0.090000001713633537),(0.57683113776147366,0.090000001713633537),(0.57683113776147366,0.05000000074505806),(0.60183113813400269,0.05000000074505806)));
#8283=IFCINDEXEDPOLYCURVE(#8284,(IFCLINEINDEX((1,2,3,4,1))),$);
#8284=IFCCARTESIANPOINTLIST2D(((0.02500000037252903,0.090000001713633537),(0.060000000521540642,0.090000001713633537),(0.060000000521540642,0.12500000186264515),(0.02500000037252903,0.12500000186264515)));
#8285=IFCINDEXEDPOLYCURVE(#8286,(IFCLINEINDEX((1,2,3,4,1))),$);
#8286=IFCCARTESIANPOINTLIST2D(((0.60183113813400269,0.090000001713633537),(0.56683113798499107,0.090000001713633537),(0.56683113798499107,0.12500000186264515),(0.60183113813400269,0.12500000186264515)));
#8287=IFCINDEXEDPOLYCURVE(#8288,$,$);
#8288=IFCCARTESIANPOINTLIST2D(((0.060000000521540642,0.090000001713633537),(0.56683113798499107,0.090000001713633537)));
#8289=IFCINDEXEDPOLYCURVE(#8290,$,$);
#8290=IFCCARTESIANPOINTLIST2D(((0.060000000521540642,0.12500000186264515),(0.56683113798499107,0.12500000186264515)));
#8291=IFCINDEXEDPOLYCURVE(#8292,$,$);
#8292=IFCCARTESIANPOINTLIST2D(((0.060000000521540642,0.10750000178813934),(0.56683113798499107,0.10750000178813934)));
#8293=IFCINDEXEDPOLYCURVE(#8294,$,$);
#8294=IFCCARTESIANPOINTLIST2D(((0.62683113850653172,0.05000000074505806),(1.1399967186152935,0.05000000074505806)));
#8295=IFCINDEXEDPOLYCURVE(#8296,$,$);
#8296=IFCCARTESIANPOINTLIST2D(((0.60183113813400269,0.10000000149011612),(0.60183113813400269,0.10000000149011612),(0.60183113813400269,0.090000001713633537),(0.62683113850653172,0.090000001713633537),(0.62683113850653172,0.05000000074505806),(0.60183113813400269,0.05000000074505806)));
#8297=IFCINDEXEDPOLYCURVE(#8298,(IFCLINEINDEX((1,2,3,4,5,6,1))),$);
#8298=IFCCARTESIANPOINTLIST2D(((1.1899967193603516,0.10000000149011612),(1.1649967189878225,0.10000000149011612),(1.1649967189878225,0.090000001713633537),(1.1399967186152935,0.090000001713633537),(1.1399967186152935,0.05000000074505806),(1.1899967193603516,0.05000000074505806)));
#8299=IFCINDEXEDPOLYCURVE(#8300,(IFCLINEINDEX((1,2,3,4,1))),$);
#8300=IFCCARTESIANPOINTLIST2D(((0.60183113813400269,0.090000001713633537),(0.6368311382830143,0.090000001713633537),(0.6368311382830143,0.12500000186264515),(0.60183113813400269,0.12500000186264515)));
#8301=IFCINDEXEDPOLYCURVE(#8302,(IFCLINEINDEX((1,2,3,4,1))),$);
#8302=IFCCARTESIANPOINTLIST2D(((1.1649967189878225,0.090000001713633537),(1.1299967188388109,0.090000001713633537),(1.1299967188388109,0.12500000186264515),(1.1649967189878225,0.12500000186264515)));
#8303=IFCINDEXEDPOLYCURVE(#8304,$,$);
#8304=IFCCARTESIANPOINTLIST2D(((0.6368311382830143,0.090000001713633537),(1.1299967188388109,0.090000001713633537)));
#8305=IFCINDEXEDPOLYCURVE(#8306,$,$);
#8306=IFCCARTESIANPOINTLIST2D(((0.6368311382830143,0.12500000186264515),(1.1299967188388109,0.12500000186264515)));
#8307=IFCINDEXEDPOLYCURVE(#8308,$,$);
#8308=IFCCARTESIANPOINTLIST2D(((0.6368311382830143,0.10750000178813934),(1.1299967188388109,0.10750000178813934)));
#8309=IFCCARTESIANPOINT((8.8817841970012523E-16,-2.7755575615628914E-17,0.));
#8310=IFCDIRECTION((0.,0.,1.));
#8311=IFCDIRECTION((0.99999999999999989,0.,0.));
#8312=IFCAXIS2PLACEMENT3D(#8309,#8310,#8311);
#8313=IFCLOCALPLACEMENT(#7109,#8312);
#8314=IFCCARTESIANPOINT((1.1102230246251565E-16,0.,0.));
#8315=IFCDIRECTION((0.,0.,1.));
#8316=IFCDIRECTION((1.,0.,0.));
#8317=IFCAXIS2PLACEMENT3D(#8314,#8315,#8316);
#8318=IFCLOCALPLACEMENT(#7470,#8317);
#8319=IFCCARTESIANPOINT((0.,-8.8817841970012523E-16,0.));
#8320=IFCDIRECTION((0.,0.,1.));
#8321=IFCDIRECTION((0.99999999999999978,-3.4694469519536142E-18,0.));
#8322=IFCAXIS2PLACEMENT3D(#8319,#8320,#8321);
#8323=IFCLOCALPLACEMENT(#7685,#8322);
#8324=IFCCARTESIANPOINT((4.4408920985006262E-16,0.,0.));
#8325=IFCDIRECTION((0.,0.,1.));
#8326=IFCDIRECTION((1.,0.,0.));
#8327=IFCAXIS2PLACEMENT3D(#8324,#8325,#8326);
#8328=IFCLOCALPLACEMENT(#7846,#8327);
#8329=IFCCARTESIANPOINT((1.1102230246251565E-16,4.4408920985006262E-16,0.));
#8330=IFCDIRECTION((0.,0.,1.));
#8331=IFCDIRECTION((1.,0.,0.));
#8332=IFCAXIS2PLACEMENT3D(#8329,#8330,#8331);
#8333=IFCLOCALPLACEMENT(#8007,#8332);
#8334=IFCCARTESIANPOINT((8.8817841970012523E-16,0.,0.));
#8335=IFCDIRECTION((0.,0.,1.));
#8336=IFCDIRECTION((1.,0.,0.));
#8337=IFCAXIS2PLACEMENT3D(#8334,#8335,#8336);
#8338=IFCLOCALPLACEMENT(#8168,#8337);
#8339=IFCWINDOW('3Kx5LyciX31xGqpRSpJmsT',$,'Window',$,$,#8929,#8347,$,1.1377971172332764,1.1899967193603516,$,$,$);
#8340=IFCCARTESIANPOINT((0.,0.,0.));
#8341=IFCDIRECTION((1.,0.,0.));
#8342=IFCDIRECTION((0.,1.,0.));
#8343=IFCDIRECTION((0.,0.,1.));
#8344=IFCCARTESIANTRANSFORMATIONOPERATOR3D(#8341,#8342,#8340,1.,#8343);
#8345=IFCMAPPEDITEM(#7479,#8344);
#8346=IFCSHAPEREPRESENTATION(#18,'Profile','MappedRepresentation',(#8345));
#8347=IFCPRODUCTDEFINITIONSHAPE($,$,(#8346,#8354,#8361));
#8348=IFCCARTESIANPOINT((0.,0.,0.));
#8349=IFCDIRECTION((1.,0.,0.));
#8350=IFCDIRECTION((0.,1.,0.));
#8351=IFCDIRECTION((0.,0.,1.));
#8352=IFCCARTESIANTRANSFORMATIONOPERATOR3D(#8349,#8350,#8348,1.,#8351);
#8353=IFCMAPPEDITEM(#7487,#8352);
#8354=IFCSHAPEREPRESENTATION(#11,'Body','MappedRepresentation',(#8353));
#8355=IFCCARTESIANPOINT((0.,0.,0.));
#8356=IFCDIRECTION((1.,0.,0.));
#8357=IFCDIRECTION((0.,1.,0.));
#8358=IFCDIRECTION((0.,0.,1.));
#8359=IFCCARTESIANTRANSFORMATIONOPERATOR3D(#8356,#8357,#8355,1.,#8358);
#8360=IFCMAPPEDITEM(#7573,#8359);
#8361=IFCSHAPEREPRESENTATION(#24,'Body','MappedRepresentation',(#8360));
#8362=IFCOPENINGELEMENT('34u2vxUtL3qPC4kuPXxIoe',$,'Opening',$,$,#8397,#8375,$,.OPENING.);
#8368=IFCCARTESIANPOINT((0.,0.,0.));
#8369=IFCDIRECTION((1.,0.,0.));
#8370=IFCDIRECTION((0.,1.,0.));
#8371=IFCDIRECTION((0.,0.,1.));
#8372=IFCCARTESIANTRANSFORMATIONOPERATOR3D(#8369,#8370,#8368,1.,#8371);
#8373=IFCMAPPEDITEM(#7655,#8372);
#8374=IFCSHAPEREPRESENTATION(#11,'Body','MappedRepresentation',(#8373));
#8375=IFCPRODUCTDEFINITIONSHAPE($,$,(#8374));
#8376=IFCRELVOIDSELEMENT('1pREePNbbDARxFw0VGNDx4',$,$,$,#4957,#8362);
#8382=IFCRELFILLSELEMENT('1PVdjLhmPFSuGqgOSRSbgW',$,$,$,#8362,#8339);
#8393=IFCCARTESIANPOINT((0.42867286503330282,-3.0990578547829273E-07,1.));
#8394=IFCDIRECTION((0.,0.,1.));
#8395=IFCDIRECTION((0.99999999999997158,-2.3841857910149749E-07,0.));
#8396=IFCAXIS2PLACEMENT3D(#8393,#8394,#8395);
#8397=IFCLOCALPLACEMENT(#4968,#8396);
#8403=IFCDOORTYPE('3kZyX2cMf5yRqFMJ52rmAd',$,'Balcony - SF',$,$,(#8404),(#8406,#8414,#8483,#8495),$,$,.DOOR.,.SINGLE_SWING_LEFT.,$,$);
#8404=IFCPROPERTYSET('2setG9G45Fw8t0UqbTek2D',$,'BBIM_Door',$,(#8405));
#8405=IFCPROPERTYSINGLEVALUE('Data',$,IFCTEXT('{"door_type": "SLIDING_TO_RIGHT", "overall_height": 1.8319506645202637, "overall_width": 1.3358434438705444, "lining_properties": {"lining_depth": 0.05000000074505806, "lining_thickness": 0.05000000074505806, "lining_offset": 0.0, "transom_thickness": 0.0, "casing_thickness": 0.07500000298023224, "casing_depth": 0.004999999888241291, "threshold_thickness": 0.02500000037252903, "threshold_depth": 0.10000000149011612, "threshold_offset": 0.0}, "panel_properties": {"panel_depth": 0.03500000014901161, "panel_width_ratio": 1.0}}'),$);
#8406=IFCREPRESENTATIONMAP(#8407,#8411);
#8407=IFCAXIS2PLACEMENT3D(#8408,#8409,#8410);
#8408=IFCCARTESIANPOINT((0.,0.,0.));
#8409=IFCDIRECTION((0.,0.,1.));
#8410=IFCDIRECTION((1.,0.,0.));
#8411=IFCSHAPEREPRESENTATION(#18,'Profile','Curve3D',(#8412));
#8412=IFCINDEXEDPOLYCURVE(#8413,(IFCLINEINDEX((1,2,3,4,1))),$);
#8413=IFCCARTESIANPOINTLIST3D(((0.,0.,0.),(1.3358434438705444,0.,0.),(1.3358434438705444,0.,1.8319506645202637),(0.,0.,1.8319506645202637)));
#8414=IFCREPRESENTATIONMAP(#8415,#8419);
#8415=IFCAXIS2PLACEMENT3D(#8416,#8417,#8418);
#8416=IFCCARTESIANPOINT((0.,0.,0.));
#8417=IFCDIRECTION((0.,0.,1.));
#8418=IFCDIRECTION((1.,0.,0.));
#8419=IFCSHAPEREPRESENTATION(#11,'Body','SweptSolid',(#8420,#8429,#8438,#8447,#8456,#8465,#8474));
#8420=IFCEXTRUDEDAREASOLID(#8421,#8424,#8428,0.05000000074505806);
#8421=IFCARBITRARYCLOSEDPROFILEDEF(.AREA.,$,#8422);
#8422=IFCINDEXEDPOLYCURVE(#8423,(IFCLINEINDEX((1,2,3,4,5,6,7,8,1))),$);
#8423=IFCCARTESIANPOINTLIST2D(((0.,0.),(0.,1.8319506645202637),(1.3358434438705444,1.8319506645202637),(1.3358434438705444,0.),(1.2858434431254864,0.),(1.2858434431254864,1.7819506637752056),(0.05000000074505806,1.7819506637752056),(0.05000000074505806,0.)));
#8424=IFCAXIS2PLACEMENT3D(#8425,#8426,#8427);
#8425=IFCCARTESIANPOINT((0.,0.,0.));
#8426=IFCDIRECTION((0.,-1.,0.));
#8427=IFCDIRECTION((1.,0.,0.));
#8428=IFCDIRECTION((0.,0.,-1.));
#8429=IFCEXTRUDEDAREASOLID(#8430,#8433,#8437,1.7569506634026766);
#8430=IFCARBITRARYCLOSEDPROFILEDEF(.AREA.,$,#8431);
#8431=IFCINDEXEDPOLYCURVE(#8432,(IFCLINEINDEX((1,2,3,4,1))),$);
#8432=IFCCARTESIANPOINTLIST2D(((0.,0.),(1.2358434423804283,0.),(1.2358434423804283,0.035000000149011612),(0.,0.035000000149011612)));
#8433=IFCAXIS2PLACEMENT3D(#8434,#8435,#8436);
#8434=IFCCARTESIANPOINT((0.05000000074505806,-0.035000000149011612,0.02500000037252903));
#8435=IFCDIRECTION((0.,0.,1.));
#8436=IFCDIRECTION((1.,0.,0.));
#8437=IFCDIRECTION((0.,0.,1.));
#8438=IFCEXTRUDEDAREASOLID(#8439,#8442,#8446,0.02);
#8439=IFCARBITRARYCLOSEDPROFILEDEF(.AREA.,$,#8440);
#8440=IFCINDEXEDPOLYCURVE(#8441,(IFCLINEINDEX((1,2,3,4,5,6,1))),$);
#8441=IFCCARTESIANPOINTLIST2D(((0.,0.),(0.,-0.040000000000000001),(0.12,-0.040000000000000001),(0.12,-0.02),(0.02,-0.02),(0.02,0.)));
#8442=IFCAXIS2PLACEMENT3D(#8443,#8444,#8445);
#8443=IFCCARTESIANPOINT((0.10000000074505806,-0.035000000149011612,1.015000000372529));
#8444=IFCDIRECTION((0.,0.,1.));
#8445=IFCDIRECTION((1.,0.,0.));
#8446=IFCDIRECTION((0.,0.,1.));
#8447=IFCEXTRUDEDAREASOLID(#8448,#8451,#8455,0.02);
#8448=IFCARBITRARYCLOSEDPROFILEDEF(.AREA.,$,#8449);
#8449=IFCINDEXEDPOLYCURVE(#8450,(IFCLINEINDEX((1,2,3,4,5,6,1))),$);
#8450=IFCCARTESIANPOINTLIST2D(((0.,0.),(0.,0.040000000000000008),(0.11999999999999998,0.040000000000000008),(0.11999999999999998,0.020000000000000004),(0.020000000000000004,0.020000000000000004),(0.020000000000000004,0.)));
#8451=IFCAXIS2PLACEMENT3D(#8452,#8453,#8454);
#8452=IFCCARTESIANPOINT((0.10000000074505806,0.,1.015000000372529));
#8453=IFCDIRECTION((0.,0.,1.));
#8454=IFCDIRECTION((1.,0.,0.));
#8455=IFCDIRECTION((0.,0.,1.));
#8456=IFCEXTRUDEDAREASOLID(#8457,#8460,#8464,0.02500000037252903);
#8457=IFCARBITRARYCLOSEDPROFILEDEF(.AREA.,$,#8458);
#8458=IFCINDEXEDPOLYCURVE(#8459,(IFCLINEINDEX((1,2,3,4,1))),$);
#8459=IFCCARTESIANPOINTLIST2D(((0.,0.),(1.2358434423804283,0.),(1.2358434423804283,0.10000000149011612),(0.,0.10000000149011612)));
#8460=IFCAXIS2PLACEMENT3D(#8461,#8462,#8463);
#8461=IFCCARTESIANPOINT((0.05000000074505806,0.,0.));
#8462=IFCDIRECTION((0.,0.,1.));
#8463=IFCDIRECTION((1.,0.,0.));
#8464=IFCDIRECTION((0.,0.,1.));
#8465=IFCEXTRUDEDAREASOLID(#8466,#8469,#8473,0.004999999888241291);
#8466=IFCARBITRARYCLOSEDPROFILEDEF(.AREA.,$,#8467);
#8467=IFCINDEXEDPOLYCURVE(#8468,(IFCLINEINDEX((1,2,3,4,5,6,7,8,1))),$);
#8468=IFCCARTESIANPOINTLIST2D(((0.,0.),(0.,1.8569506667554379),(1.3858434483408928,1.8569506667554379),(1.3858434483408928,0.),(1.3108434453606606,0.),(1.3108434453606606,1.7819506637752056),(0.075000002980232239,1.7819506637752056),(0.075000002980232239,0.)));
#8469=IFCAXIS2PLACEMENT3D(#8470,#8471,#8472);
#8470=IFCCARTESIANPOINT((-0.025000002235174179,-0.004999999888241291,0.));
#8471=IFCDIRECTION((0.,-1.,0.));
#8472=IFCDIRECTION((1.,0.,0.));
#8473=IFCDIRECTION((0.,0.,-1.));
#8474=IFCEXTRUDEDAREASOLID(#8475,#8478,#8482,0.004999999888241291);
#8475=IFCARBITRARYCLOSEDPROFILEDEF(.AREA.,$,#8476);
#8476=IFCINDEXEDPOLYCURVE(#8477,(IFCLINEINDEX((1,2,3,4,5,6,7,8,1))),$);
#8477=IFCCARTESIANPOINTLIST2D(((0.,0.),(0.,1.8569506667554379),(1.3858434483408928,1.8569506667554379),(1.3858434483408928,0.),(1.3108434453606606,0.),(1.3108434453606606,1.7819506637752056),(0.075000002980232239,1.7819506637752056),(0.075000002980232239,0.)));
#8478=IFCAXIS2PLACEMENT3D(#8479,#8480,#8481);
#8479=IFCCARTESIANPOINT((-0.025000002235174179,0.05000000074505806,0.));
#8480=IFCDIRECTION((0.,-1.,0.));
#8481=IFCDIRECTION((1.,0.,0.));
#8482=IFCDIRECTION((0.,0.,-1.));
#8483=IFCREPRESENTATIONMAP(#8484,#8488);
#8484=IFCAXIS2PLACEMENT3D(#8485,#8486,#8487);
#8485=IFCCARTESIANPOINT((0.,0.,0.));
#8486=IFCDIRECTION((0.,0.,1.));
#8487=IFCDIRECTION((1.,0.,0.));
#8488=IFCSHAPEREPRESENTATION(#24,'Body','Curve2D',(#8489,#8491,#8493));
#8489=IFCINDEXEDPOLYCURVE(#8490,(IFCLINEINDEX((1,2,3,4,1))),$);
#8490=IFCCARTESIANPOINTLIST2D(((0.,0.),(0.05000000074505806,0.),(0.05000000074505806,0.05000000074505806),(0.,0.05000000074505806)));
#8491=IFCINDEXEDPOLYCURVE(#8492,(IFCLINEINDEX((1,2,3,4,1))),$);
#8492=IFCCARTESIANPOINTLIST2D(((1.3358434438705444,0.),(1.2858434431254864,0.),(1.2858434431254864,0.05000000074505806),(1.3358434438705444,0.05000000074505806)));
#8493=IFCINDEXEDPOLYCURVE(#8494,(IFCLINEINDEX((1,2,3,4,1))),$);
#8494=IFCCARTESIANPOINTLIST2D(((1.9037651643157005,-0.035000000149011612),(0.66792172193527222,-0.035000000149011612),(0.66792172193527222,0.),(1.9037651643157005,0.)));
#8495=IFCREPRESENTATIONMAP(#8496,#8500);
#8496=IFCAXIS2PLACEMENT3D(#8497,#8498,#8499);
#8497=IFCCARTESIANPOINT((0.,0.,0.));
#8498=IFCDIRECTION((0.,0.,1.));
#8499=IFCDIRECTION((1.,0.,0.));
#8500=IFCSHAPEREPRESENTATION(#25,'Annotation','Curve2D',(#8501,#8503));
#8501=IFCINDEXEDPOLYCURVE(#8502,$,$);
#8502=IFCCARTESIANPOINTLIST2D(((0.48254520557820796,-0.081587428267465345),(0.85329823829233653,-0.081587428267465345)));
#8503=IFCINDEXEDPOLYCURVE(#8504,$,$);
#8504=IFCCARTESIANPOINTLIST2D(((0.51254520557820793,-0.050529142855162856),(0.48254520557820796,-0.081587428267465345),(0.51254520557820793,-0.11264571367976783)));
#8505=IFCDOOR('1eUbrn4ufBGQos6womyd9X',$,'Door',$,$,#8576,#8514,$,1.8319506645202637,1.3358434438705444,$,$,$);
#8506=IFCRELDEFINESBYTYPE('0rvFfA5KT6HB3PFaqjdI8t',$,$,$,(#8505),#8403);
#8507=IFCCARTESIANPOINT((0.,0.,0.));
#8508=IFCDIRECTION((1.,0.,0.));
#8509=IFCDIRECTION((0.,1.,0.));
#8510=IFCDIRECTION((0.,0.,1.));
#8511=IFCCARTESIANTRANSFORMATIONOPERATOR3D(#8508,#8509,#8507,1.,#8510);
#8512=IFCMAPPEDITEM(#8406,#8511);
#8513=IFCSHAPEREPRESENTATION(#18,'Profile','MappedRepresentation',(#8512));
#8514=IFCPRODUCTDEFINITIONSHAPE($,$,(#8513,#8521,#8528,#8535));
#8515=IFCCARTESIANPOINT((0.,0.,0.));
#8516=IFCDIRECTION((1.,0.,0.));
#8517=IFCDIRECTION((0.,1.,0.));
#8518=IFCDIRECTION((0.,0.,1.));
#8519=IFCCARTESIANTRANSFORMATIONOPERATOR3D(#8516,#8517,#8515,1.,#8518);
#8520=IFCMAPPEDITEM(#8414,#8519);
#8521=IFCSHAPEREPRESENTATION(#11,'Body','MappedRepresentation',(#8520));
#8522=IFCCARTESIANPOINT((0.,0.,0.));
#8523=IFCDIRECTION((1.,0.,0.));
#8524=IFCDIRECTION((0.,1.,0.));
#8525=IFCDIRECTION((0.,0.,1.));
#8526=IFCCARTESIANTRANSFORMATIONOPERATOR3D(#8523,#8524,#8522,1.,#8525);
#8527=IFCMAPPEDITEM(#8483,#8526);
#8528=IFCSHAPEREPRESENTATION(#24,'Body','MappedRepresentation',(#8527));
#8529=IFCCARTESIANPOINT((0.,0.,0.));
#8530=IFCDIRECTION((1.,0.,0.));
#8531=IFCDIRECTION((0.,1.,0.));
#8532=IFCDIRECTION((0.,0.,1.));
#8533=IFCCARTESIANTRANSFORMATIONOPERATOR3D(#8530,#8531,#8529,1.,#8532);
#8534=IFCMAPPEDITEM(#8495,#8533);
#8535=IFCSHAPEREPRESENTATION(#25,'Annotation','MappedRepresentation',(#8534));
#8536=IFCOPENINGELEMENT('362SVXKMbAIh$qZYYPxkPo',$,'Opening',$,$,#11530,#8564,$,.OPENING.);
#8542=IFCCARTESIANPOINTLIST2D(((0.,0.),(1.3358434438705444,0.),(1.3358434438705444,1.8319506645202637),(0.,1.8319506645202637)));
#8543=IFCINDEXEDPOLYCURVE(#8542,(IFCLINEINDEX((1,2,3,4,1))),$);
#8544=IFCARBITRARYCLOSEDPROFILEDEF(.AREA.,$,#8543);
#8545=IFCCARTESIANPOINT((0.,-0.60000002384185791,0.));
#8546=IFCDIRECTION((0.,-1.,0.));
#8547=IFCDIRECTION((1.,0.,0.));
#8548=IFCAXIS2PLACEMENT3D(#8545,#8546,#8547);
#8549=IFCDIRECTION((0.,0.,-1.));
#8550=IFCEXTRUDEDAREASOLID(#8544,#8548,#8549,1.2);
#8551=IFCSHAPEREPRESENTATION(#11,'Body','SweptSolid',(#8550));
#8552=IFCCARTESIANPOINT((0.,0.,0.));
#8553=IFCDIRECTION((1.,0.,0.));
#8554=IFCDIRECTION((0.,0.,1.));
#8555=IFCAXIS2PLACEMENT3D(#8552,#8554,#8553);
#8556=IFCREPRESENTATIONMAP(#8555,#8551);
#8557=IFCCARTESIANPOINT((0.,0.,0.));
#8558=IFCDIRECTION((1.,0.,0.));
#8559=IFCDIRECTION((0.,1.,0.));
#8560=IFCDIRECTION((0.,0.,1.));
#8561=IFCCARTESIANTRANSFORMATIONOPERATOR3D(#8558,#8559,#8557,1.,#8560);
#8562=IFCMAPPEDITEM(#8556,#8561);
#8563=IFCSHAPEREPRESENTATION(#11,'Body','MappedRepresentation',(#8562));
#8564=IFCPRODUCTDEFINITIONSHAPE($,$,(#8563));
#8565=IFCRELVOIDSELEMENT('0VrU1TstP4lxEd4pOBIR_D',$,$,$,#6016,#8536);
#8571=IFCRELFILLSELEMENT('0hPBh7U$LAbfNtdYh3Okae',$,$,$,#8536,#8505);
#8572=IFCCARTESIANPOINT((-6.9388939039072284E-18,0.,0.));
#8573=IFCDIRECTION((0.,0.,1.));
#8574=IFCDIRECTION((1.,0.,0.));
#8575=IFCAXIS2PLACEMENT3D(#8572,#8573,#8574);
#8576=IFCLOCALPLACEMENT(#11530,#8575);
#8599=IFCSLAB('2D5csbg850mAlCGHCSdHdD',$,'Slab',$,$,#8606,#8613,$,$);
#8600=IFCMATERIALLAYERSETUSAGE(#2166,.AXIS3.,.POSITIVE.,-0.10000000149011612,$);
#8601=IFCRELASSOCIATESMATERIAL('14Y6sA6vz9PxkjmL$ouTOn',$,$,$,(#8599),#8600);
#8602=IFCCARTESIANPOINT((4.1281194686889648,-3.043438196182251,0.));
#8603=IFCDIRECTION((0.,0.,1.));
#8604=IFCDIRECTION((1.,0.,0.));
#8605=IFCAXIS2PLACEMENT3D(#8602,#8603,#8604);
#8606=IFCLOCALPLACEMENT(#4757,#8605);
#8607=IFCCARTESIANPOINTLIST2D(((0.,0.),(-7.5,-1.1920928955078125E-06),(-7.5000004768371582,8.4999990463256836),(-3.9499993324279785,8.573369026184082),(-3.9706625938415527,9.573155403137207),(0.050000667572021484,9.573369026184082),(0.049999713897705078,0.082179546356201172),(0.,0.)));
#8608=IFCINDEXEDPOLYCURVE(#8607,$,$);
#8609=IFCDIRECTION((0.,0.,1.));
#8610=IFCARBITRARYCLOSEDPROFILEDEF(.AREA.,$,#8608);
#8611=IFCEXTRUDEDAREASOLID(#8610,#8620,#8609,0.10000000000000001);
#8612=IFCSHAPEREPRESENTATION(#11,'Body','SweptSolid',(#8611));
#8613=IFCPRODUCTDEFINITIONSHAPE($,$,(#8612));
#8614=IFCPROPERTYSET('3O0DZZKlj8OPHhtjFiNKcc',$,'EPset_Parametric',$,(#8616));
#8615=IFCRELDEFINESBYPROPERTIES('0jaRl21VPBhAjRlRixD7iB',$,$,$,(#8599),#8614);
#8616=IFCPROPERTYSINGLEVALUE('Engine',$,IFCLABEL('Bonsai.DumbLayer3'),$);
#8617=IFCCARTESIANPOINT((-0.,-0.,-0.10000000149011612));
#8618=IFCDIRECTION((0.,0.,1.));
#8619=IFCDIRECTION((1.,0.,0.));
#8620=IFCAXIS2PLACEMENT3D(#8617,#8618,#8619);
#8793=IFCBUILDINGSTOREY('0Ir3x1_cb5xe7JZ_xH42hN',$,'Roof',$,$,#8814,$,$,$,$);
#8804=IFCRELAGGREGATES('3J$D5o72bAf9VHn76bWEt7',$,$,$,#39,(#8793));
#8810=IFCCARTESIANPOINT((0.,0.,3.));
#8811=IFCDIRECTION((0.,0.,1.));
#8812=IFCDIRECTION((1.,0.,0.));
#8813=IFCAXIS2PLACEMENT3D(#8810,#8811,#8812);
#8814=IFCLOCALPLACEMENT(#4757,#8813);
#8859=IFCSLAB('2ROdsbiZfACfayqY237A04',$,'Slab',$,$,#8867,#8874,$,$);
#8860=IFCRELCONTAINEDINSPATIALSTRUCTURE('3runidgOfD4Q33A$Xzqi4q',$,$,$,(#8859,#9224),#8793);
#8861=IFCMATERIALLAYERSETUSAGE(#2166,.AXIS3.,.POSITIVE.,-0.10000000149011612,$);
#8862=IFCRELASSOCIATESMATERIAL('1YdqI4r6L4Wg_YNHdeluTK',$,$,$,(#8859),#8861);
#8863=IFCCARTESIANPOINT((4.1377229690551758,-3.0531420707702637,0.));
#8864=IFCDIRECTION((0.,0.,1.));
#8865=IFCDIRECTION((1.,0.,0.));
#8866=IFCAXIS2PLACEMENT3D(#8863,#8864,#8865);
#8867=IFCLOCALPLACEMENT(#8814,#8866);
#8868=IFCCARTESIANPOINTLIST2D(((0.,0.),(0.040397167205810547,9.5830726623535156),(-3.9596025943756104,9.583073616027832),(-3.9596025943756104,8.5830726623535156),(-7.4596028327941895,8.5830745697021484),(-7.4596014022827148,1.5330736637115479),(-3.8596014976501465,1.5830737352371216),(-3.8584377765655518,0.9860072135925293),(-2.1596012115478516,0.98307418823242188),(-2.1596014499664307,0.082040786743164062),(-0.0096035003662109375,0.0097038745880126953),(0.,0.)));
#8869=IFCINDEXEDPOLYCURVE(#8868,$,$);
#8870=IFCDIRECTION((0.,0.,1.));
#8871=IFCARBITRARYCLOSEDPROFILEDEF(.AREA.,$,#8869);
#8872=IFCEXTRUDEDAREASOLID(#8871,#8881,#8870,0.10000000000000001);
#8873=IFCSHAPEREPRESENTATION(#11,'Body','SweptSolid',(#8872));
#8874=IFCPRODUCTDEFINITIONSHAPE($,$,(#8873));
#8875=IFCPROPERTYSET('2GnG903Uz8EOZu_ZSceyST',$,'EPset_Parametric',$,(#8877));
#8876=IFCRELDEFINESBYPROPERTIES('3tWt9YYz5AO86pi1UJ$axN',$,$,$,(#8859),#8875);
#8877=IFCPROPERTYSINGLEVALUE('Engine',$,IFCLABEL('Bonsai.DumbLayer3'),$);
#8878=IFCCARTESIANPOINT((-0.,-0.,-0.10000000149011612));
#8879=IFCDIRECTION((0.,0.,1.));
#8880=IFCDIRECTION((1.,0.,0.));
#8881=IFCAXIS2PLACEMENT3D(#8878,#8879,#8880);
#8925=IFCCARTESIANPOINT((5.5511151231257827E-17,0.,0.));
#8926=IFCDIRECTION((0.,0.,1.));
#8927=IFCDIRECTION((1.,0.,0.));
#8928=IFCAXIS2PLACEMENT3D(#8925,#8926,#8927);
#8929=IFCLOCALPLACEMENT(#8397,#8928);
#9036=IFCDOORTYPE('0HhHQ5X5n8cRaqceHuNUkj',$,'Bed 2-2-SF',$,$,(#9037),(#9039,#9047,#9125),$,$,.DOOR.,.SINGLE_SWING_LEFT.,$,$);
#9037=IFCPROPERTYSET('0NUOAuDYHBrON$hbMq9zeH',$,'BBIM_Door',$,(#9038));
#9038=IFCPROPERTYSINGLEVALUE('Data',$,IFCTEXT('{"door_type": "SINGLE_SWING_LEFT", "overall_height": 2.0, "overall_width": 0.8999999761581421, "lining_properties": {"lining_depth": 0.05000000074505806, "lining_thickness": 0.05000000074505806, "lining_offset": 0.0, "lining_to_panel_offset_x": 0.02500000037252903, "lining_to_panel_offset_y": 0.02500000037252903, "transom_thickness": 0.0, "casing_thickness": 0.07500000298023224, "casing_depth": 0.004999999888241291, "threshold_thickness": 0.02500000037252903, "threshold_depth": 0.10000000149011612, "threshold_offset": 0.0}, "panel_properties": {"panel_depth": 0.03500000014901161, "panel_width_ratio": 1.0}}'),$);
#9039=IFCREPRESENTATIONMAP(#9040,#9044);
#9040=IFCAXIS2PLACEMENT3D(#9041,#9042,#9043);
#9041=IFCCARTESIANPOINT((0.,0.,0.));
#9042=IFCDIRECTION((0.,0.,1.));
#9043=IFCDIRECTION((1.,0.,0.));
#9044=IFCSHAPEREPRESENTATION(#18,'Profile','Curve3D',(#9045));
#9045=IFCINDEXEDPOLYCURVE(#9046,(IFCLINEINDEX((1,2,3,4,1))),$);
#9046=IFCCARTESIANPOINTLIST3D(((0.,0.,0.),(0.89999997615814209,0.,0.),(0.89999997615814209,0.,2.),(0.,0.,2.)));
#9047=IFCREPRESENTATIONMAP(#9048,#9052);
#9048=IFCAXIS2PLACEMENT3D(#9049,#9050,#9051);
#9049=IFCCARTESIANPOINT((0.,0.,0.));
#9050=IFCDIRECTION((0.,0.,1.));
#9051=IFCDIRECTION((1.,0.,0.));
#9052=IFCSHAPEREPRESENTATION(#11,'Body','SweptSolid',(#9053,#9062,#9071,#9080,#9089,#9098,#9107,#9116));
#9053=IFCEXTRUDEDAREASOLID(#9054,#9057,#9061,0.02500000037252903);
#9054=IFCARBITRARYCLOSEDPROFILEDEF(.AREA.,$,#9055);
#9055=IFCINDEXEDPOLYCURVE(#9056,(IFCLINEINDEX((1,2,3,4,5,6,7,8,1))),$);
#9056=IFCCARTESIANPOINTLIST2D(((0.,0.),(0.,2.),(0.89999997615814209,2.),(0.89999997615814209,0.),(0.87499997578561306,0.),(0.87499997578561306,1.974999999627471),(0.02500000037252903,1.974999999627471),(0.02500000037252903,0.)));
#9057=IFCAXIS2PLACEMENT3D(#9058,#9059,#9060);
#9058=IFCCARTESIANPOINT((0.,0.02500000037252903,0.));
#9059=IFCDIRECTION((0.,-1.,0.));
#9060=IFCDIRECTION((1.,0.,0.));
#9061=IFCDIRECTION((0.,0.,-1.));
#9062=IFCEXTRUDEDAREASOLID(#9063,#9066,#9070,0.02500000037252903);
#9063=IFCARBITRARYCLOSEDPROFILEDEF(.AREA.,$,#9064);
#9064=IFCINDEXEDPOLYCURVE(#9065,(IFCLINEINDEX((1,2,3,4,5,6,7,8,1))),$);
#9065=IFCCARTESIANPOINTLIST2D(((0.,0.),(0.,2.),(0.89999997615814209,2.),(0.89999997615814209,0.),(0.84999997541308403,0.),(0.84999997541308403,1.9499999992549419),(0.05000000074505806,1.9499999992549419),(0.05000000074505806,0.)));
#9066=IFCAXIS2PLACEMENT3D(#9067,#9068,#9069);
#9067=IFCCARTESIANPOINT((0.,0.,0.));
#9068=IFCDIRECTION((0.,-1.,0.));
#9069=IFCDIRECTION((1.,0.,0.));
#9070=IFCDIRECTION((0.,0.,-1.));
#9071=IFCEXTRUDEDAREASOLID(#9072,#9075,#9079,1.9499999992549419);
#9072=IFCARBITRARYCLOSEDPROFILEDEF(.AREA.,$,#9073);
#9073=IFCINDEXEDPOLYCURVE(#9074,(IFCLINEINDEX((1,2,3,4,1))),$);
#9074=IFCCARTESIANPOINTLIST2D(((0.,0.),(0.84999997541308403,0.),(0.84999997541308403,0.035000000149011612),(0.,0.035000000149011612)));
#9075=IFCAXIS2PLACEMENT3D(#9076,#9077,#9078);
#9076=IFCCARTESIANPOINT((0.02500000037252903,0.02500000037252903,0.02500000037252903));
#9077=IFCDIRECTION((0.,0.,1.));
#9078=IFCDIRECTION((1.,0.,0.));
#9079=IFCDIRECTION((0.,0.,1.));
#9080=IFCEXTRUDEDAREASOLID(#9081,#9084,#9088,0.02);
#9081=IFCARBITRARYCLOSEDPROFILEDEF(.AREA.,$,#9082);
#9082=IFCINDEXEDPOLYCURVE(#9083,(IFCLINEINDEX((1,2,3,4,5,6,1))),$);
#9083=IFCCARTESIANPOINTLIST2D(((0.,0.),(0.,-0.040000000000000001),(-0.11999999999999988,-0.040000000000000001),(-0.11999999999999988,-0.02),(-0.020000000000000018,-0.02),(-0.020000000000000018,0.)));
#9084=IFCAXIS2PLACEMENT3D(#9085,#9086,#9087);
#9085=IFCCARTESIANPOINT((0.82499997578561302,0.02500000037252903,1.015000000372529));
#9086=IFCDIRECTION((0.,0.,1.));
#9087=IFCDIRECTION((1.,0.,0.));
#9088=IFCDIRECTION((0.,0.,1.));
#9089=IFCEXTRUDEDAREASOLID(#9090,#9093,#9097,0.02);
#9090=IFCARBITRARYCLOSEDPROFILEDEF(.AREA.,$,#9091);
#9091=IFCINDEXEDPOLYCURVE(#9092,(IFCLINEINDEX((1,2,3,4,5,6,1))),$);
#9092=IFCCARTESIANPOINTLIST2D(((0.,0.),(0.,0.040000000000000008),(-0.11999999999999988,0.040000000000000008),(-0.11999999999999988,0.020000000000000004),(-0.020000000000000018,0.020000000000000004),(-0.020000000000000018,0.)));
#9093=IFCAXIS2PLACEMENT3D(#9094,#9095,#9096);
#9094=IFCCARTESIANPOINT((0.82499997578561302,0.060000000521540642,1.015000000372529));
#9095=IFCDIRECTION((0.,0.,1.));
#9096=IFCDIRECTION((1.,0.,0.));
#9097=IFCDIRECTION((0.,0.,1.));
#9098=IFCEXTRUDEDAREASOLID(#9099,#9102,#9106,0.02500000037252903);
#9099=IFCARBITRARYCLOSEDPROFILEDEF(.AREA.,$,#9100);
#9100=IFCINDEXEDPOLYCURVE(#9101,(IFCLINEINDEX((1,2,3,4,1))),$);
#9101=IFCCARTESIANPOINTLIST2D(((0.,0.),(0.79999997466802597,0.),(0.79999997466802597,0.10000000149011612),(0.,0.10000000149011612)));
#9102=IFCAXIS2PLACEMENT3D(#9103,#9104,#9105);
#9103=IFCCARTESIANPOINT((0.05000000074505806,0.,0.));
#9104=IFCDIRECTION((0.,0.,1.));
#9105=IFCDIRECTION((1.,0.,0.));
#9106=IFCDIRECTION((0.,0.,1.));
#9107=IFCEXTRUDEDAREASOLID(#9108,#9111,#9115,0.004999999888241291);
#9108=IFCARBITRARYCLOSEDPROFILEDEF(.AREA.,$,#9109);
#9109=IFCINDEXEDPOLYCURVE(#9110,(IFCLINEINDEX((1,2,3,4,5,6,7,8,1))),$);
#9110=IFCCARTESIANPOINTLIST2D(((0.,0.),(0.,2.0250000022351742),(0.94999998062849045,2.0250000022351742),(0.94999998062849045,0.),(0.87499997764825821,0.),(0.87499997764825821,1.9499999992549419),(0.075000002980232239,1.9499999992549419),(0.075000002980232239,0.)));
#9111=IFCAXIS2PLACEMENT3D(#9112,#9113,#9114);
#9112=IFCCARTESIANPOINT((-0.025000002235174179,-0.004999999888241291,0.));
#9113=IFCDIRECTION((0.,-1.,0.));
#9114=IFCDIRECTION((1.,0.,0.));
#9115=IFCDIRECTION((0.,0.,-1.));
#9116=IFCEXTRUDEDAREASOLID(#9117,#9120,#9124,0.004999999888241291);
#9117=IFCARBITRARYCLOSEDPROFILEDEF(.AREA.,$,#9118);
#9118=IFCINDEXEDPOLYCURVE(#9119,(IFCLINEINDEX((1,2,3,4,5,6,7,8,1))),$);
#9119=IFCCARTESIANPOINTLIST2D(((0.,0.),(0.,2.0250000022351742),(0.94999998062849045,2.0250000022351742),(0.94999998062849045,0.),(0.89999997802078724,0.),(0.89999997802078724,1.974999999627471),(0.050000002607703209,1.974999999627471),(0.050000002607703209,0.)));
#9120=IFCAXIS2PLACEMENT3D(#9121,#9122,#9123);
#9121=IFCCARTESIANPOINT((-0.025000002235174179,0.05000000074505806,0.));
#9122=IFCDIRECTION((0.,-1.,0.));
#9123=IFCDIRECTION((1.,0.,0.));
#9124=IFCDIRECTION((0.,0.,-1.));
#9125=IFCREPRESENTATIONMAP(#9126,#9130);
#9126=IFCAXIS2PLACEMENT3D(#9127,#9128,#9129);
#9127=IFCCARTESIANPOINT((0.,0.,0.));
#9128=IFCDIRECTION((0.,0.,1.));
#9129=IFCDIRECTION((1.,0.,0.));
#9130=IFCSHAPEREPRESENTATION(#24,'Body','Curve2D',(#9131,#9133,#9135,#9142));
#9131=IFCINDEXEDPOLYCURVE(#9132,(IFCLINEINDEX((1,2,3,4,5,6,1))),$);
#9132=IFCCARTESIANPOINTLIST2D(((0.,0.),(0.,0.05000000074505806),(0.02500000037252903,0.05000000074505806),(0.02500000037252903,0.02500000037252903),(0.05000000074505806,0.02500000037252903),(0.05000000074505806,0.)));
#9133=IFCINDEXEDPOLYCURVE(#9134,(IFCLINEINDEX((1,2,3,4,5,6,1))),$);
#9134=IFCCARTESIANPOINTLIST2D(((0.89999997615814209,0.),(0.89999997615814209,0.05000000074505806),(0.87499997578561306,0.05000000074505806),(0.87499997578561306,0.02500000037252903),(0.84999997541308403,0.02500000037252903),(0.84999997541308403,0.)));
#9135=IFCTRIMMEDCURVE(#9136,(#9140),(#9141),.T.,.CARTESIAN.);
#9136=IFCELLIPSE(#9137,0.81499997526407242,0.84999997541308403);
#9137=IFCAXIS2PLACEMENT2D(#9138,#9139);
#9138=IFCCARTESIANPOINT((0.060000000521540642,0.05000000074505806));
#9139=IFCDIRECTION((1.,0.));
#9140=IFCCARTESIANPOINT((0.87499997578561306,0.05000000074505806));
#9141=IFCCARTESIANPOINT((0.060000000521540642,0.89999997615814209));
#9142=IFCINDEXEDPOLYCURVE(#9143,(IFCLINEINDEX((1,2,3,4,1))),$);
#9143=IFCCARTESIANPOINTLIST2D(((0.02500000037252903,0.05000000074505806),(0.060000000521540642,0.05000000074505806),(0.060000000521540642,0.89999997615814209),(0.02500000037252903,0.89999997615814209)));
#9144=IFCDOOR('1RD8RzNO17TwAtxLaiAdDL',$,'Door',$,$,#9250,#9153,$,2.,0.89999997615814209,$,$,$);
#9145=IFCRELDEFINESBYTYPE('1VmVZXD0b6ywuF93rZz$e6',$,$,$,(#9144),#9036);
#9146=IFCCARTESIANPOINT((0.,0.,0.));
#9147=IFCDIRECTION((1.,0.,0.));
#9148=IFCDIRECTION((0.,1.,0.));
#9149=IFCDIRECTION((0.,0.,1.));
#9150=IFCCARTESIANTRANSFORMATIONOPERATOR3D(#9147,#9148,#9146,1.,#9149);
#9151=IFCMAPPEDITEM(#9039,#9150);
#9152=IFCSHAPEREPRESENTATION(#18,'Profile','MappedRepresentation',(#9151));
#9153=IFCPRODUCTDEFINITIONSHAPE($,$,(#9152,#9160,#9167));
#9154=IFCCARTESIANPOINT((0.,0.,0.));
#9155=IFCDIRECTION((1.,0.,0.));
#9156=IFCDIRECTION((0.,1.,0.));
#9157=IFCDIRECTION((0.,0.,1.));
#9158=IFCCARTESIANTRANSFORMATIONOPERATOR3D(#9155,#9156,#9154,1.,#9157);
#9159=IFCMAPPEDITEM(#9047,#9158);
#9160=IFCSHAPEREPRESENTATION(#11,'Body','MappedRepresentation',(#9159));
#9161=IFCCARTESIANPOINT((0.,0.,0.));
#9162=IFCDIRECTION((1.,0.,0.));
#9163=IFCDIRECTION((0.,1.,0.));
#9164=IFCDIRECTION((0.,0.,1.));
#9165=IFCCARTESIANTRANSFORMATIONOPERATOR3D(#9162,#9163,#9161,1.,#9164);
#9166=IFCMAPPEDITEM(#9125,#9165);
#9167=IFCSHAPEREPRESENTATION(#24,'Body','MappedRepresentation',(#9166));
#9168=IFCOPENINGELEMENT('0b0aAuLLX2eeeOkOHhkeKn',$,'Opening',$,$,#9218,#9196,$,.OPENING.);
#9174=IFCCARTESIANPOINTLIST2D(((0.,0.),(0.89999997615814209,0.),(0.89999997615814209,2.),(0.,2.)));
#9175=IFCINDEXEDPOLYCURVE(#9174,(IFCLINEINDEX((1,2,3,4,1))),$);
#9176=IFCARBITRARYCLOSEDPROFILEDEF(.AREA.,$,#9175);
#9177=IFCCARTESIANPOINT((0.,-0.60000002384185791,0.));
#9178=IFCDIRECTION((0.,-1.,0.));
#9179=IFCDIRECTION((1.,0.,0.));
#9180=IFCAXIS2PLACEMENT3D(#9177,#9178,#9179);
#9181=IFCDIRECTION((0.,0.,-1.));
#9182=IFCEXTRUDEDAREASOLID(#9176,#9180,#9181,1.2);
#9183=IFCSHAPEREPRESENTATION(#11,'Body','SweptSolid',(#9182));
#9184=IFCCARTESIANPOINT((0.,0.,0.));
#9185=IFCDIRECTION((1.,0.,0.));
#9186=IFCDIRECTION((0.,0.,1.));
#9187=IFCAXIS2PLACEMENT3D(#9184,#9186,#9185);
#9188=IFCREPRESENTATIONMAP(#9187,#9183);
#9189=IFCCARTESIANPOINT((0.,0.,0.));
#9190=IFCDIRECTION((1.,0.,0.));
#9191=IFCDIRECTION((0.,1.,0.));
#9192=IFCDIRECTION((0.,0.,1.));
#9193=IFCCARTESIANTRANSFORMATIONOPERATOR3D(#9190,#9191,#9189,1.,#9192);
#9194=IFCMAPPEDITEM(#9188,#9193);
#9195=IFCSHAPEREPRESENTATION(#11,'Body','MappedRepresentation',(#9194));
#9196=IFCPRODUCTDEFINITIONSHAPE($,$,(#9195));
#9197=IFCRELVOIDSELEMENT('0Bw2t7uTvBSw_zJTaochV3',$,$,$,#5865,#9168);
#9203=IFCRELFILLSELEMENT('3Mi78oqFbA6OBNKjbM_EWa',$,$,$,#9168,#9144);
#9214=IFCCARTESIANPOINT((0.34385064675460497,2.6822090148925781E-07,0.));
#9215=IFCDIRECTION((0.,0.,1.));
#9216=IFCDIRECTION((0.99999999999997158,-2.3841857910155572E-07,0.));
#9217=IFCAXIS2PLACEMENT3D(#9214,#9215,#9216);
#9218=IFCLOCALPLACEMENT(#6357,#9217);
#9224=IFCROOF('02oYLI_Lb3eR7veC5iryD2',$,'Roof',$,$,#9255,#9233,$,$);
#9225=IFCRELDEFINESBYTYPE('3QwTlEAvj6ZgMpmf4NwC7L',$,$,$,(#9224),#4781);
#9226=IFCCARTESIANPOINT((0.,0.,0.));
#9227=IFCDIRECTION((1.,0.,0.));
#9228=IFCDIRECTION((0.,1.,0.));
#9229=IFCDIRECTION((0.,0.,1.));
#9230=IFCCARTESIANTRANSFORMATIONOPERATOR3D(#9227,#9228,#9226,1.,#9229);
#9231=IFCMAPPEDITEM(#4811,#9230);
#9232=IFCSHAPEREPRESENTATION(#11,'Body','MappedRepresentation',(#9231));
#9233=IFCPRODUCTDEFINITIONSHAPE($,$,(#9232,#9240));
#9234=IFCCARTESIANPOINT((0.,0.,0.));
#9235=IFCDIRECTION((1.,0.,0.));
#9236=IFCDIRECTION((0.,1.,0.));
#9237=IFCDIRECTION((0.,0.,1.));
#9238=IFCCARTESIANTRANSFORMATIONOPERATOR3D(#9235,#9236,#9234,1.,#9237);
#9239=IFCMAPPEDITEM(#4839,#9238);
#9240=IFCSHAPEREPRESENTATION(#13,'Box','MappedRepresentation',(#9239));
#9246=IFCCARTESIANPOINT((-1.1102230246251565E-16,0.,0.));
#9247=IFCDIRECTION((0.,0.,1.));
#9248=IFCDIRECTION((1.,0.,0.));
#9249=IFCAXIS2PLACEMENT3D(#9246,#9247,#9248);
#9250=IFCLOCALPLACEMENT(#9218,#9249);
#9251=IFCCARTESIANPOINT((0.64297580718994141,1.7122178077697754,0.10154247283935547));
#9252=IFCDIRECTION((0.,0.,1.));
#9253=IFCDIRECTION((1.,0.,0.));
#9254=IFCAXIS2PLACEMENT3D(#9251,#9252,#9253);
#9255=IFCLOCALPLACEMENT(#8814,#9254);
#9256=IFCCOVERINGTYPE('0K_WIDuSr4$Q$W7ptzLQ_6',$,'FL-1-GF',$,$,(#9260),$,$,$,.FLOORING.);
#9257=IFCMATERIALLAYERSET((#9284,#9285),$,$);
#9258=IFCRELASSOCIATESMATERIAL('3Io8sSzNz5YRgLZbU$IH$R',$,$,$,(#9256),#9257);
#9260=IFCPROPERTYSET('226PwbJUXFWRkJa7bDAFwE',$,'EPset_Parametric',$,(#9261));
#9261=IFCPROPERTYSINGLEVALUE('LayerSetDirection',$,IFCLABEL('AXIS3'),$);
#9262=IFCCOVERING('2QRDcRJgDEE8FJgzF3t1bp',$,'Covering',$,$,#9283,#9276,$,$);
#9263=IFCRELDEFINESBYTYPE('3jJtJUdg56b9i9jhF5vfy_',$,$,$,(#9262),#9256);
#9264=IFCMATERIALLAYERSETUSAGE(#9257,.AXIS3.,.POSITIVE.,0.,$);
#9265=IFCRELASSOCIATESMATERIAL('3AQ4dTIGv7aenTbd35EbH_',$,$,$,(#9262),#9264);
#9266=IFCCARTESIANPOINTLIST2D(((-2.5521073341369629,-4.7268877029418945),(-2.5521073341369629,-4.6768879890441895),(-2.5521073341369629,-4.6768879890441895),(-2.5521073341369629,-4.6268877983093262),(-2.5521073341369629,-2.0268876552581787),(-4.0611071586608887,-2.0268876552581787),(-4.0611071586608887,-1.2498877048492432),(-4.0611071586608887,-1.199887752532959),(-2.0091071128845215,-1.199887752532959),(-2.0091071128845215,0.29311227798461914),(-2.0021071434020996,0.29311227798461914),(-2.0021071434020996,1.7431120872497559),(1.2478926181793213,1.7431120872497559),(1.2478926181793213,-7.1568880081176758),(-2.5521073341369629,-7.1568880081176758)));
#9267=IFCINDEXEDPOLYCURVE(#9266,(IFCLINEINDEX((1,2,3,4,5,6,7,8,9,10,11,12,13,14,15,1))),$);
#9268=IFCARBITRARYCLOSEDPROFILEDEF(.AREA.,$,#9267);
#9269=IFCCARTESIANPOINT((0.,0.,0.));
#9270=IFCDIRECTION((0.,0.,1.));
#9271=IFCDIRECTION((1.,0.,0.));
#9272=IFCAXIS2PLACEMENT3D(#9269,#9270,#9271);
#9273=IFCDIRECTION((0.,0.,1.));
#9274=IFCEXTRUDEDAREASOLID(#9268,#9272,#9273,0.09999999962747097);
#9275=IFCSHAPEREPRESENTATION(#11,'Body','SweptSolid',(#9274));
#9276=IFCPRODUCTDEFINITIONSHAPE($,$,(#9275));
#9277=IFCMATERIAL('screed',$,'cement');
#9278=IFCMATERIAL('parquet',$,'wood');
#9279=IFCCARTESIANPOINT((2.8791072368621826,4.6668877601623535,0.));
#9280=IFCDIRECTION((0.,0.,1.));
#9281=IFCDIRECTION((1.,0.,0.));
#9282=IFCAXIS2PLACEMENT3D(#9279,#9280,#9281);
#9283=IFCLOCALPLACEMENT(#79,#9282);
#9284=IFCMATERIALLAYER(#9277,0.070000000298023224,$,$,$,$,$);
#9285=IFCMATERIALLAYER(#9278,0.029999999329447746,$,$,$,$,$);
#9286=IFCSTAIRFLIGHTTYPE('2VhzSoxN9D4QU1a340I$gS',$,'Stair-1',$,$,(#9287,#9289),(#9331,#9385),$,$,.STRAIGHT.);
#9287=IFCPROPERTYSET('0HB7u7PXX0wOnkktqU3nrk',$,'BBIM_Stair',$,(#9288));
#9288=IFCPROPERTYSINGLEVALUE('Data',$,IFCTEXT('{"stair_type": "GENERIC", "width": 0.7987456321716309, "height": 1.7999999523162842, "number_of_treads": 7, "tread_run": 0.18660202622413635, "nosing_length": 0.0, "nosing_depth": 0.0, "custom_first_last_tread_run": [null, null], "custom_tread_lock": true}'),$);
#9289=IFCPROPERTYSET('1k4oNZCLb3t8$Q3j81sg3V',$,'Pset_StairFlightCommon',$,(#9290,#9291,#9292,#9293,#9294));
#9290=IFCPROPERTYSINGLEVALUE('NumberOfRiser',$,IFCCOUNTMEASURE(8.),$);
#9291=IFCPROPERTYSINGLEVALUE('NumberOfTreads',$,IFCCOUNTMEASURE(7.),$);
#9292=IFCPROPERTYSINGLEVALUE('RiserHeight',$,IFCPOSITIVELENGTHMEASURE(0.22499999403953552),$);
#9293=IFCPROPERTYSINGLEVALUE('TreadLength',$,IFCPOSITIVELENGTHMEASURE(0.25),$);
#9294=IFCPROPERTYSINGLEVALUE('NosingLength',$,IFCLENGTHMEASURE(0.),$);
#9327=IFCCARTESIANPOINT((0.,0.,0.));
#9328=IFCDIRECTION((1.,0.,0.));
#9329=IFCDIRECTION((0.,0.,1.));
#9330=IFCAXIS2PLACEMENT3D(#9327,#9329,#9328);
#9331=IFCREPRESENTATIONMAP(#9330,#9376);
#9332=IFCSTAIRFLIGHT('0ozisRYL1CmB_INOCPlKLs',$,'StairFlight',$,$,#9457,#9341,$,8,7,0.22499999403953552,0.25,.STRAIGHT.);
#9333=IFCRELDEFINESBYTYPE('1LipC56NL0rBoBBDHkdvhh',$,$,$,(#9332),#9286);
#9341=IFCPRODUCTDEFINITIONSHAPE($,$,(#9348,#9392));
#9342=IFCCARTESIANPOINT((0.,0.,0.));
#9343=IFCDIRECTION((1.,0.,0.));
#9344=IFCDIRECTION((0.,1.,0.));
#9345=IFCDIRECTION((0.,0.,1.));
#9346=IFCCARTESIANTRANSFORMATIONOPERATOR3D(#9343,#9344,#9342,1.,#9345);
#9347=IFCMAPPEDITEM(#9331,#9346);
#9348=IFCSHAPEREPRESENTATION(#11,'Body','MappedRepresentation',(#9347));
#9354=IFCINDEXEDPOLYGONALFACE((2,1,18,17,16,15,14,13,12,11,10,9,8,7,6,5,4,3));
#9355=IFCINDEXEDPOLYGONALFACE((19,20,21,22,23,24,25,26,27,28,29,30,31,32,33,34,35,36));
#9356=IFCINDEXEDPOLYGONALFACE((4,5,22,21));
#9357=IFCINDEXEDPOLYGONALFACE((12,13,30,29));
#9358=IFCINDEXEDPOLYGONALFACE((5,6,23,22));
#9359=IFCINDEXEDPOLYGONALFACE((13,14,31,30));
#9360=IFCINDEXEDPOLYGONALFACE((6,7,24,23));
#9361=IFCINDEXEDPOLYGONALFACE((14,15,32,31));
#9362=IFCINDEXEDPOLYGONALFACE((7,8,25,24));
#9363=IFCINDEXEDPOLYGONALFACE((15,16,33,32));
#9364=IFCINDEXEDPOLYGONALFACE((8,9,26,25));
#9365=IFCINDEXEDPOLYGONALFACE((1,2,19,36));
#9366=IFCINDEXEDPOLYGONALFACE((16,17,34,33));
#9367=IFCINDEXEDPOLYGONALFACE((9,10,27,26));
#9368=IFCINDEXEDPOLYGONALFACE((2,3,20,19));
#9369=IFCINDEXEDPOLYGONALFACE((17,18,35,34));
#9370=IFCINDEXEDPOLYGONALFACE((10,11,28,27));
#9371=IFCINDEXEDPOLYGONALFACE((3,4,21,20));
#9372=IFCINDEXEDPOLYGONALFACE((18,1,36,35));
#9373=IFCINDEXEDPOLYGONALFACE((11,12,29,28));
#9374=IFCCARTESIANPOINTLIST3D(((0.,0.,0.),(0.,0.,0.22499999403953552),(0.18660202622413635,0.,0.22499999403953552),(0.18660202622413635,0.,0.44999998807907104),(0.37320405244827271,0.,0.44999998807907104),(0.37320405244827271,0.,0.67499995231628418),(0.55980610847473145,0.,0.67499995231628418),(0.55980610847473145,0.,0.89999997615814209),(0.74640810489654541,0.,0.89999997615814209),(0.74640810489654541,0.,1.125),(0.93301010131835938,0.,1.125),(0.93301010131835938,0.,1.3500000238418579),(1.1196120977401733,0.,1.3500000238418579),(1.1196120977401733,0.,1.5750000476837158),(1.3062140941619873,0.,1.5750000476837158),(1.3062140941619873,0.,1.8000000715255737),(1.4928160905838013,0.,1.8000000715255737),(1.4928160905838013,0.,0.),(0.,0.79874563217163086,0.22499999403953552),(0.18660202622413635,0.79874563217163086,0.22499999403953552),(0.18660202622413635,0.79874563217163086,0.44999998807907104),(0.37320405244827271,0.79874563217163086,0.44999998807907104),(0.37320405244827271,0.79874563217163086,0.67499995231628418),(0.55980610847473145,0.79874563217163086,0.67499995231628418),(0.55980610847473145,0.79874563217163086,0.89999997615814209),(0.74640810489654541,0.79874563217163086,0.89999997615814209),(0.74640810489654541,0.79874563217163086,1.125),(0.93301010131835938,0.79874563217163086,1.125),(0.93301010131835938,0.79874563217163086,1.3500000238418579),(1.1196120977401733,0.79874563217163086,1.3500000238418579),(1.1196120977401733,0.79874563217163086,1.5750000476837158),(1.3062140941619873,0.79874563217163086,1.5750000476837158),(1.3062140941619873,0.79874563217163086,1.8000000715255737),(1.4928160905838013,0.79874563217163086,1.8000000715255737),(1.4928160905838013,0.79874563217163086,0.),(0.,0.79874563217163086,0.)));
#9375=IFCPOLYGONALFACESET(#9374,.T.,(#9354,#9355,#9356,#9357,#9358,#9359,#9360,#9361,#9362,#9363,#9364,#9365,#9366,#9367,#9368,#9369,#9370,#9371,#9372,#9373),$);
#9376=IFCSHAPEREPRESENTATION(#11,'Body','Tessellation',(#9375));
#9378=IFCCARTESIANPOINT((0.,0.,0.));
#9379=IFCBOUNDINGBOX(#9378,1.4928160905838013,0.79874563217163086,1.8000000715255737);
#9380=IFCSHAPEREPRESENTATION(#13,'Box','BoundingBox',(#9379));
#9381=IFCCARTESIANPOINT((0.,0.,0.));
#9382=IFCDIRECTION((1.,0.,0.));
#9383=IFCDIRECTION((0.,0.,1.));
#9384=IFCAXIS2PLACEMENT3D(#9381,#9383,#9382);
#9385=IFCREPRESENTATIONMAP(#9384,#9380);
#9386=IFCCARTESIANPOINT((0.,0.,0.));
#9387=IFCDIRECTION((1.,0.,0.));
#9388=IFCDIRECTION((0.,1.,0.));
#9389=IFCDIRECTION((0.,0.,1.));
#9390=IFCCARTESIANTRANSFORMATIONOPERATOR3D(#9387,#9388,#9386,1.,#9389);
#9391=IFCMAPPEDITEM(#9385,#9390);
#9392=IFCSHAPEREPRESENTATION(#13,'Box','MappedRepresentation',(#9391));
#9398=IFCSLABTYPE('228Ipd5bz1lhzk$fVR$0If',$,'Slab Landing',$,$,(#9402),$,$,$,.LANDING.);
#9399=IFCMATERIALLAYERSET((#9401),$,$);
#9400=IFCRELASSOCIATESMATERIAL('3$Hq08jHH7kfNSCzeGiu2L',$,$,$,(#9398),#9399);
#9401=IFCMATERIALLAYER(#81,1.7999999523162842,$,$,$,$,$);
#9402=IFCPROPERTYSET('1drYZc8iH27903HfQtz$KA',$,'EPset_Parametric',$,(#9403));
#9403=IFCPROPERTYSINGLEVALUE('LayerSetDirection',$,IFCLABEL('AXIS3'),$);
#9427=IFCSLAB('0g3ZTfa918U9x8_JW9Y0as',$,'Slab',$,$,#9462,#9442,$,$);
#9428=IFCRELDEFINESBYTYPE('1ZIyr749PA8PRWPRjLct8c',$,$,$,(#9427),#9398);
#9429=IFCMATERIALLAYERSETUSAGE(#9399,.AXIS3.,.POSITIVE.,-0.10000000149011612,$);
#9430=IFCRELASSOCIATESMATERIAL('1oJ3jsGvD0NfT_0Qant3g8',$,$,$,(#9427),#9429);
#9438=IFCDIRECTION((0.,0.,1.));
#9440=IFCEXTRUDEDAREASOLID(#10007,#9449,#9438,1.7999999523162842);
#9441=IFCSHAPEREPRESENTATION(#11,'Body','SweptSolid',(#9440));
#9442=IFCPRODUCTDEFINITIONSHAPE($,$,(#9441));
#9443=IFCPROPERTYSET('3kZTAYSpv41PdpnE86Z$9v',$,'EPset_Parametric',$,(#9445));
#9444=IFCRELDEFINESBYPROPERTIES('2I$HVkeYfC5g8vhALj35AW',$,$,$,(#9427),#9443);
#9445=IFCPROPERTYSINGLEVALUE('Engine',$,IFCLABEL('Bonsai.DumbLayer3'),$);
#9446=IFCCARTESIANPOINT((-0.,-0.,-0.10000000149011612));
#9447=IFCDIRECTION((0.,0.,1.));
#9448=IFCDIRECTION((1.,0.,0.));
#9449=IFCAXIS2PLACEMENT3D(#9446,#9447,#9448);
#9453=IFCCARTESIANPOINT((1.8286244869232178,0.53619122505187988,0.10000000149011612));
#9454=IFCDIRECTION((0.,0.,1.));
#9455=IFCDIRECTION((1.,0.,0.));
#9456=IFCAXIS2PLACEMENT3D(#9453,#9454,#9455);
#9457=IFCLOCALPLACEMENT(#79,#9456);
#9458=IFCCARTESIANPOINT((3.3214406967163086,1.3349368572235107,0.2035726010799408));
#9459=IFCDIRECTION((0.,0.,1.));
#9460=IFCDIRECTION((1.,0.,0.));
#9461=IFCAXIS2PLACEMENT3D(#9458,#9459,#9460);
#9462=IFCLOCALPLACEMENT(#79,#9461);
#9463=IFCRAILINGTYPE('2469ypReHA4ATJKP61wJck',$,'Balcony-1',$,$,(#9464,#9466),(#9495,#9539),$,$,.USERDEFINED.);
#9464=IFCPROPERTYSET('1oynwsN8DFyAPCZfm6vfMg',$,'BBIM_Railing',$,(#9465));
#9465=IFCPROPERTYSINGLEVALUE('Data',$,IFCTEXT('{"railing_type": "FRAMELESS_PANEL", "height": 1.0, "thickness": 0.05000000074505806, "spacing": 0.05000000074505806, "path_data": {"edges": [[0, 1], [1, 2]], "verts": [[-1.0, 0.0, 0.0], [0.0, 0.0, 0.0], [1.0, 0.0, 0.0]]}}'),$);
#9466=IFCPROPERTYSET('2kIY3pHC1C7PsOp8gQ0efj',$,'Pset_RailingCommon',$,(#9467));
#9467=IFCPROPERTYSINGLEVALUE('Height',$,IFCPOSITIVELENGTHMEASURE(1.),$);
#9491=IFCCARTESIANPOINT((0.,0.,0.));
#9492=IFCDIRECTION((1.,0.,0.));
#9493=IFCDIRECTION((0.,0.,1.));
#9494=IFCAXIS2PLACEMENT3D(#9491,#9493,#9492);
#9495=IFCREPRESENTATIONMAP(#9494,#9530);
#9496=IFCINDEXEDPOLYGONALFACE((2,3,4));
#9497=IFCINDEXEDPOLYGONALFACE((2,4,1));
#9498=IFCINDEXEDPOLYGONALFACE((6,7,8));
#9499=IFCINDEXEDPOLYGONALFACE((6,8,5));
#9500=IFCINDEXEDPOLYGONALFACE((12,9,10));
#9501=IFCINDEXEDPOLYGONALFACE((12,10,11));
#9502=IFCINDEXEDPOLYGONALFACE((13,14,9));
#9503=IFCINDEXEDPOLYGONALFACE((13,9,12));
#9504=IFCINDEXEDPOLYGONALFACE((18,15,16));
#9505=IFCINDEXEDPOLYGONALFACE((18,16,17));
#9506=IFCINDEXEDPOLYGONALFACE((19,20,15));
#9507=IFCINDEXEDPOLYGONALFACE((19,15,18));
#9508=IFCINDEXEDPOLYGONALFACE((2,9,14));
#9509=IFCINDEXEDPOLYGONALFACE((1,10,9));
#9510=IFCINDEXEDPOLYGONALFACE((1,9,2));
#9511=IFCINDEXEDPOLYGONALFACE((6,19,7));
#9512=IFCINDEXEDPOLYGONALFACE((6,20,19));
#9513=IFCINDEXEDPOLYGONALFACE((18,8,7));
#9514=IFCINDEXEDPOLYGONALFACE((18,7,19));
#9515=IFCINDEXEDPOLYGONALFACE((17,8,18));
#9516=IFCINDEXEDPOLYGONALFACE((16,5,8));
#9517=IFCINDEXEDPOLYGONALFACE((16,8,17));
#9518=IFCINDEXEDPOLYGONALFACE((6,15,20));
#9519=IFCINDEXEDPOLYGONALFACE((5,16,15));
#9520=IFCINDEXEDPOLYGONALFACE((5,15,6));
#9521=IFCINDEXEDPOLYGONALFACE((10,1,4));
#9522=IFCINDEXEDPOLYGONALFACE((10,4,11));
#9523=IFCINDEXEDPOLYGONALFACE((2,13,3));
#9524=IFCINDEXEDPOLYGONALFACE((2,14,13));
#9525=IFCINDEXEDPOLYGONALFACE((12,4,3));
#9526=IFCINDEXEDPOLYGONALFACE((12,3,13));
#9527=IFCINDEXEDPOLYGONALFACE((11,4,12));
#9528=IFCCARTESIANPOINTLIST3D(((-0.02500000037252903,-0.02500000037252903,1.),(-0.02500000037252903,0.02500000037252903,1.),(-0.97500002384185791,0.02500000037252903,1.),(-0.97500002384185791,-0.02500000037252903,1.),(0.97500002384185791,-0.02500000037252903,1.),(0.97500002384185791,0.02500000037252903,1.),(0.02500000037252903,0.02500000037252903,1.),(0.02500000037252903,-0.02500000037252903,1.),(-0.02500000037252903,0.,0.),(-0.02500000037252903,-0.02500000037252903,0.),(-0.97500002384185791,-0.02500000037252903,0.),(-0.97500002384185791,0.,0.),(-0.97500002384185791,0.02500000037252903,0.),(-0.02500000037252903,0.02500000037252903,0.),(0.97500002384185791,0.,0.),(0.97500002384185791,-0.02500000037252903,0.),(0.02500000037252903,-0.02500000037252903,0.),(0.02500000037252903,0.,0.),(0.02500000037252903,0.02500000037252903,0.),(0.97500002384185791,0.02500000037252903,0.)));
#9529=IFCPOLYGONALFACESET(#9528,.T.,(#9496,#9497,#9498,#9499,#9500,#9501,#9502,#9503,#9504,#9505,#9506,#9507,#9508,#9509,#9510,#9511,#9512,#9513,#9514,#9515,#9516,#9517,#9518,#9519,#9520,#9521,#9522,#9523,#9524,#9525,#9526,#9527),$);
#9530=IFCSHAPEREPRESENTATION(#11,'Body','Tessellation',(#9529));
#9532=IFCCARTESIANPOINT((-0.97500002384185791,-0.02500000037252903,0.));
#9533=IFCBOUNDINGBOX(#9532,1.9500000476837158,0.05000000074505806,1.);
#9534=IFCSHAPEREPRESENTATION(#13,'Box','BoundingBox',(#9533));
#9535=IFCCARTESIANPOINT((0.,0.,0.));
#9536=IFCDIRECTION((1.,0.,0.));
#9537=IFCDIRECTION((0.,0.,1.));
#9538=IFCAXIS2PLACEMENT3D(#9535,#9537,#9536);
#9539=IFCREPRESENTATIONMAP(#9538,#9534);
#9540=IFCRAILING('1WyC16UifENu5hxvwCn7F7',$,'Railing',$,$,#9960,#9549,$,$);
#9541=IFCRELDEFINESBYTYPE('0Q2zvQXVv5UPiFLfRLDysV',$,$,$,(#9540,#9567),#9463);
#9542=IFCCARTESIANPOINT((0.,0.,0.));
#9543=IFCDIRECTION((1.,0.,0.));
#9544=IFCDIRECTION((0.,1.,0.));
#9545=IFCDIRECTION((0.,0.,1.));
#9546=IFCCARTESIANTRANSFORMATIONOPERATOR3D(#9543,#9544,#9542,1.,#9545);
#9547=IFCMAPPEDITEM(#9495,#9546);
#9548=IFCSHAPEREPRESENTATION(#11,'Body','MappedRepresentation',(#9547));
#9549=IFCPRODUCTDEFINITIONSHAPE($,$,(#9548,#9556));
#9550=IFCCARTESIANPOINT((0.,0.,0.));
#9551=IFCDIRECTION((1.,0.,0.));
#9552=IFCDIRECTION((0.,1.,0.));
#9553=IFCDIRECTION((0.,0.,1.));
#9554=IFCCARTESIANTRANSFORMATIONOPERATOR3D(#9551,#9552,#9550,1.,#9553);
#9555=IFCMAPPEDITEM(#9539,#9554);
#9556=IFCSHAPEREPRESENTATION(#13,'Box','MappedRepresentation',(#9555));
#9567=IFCRAILING('1sNDDMTRT0U9_ZS2252eaT',$,'Railing',$,$,#9965,#9580,$,$);
#9573=IFCCARTESIANPOINT((0.,0.,0.));
#9574=IFCDIRECTION((1.,0.,0.));
#9575=IFCDIRECTION((0.,1.,0.));
#9576=IFCDIRECTION((0.,0.,1.));
#9577=IFCCARTESIANTRANSFORMATIONOPERATOR3D(#9574,#9575,#9573,1.,#9576);
#9578=IFCMAPPEDITEM(#9495,#9577);
#9579=IFCSHAPEREPRESENTATION(#11,'Body','MappedRepresentation',(#9578));
#9580=IFCPRODUCTDEFINITIONSHAPE($,$,(#9579,#9587));
#9581=IFCCARTESIANPOINT((0.,0.,0.));
#9582=IFCDIRECTION((1.,0.,0.));
#9583=IFCDIRECTION((0.,1.,0.));
#9584=IFCDIRECTION((0.,0.,1.));
#9585=IFCCARTESIANTRANSFORMATIONOPERATOR3D(#9582,#9583,#9581,1.,#9584);
#9586=IFCMAPPEDITEM(#9539,#9585);
#9587=IFCSHAPEREPRESENTATION(#13,'Box','MappedRepresentation',(#9586));
#9588=IFCRAILINGTYPE('03VACNnEb93wE8LbMRqyi$',$,'Balcony-2',$,$,(#9589,#9591),(#9593,#9948),$,$,.USERDEFINED.);
#9589=IFCPROPERTYSET('3$6Z1UH4L5sfxa89VVGjm2',$,'BBIM_Railing',$,(#9590));
#9590=IFCPROPERTYSINGLEVALUE('Data',$,IFCTEXT('{"railing_type": "FRAMELESS_PANEL", "height": 1.0, "thickness": 0.05000000074505806, "spacing": 0.05000000074505806, "path_data": {"edges": [[0, 1], [1, 2]], "verts": [[-0.4802836775779724, -1.4733710289001465, 0.0], [-0.30535006523132324, -1.4733710289001465, 0.0], [0.8170363903045654, -1.462266445159912, 0.0]]}}'),$);
#9591=IFCPROPERTYSET('21MaLc_mjB2gqre2_Zq3jk',$,'Pset_RailingCommon',$,(#9592));
#9592=IFCPROPERTYSINGLEVALUE('Height',$,IFCPOSITIVELENGTHMEASURE(1.),$);
#9593=IFCREPRESENTATIONMAP(#9594,#9939);
#9594=IFCAXIS2PLACEMENT3D(#9595,#9596,#9597);
#9595=IFCCARTESIANPOINT((0.,0.,0.));
#9596=IFCDIRECTION((0.,0.,1.));
#9597=IFCDIRECTION((1.,0.,0.));
#9716=IFCRAILING('1fsSv4fx9FGgqBT6u20F1c',$,'Railing',$,'FRAMELESS_PANEL',#9970,#9725,$,.USERDEFINED.);
#9717=IFCRELDEFINESBYTYPE('15Cjmd7OXBeehAxfhKKsxY',$,$,$,(#9716),#9588);
#9718=IFCCARTESIANPOINT((0.,0.,0.));
#9719=IFCDIRECTION((1.,0.,0.));
#9720=IFCDIRECTION((0.,1.,0.));
#9721=IFCDIRECTION((0.,0.,1.));
#9722=IFCCARTESIANTRANSFORMATIONOPERATOR3D(#9719,#9720,#9718,1.,#9721);
#9723=IFCMAPPEDITEM(#9593,#9722);
#9724=IFCSHAPEREPRESENTATION(#11,'Body','MappedRepresentation',(#9723));
#9725=IFCPRODUCTDEFINITIONSHAPE($,$,(#9724,#9955));
#9763=IFCRAILINGTYPE('0zTbCDXXvC2fqURnzBS6Kn',$,'Balcony-3',$,$,(#9764,#9766),(#9768,#9917),$,$,.USERDEFINED.);
#9764=IFCPROPERTYSET('0DuAQanff3w9Dpn1hJVqrW',$,'BBIM_Railing',$,(#9765));
#9765=IFCPROPERTYSINGLEVALUE('Data',$,IFCTEXT('{"railing_type": "FRAMELESS_PANEL", "height": 1.0, "thickness": 0.05000000074505806, "spacing": 0.05000000074505806, "path_data": {"edges": [[0, 1], [1, 2]], "verts": [[-0.47334110736846924, 0.0005714668077416718, 4.6091944483350744e-08], [0.0, 0.0, 0.0], [1.0, 0.0, 0.0]]}}'),$);
#9766=IFCPROPERTYSET('1YZUVLG4HB5RpE76$TmyEd',$,'Pset_RailingCommon',$,(#9767));
#9767=IFCPROPERTYSINGLEVALUE('Height',$,IFCPOSITIVELENGTHMEASURE(1.),$);
#9768=IFCREPRESENTATIONMAP(#9769,#9908);
#9769=IFCAXIS2PLACEMENT3D(#9770,#9771,#9772);
#9770=IFCCARTESIANPOINT((0.,0.,0.));
#9771=IFCDIRECTION((0.,0.,1.));
#9772=IFCDIRECTION((1.,0.,0.));
#9816=IFCRAILING('25AbGOhAP1Ov$_51v3MRGX',$,'Railing',$,'FRAMELESS_PANEL',#9975,#9825,$,.USERDEFINED.);
#9817=IFCRELDEFINESBYTYPE('026Hn4DJDBCh1AUx0B$6bx',$,$,$,(#9816),#9763);
#9818=IFCCARTESIANPOINT((0.,0.,0.));
#9819=IFCDIRECTION((1.,0.,0.));
#9820=IFCDIRECTION((0.,1.,0.));
#9821=IFCDIRECTION((0.,0.,1.));
#9822=IFCCARTESIANTRANSFORMATIONOPERATOR3D(#9819,#9820,#9818,1.,#9821);
#9823=IFCMAPPEDITEM(#9768,#9822);
#9824=IFCSHAPEREPRESENTATION(#11,'Body','MappedRepresentation',(#9823));
#9825=IFCPRODUCTDEFINITIONSHAPE($,$,(#9824,#9924));
#9894=IFCINDEXEDPOLYGONALFACE((16,19,18,17));
#9895=IFCINDEXEDPOLYGONALFACE((20,23,22,21));
#9896=IFCINDEXEDPOLYGONALFACE((5,11,10,4,8,9));
#9897=IFCINDEXEDPOLYGONALFACE((7,15,14,6,12,13));
#9898=IFCINDEXEDPOLYGONALFACE((7,13,23,20,15));
#9899=IFCINDEXEDPOLYGONALFACE((11,16,17,10));
#9900=IFCINDEXEDPOLYGONALFACE((8,18,19,9));
#9901=IFCINDEXEDPOLYGONALFACE((5,9,19,16,11));
#9902=IFCINDEXEDPOLYGONALFACE((12,22,23,13));
#9903=IFCINDEXEDPOLYGONALFACE((6,14,21,22,12));
#9904=IFCINDEXEDPOLYGONALFACE((15,20,21,14));
#9905=IFCINDEXEDPOLYGONALFACE((4,10,17,18,8));
#9906=IFCCARTESIANPOINTLIST3D(((-0.47334110736846924,0.0005714668077416718,4.6091944483350744E-08),(0.,0.,0.),(1.,0.,0.),(-0.44834113121032715,0.00054128421470522881,4.3657554016363065E-08),(-0.024999981746077538,3.0182589398464188E-05,2.4343920212999137E-09),(0.02500000037252903,0.,0.),(0.97500002384185791,0.,0.),(-0.44831094145774841,0.025541268289089203,4.3657554016363065E-08),(-0.024969799444079399,0.025030165910720825,2.4343920212999137E-09),(-0.44837132096290588,-0.024458698928356171,4.3657554016363065E-08),(-0.025030164048075676,-0.024969801306724548,2.4343920212999137E-09),(0.02500000037252903,0.02500000037252903,0.),(0.97500002384185791,0.02500000037252903,0.),(0.02500000037252903,-0.02500000037252903,0.),(0.97500002384185791,-0.02500000037252903,0.),(-0.025030164048075676,-0.024969801306724548,1.),(-0.44837132096290588,-0.024458698928356171,1.),(-0.44831094145774841,0.025541268289089203,1.),(-0.024969799444079399,0.025030165910720825,1.),(0.97500002384185791,-0.02500000037252903,1.),(0.02500000037252903,-0.02500000037252903,1.),(0.02500000037252903,0.02500000037252903,1.),(0.97500002384185791,0.02500000037252903,1.)));
#9907=IFCPOLYGONALFACESET(#9906,.F.,(#9894,#9895,#9896,#9897,#9898,#9899,#9900,#9901,#9902,#9903,#9904,#9905),$);
#9908=IFCSHAPEREPRESENTATION(#11,'Body','Tessellation',(#9907));
#9910=IFCCARTESIANPOINT((-0.47334110736846924,-0.02500000037252903,0.));
#9911=IFCBOUNDINGBOX(#9910,1.4733411073684692,0.050541266798973083,1.);
#9912=IFCSHAPEREPRESENTATION(#13,'Box','BoundingBox',(#9911));
#9913=IFCCARTESIANPOINT((0.,0.,0.));
#9914=IFCDIRECTION((1.,0.,0.));
#9915=IFCDIRECTION((0.,0.,1.));
#9916=IFCAXIS2PLACEMENT3D(#9913,#9915,#9914);
#9917=IFCREPRESENTATIONMAP(#9916,#9912);
#9918=IFCCARTESIANPOINT((0.,0.,0.));
#9919=IFCDIRECTION((1.,0.,0.));
#9920=IFCDIRECTION((0.,1.,0.));
#9921=IFCDIRECTION((0.,0.,1.));
#9922=IFCCARTESIANTRANSFORMATIONOPERATOR3D(#9919,#9920,#9918,1.,#9921);
#9923=IFCMAPPEDITEM(#9917,#9922);
#9924=IFCSHAPEREPRESENTATION(#13,'Box','MappedRepresentation',(#9923));
#9925=IFCINDEXEDPOLYGONALFACE((16,19,18,17));
#9926=IFCINDEXEDPOLYGONALFACE((20,23,22,21));
#9927=IFCINDEXEDPOLYGONALFACE((5,11,10,4,8,9));
#9928=IFCINDEXEDPOLYGONALFACE((7,15,14,6,12,13));
#9929=IFCINDEXEDPOLYGONALFACE((8,18,19,9));
#9930=IFCINDEXEDPOLYGONALFACE((13,23,20,15,7));
#9931=IFCINDEXEDPOLYGONALFACE((5,9,19,16,11));
#9932=IFCINDEXEDPOLYGONALFACE((12,22,23,13));
#9933=IFCINDEXEDPOLYGONALFACE((14,21,22,12,6));
#9934=IFCINDEXEDPOLYGONALFACE((15,20,21,14));
#9935=IFCINDEXEDPOLYGONALFACE((11,16,17,10));
#9936=IFCINDEXEDPOLYGONALFACE((4,10,17,18,8));
#9937=IFCCARTESIANPOINTLIST3D(((-0.48028367757797241,-1.4733710289001465,0.),(-0.30535006523132324,-1.4733710289001465,0.),(0.81703639030456543,-1.4622664451599121,0.),(-0.45528367161750793,-1.4733710289001465,0.),(-0.33035007119178772,-1.4733710289001465,0.),(-0.28035128116607666,-1.4731236696243286,0.),(0.79203760623931885,-1.46251380443573,0.),(-0.45528367161750793,-1.4483710527420044,0.),(-0.33035007119178772,-1.4483710527420044,0.),(-0.45528367161750793,-1.4983710050582886,0.),(-0.33035007119178772,-1.4983710050582886,0.),(-0.28059861063957214,-1.448124885559082,0.),(0.79179024696350098,-1.4375150203704834,0.),(-0.28010395169258118,-1.4981224536895752,0.),(0.79228496551513672,-1.4875125885009766,0.),(-0.33035007119178772,-1.4983710050582886,1.),(-0.45528367161750793,-1.4983710050582886,1.),(-0.45528367161750793,-1.4483710527420044,1.),(-0.33035007119178772,-1.4483710527420044,1.),(0.79228496551513672,-1.4875125885009766,1.),(-0.28010395169258118,-1.4981224536895752,1.),(-0.28059861063957214,-1.448124885559082,1.),(0.79179024696350098,-1.4375150203704834,1.)));
#9938=IFCPOLYGONALFACESET(#9937,.F.,(#9925,#9926,#9927,#9928,#9929,#9930,#9931,#9932,#9933,#9934,#9935,#9936),$);
#9939=IFCSHAPEREPRESENTATION(#11,'Body','Tessellation',(#9938));
#9941=IFCCARTESIANPOINT((-0.48028367757797241,-1.4983710050582886,0.));
#9942=IFCBOUNDINGBOX(#9941,1.2973201274871826,0.060855984687805176,1.);
#9943=IFCSHAPEREPRESENTATION(#13,'Box','BoundingBox',(#9942));
#9944=IFCCARTESIANPOINT((0.,0.,0.));
#9945=IFCDIRECTION((1.,0.,0.));
#9946=IFCDIRECTION((0.,0.,1.));
#9947=IFCAXIS2PLACEMENT3D(#9944,#9946,#9945);
#9948=IFCREPRESENTATIONMAP(#9947,#9943);
#9949=IFCCARTESIANPOINT((0.,0.,0.));
#9950=IFCDIRECTION((1.,0.,0.));
#9951=IFCDIRECTION((0.,1.,0.));
#9952=IFCDIRECTION((0.,0.,1.));
#9953=IFCCARTESIANTRANSFORMATIONOPERATOR3D(#9950,#9951,#9949,1.,#9952);
#9954=IFCMAPPEDITEM(#9948,#9953);
#9955=IFCSHAPEREPRESENTATION(#13,'Box','MappedRepresentation',(#9954));
#9956=IFCCARTESIANPOINT((0.90312159061431885,-3.0184388160705566,0.));
#9957=IFCDIRECTION((0.,0.,1.));
#9958=IFCDIRECTION((1.,0.,0.));
#9959=IFCAXIS2PLACEMENT3D(#9956,#9957,#9958);
#9960=IFCLOCALPLACEMENT(#4757,#9959);
#9961=IFCCARTESIANPOINT((-1.0924373865127563,-3.0040218830108643,0.));
#9962=IFCDIRECTION((0.,0.,1.));
#9963=IFCDIRECTION((1.,0.,0.));
#9964=IFCAXIS2PLACEMENT3D(#9961,#9962,#9963);
#9965=IFCLOCALPLACEMENT(#4757,#9964);
#9966=IFCCARTESIANPOINT((-2.9046223163604736,-1.5414717197418213,0.));
#9967=IFCDIRECTION((0.,0.,1.));
#9968=IFCDIRECTION((1.,0.,0.));
#9969=IFCAXIS2PLACEMENT3D(#9966,#9967,#9968);
#9970=IFCLOCALPLACEMENT(#4757,#9969);
#9971=IFCCARTESIANPOINT((-3.348057746887207,-2.0434098243713379,0.));
#9972=IFCDIRECTION((8.7528270853453498E-08,-8.7317161501231815E-08,0.99999999999999245));
#9973=IFCDIRECTION((0.0012073950910092466,-0.99999927109827769,-8.7422775380505099E-08));
#9974=IFCAXIS2PLACEMENT3D(#9971,#9972,#9973);
#9975=IFCLOCALPLACEMENT(#4757,#9974);
#9976=IFCSLABTYPE('1h92_WS3HAkukE5pMLZnBB',$,'Slab Landing - 2',$,$,(#9977),$,$,$,.LANDING.);
#9977=IFCPROPERTYSET('2dA4Kj17bBd8elasalHb5h',$,'EPset_Parametric',$,(#9978));
#9978=IFCPROPERTYSINGLEVALUE('LayerSetDirection',$,IFCLABEL('AXIS3'),$);
#9979=IFCRELASSOCIATESMATERIAL('37OLMzPUD3VwOqjC3FV98u',$,$,$,(#9976),#9980);
#9980=IFCMATERIALLAYERSET((#9981),$,$);
#9981=IFCMATERIALLAYER(#81,1.7999999523162842,$,$,$,$,$);
#10005=IFCCARTESIANPOINTLIST2D(((-0.0067306598648428917,0.94229233264923096),(0.,-0.79874563217163086),(0.80562734603881836,-0.79844260215759277),(0.80516529083251953,0.94145631790161133),(-0.0067306598648428917,0.94229233264923096)));
#10006=IFCINDEXEDPOLYCURVE(#10005,$,$);
#10007=IFCARBITRARYCLOSEDPROFILEDEF(.AREA.,$,#10006);
#10008=IFCSLAB('34LZpx1fX6T9b2Rsjbxj$b',$,'Slab',$,$,#10218,#10023,$,$);
#10009=IFCRELDEFINESBYTYPE('34pNH6Pm16IOiOtnZplH5g',$,$,$,(#10008),#9976);
#10010=IFCMATERIALLAYERSETUSAGE(#9980,.AXIS3.,.POSITIVE.,-1.7999999523162842,$);
#10011=IFCRELASSOCIATESMATERIAL('1lIpRipWn4896KVREHj5uL',$,$,$,(#10008),#10010);
#10017=IFCCARTESIANPOINTLIST2D(((0.,0.),(0.0036301612854003906,-0.93904340267181396),(-1.4831265211105347,-0.93751859664916992),(-1.482151985168457,0.012480974197387695),(0.,0.)));
#10018=IFCINDEXEDPOLYCURVE(#10017,$,$);
#10019=IFCDIRECTION((0.,0.,1.));
#10020=IFCARBITRARYCLOSEDPROFILEDEF(.AREA.,$,#10018);
#10021=IFCEXTRUDEDAREASOLID(#10020,#10030,#10019,1.7999999523162842);
#10022=IFCSHAPEREPRESENTATION(#11,'Body','SweptSolid',(#10021));
#10023=IFCPRODUCTDEFINITIONSHAPE($,$,(#10022));
#10024=IFCPROPERTYSET('0uXr2IFNX8eQohT4or6ZKo',$,'EPset_Parametric',$,(#10026));
#10025=IFCRELDEFINESBYPROPERTIES('3rinO9seT6Ue4FQTyxvuMk',$,$,$,(#10008),#10024);
#10026=IFCPROPERTYSINGLEVALUE('Engine',$,IFCLABEL('Bonsai.DumbLayer3'),$);
#10027=IFCCARTESIANPOINT((-0.,-0.,-1.7999999523162842));
#10028=IFCDIRECTION((0.,0.,1.));
#10029=IFCDIRECTION((1.,0.,0.));
#10030=IFCAXIS2PLACEMENT3D(#10027,#10028,#10029);
#10031=IFCSTAIRFLIGHTTYPE('3vHCVvGi10KeArDI3i2SJx',$,'Stair - 2',$,$,(#10032,#10034),(#10040,#10129),$,$,.STRAIGHT.);
#10032=IFCPROPERTYSET('2Vtc3bVVfDw9TsJHNu7l4X',$,'BBIM_Stair',$,(#10033));
#10033=IFCPROPERTYSINGLEVALUE('Data',$,IFCTEXT('{"stair_type": "GENERIC", "width": 0.9355667233467102, "height": 1.7999999523162842, "number_of_treads": 7, "tread_run": 0.18509161472320557, "nosing_length": 0.0, "nosing_depth": 0.0, "custom_first_last_tread_run": [null, null], "custom_tread_lock": true}'),$);
#10034=IFCPROPERTYSET('1elRIRQe9BA8CScAxotIBq',$,'Pset_StairFlightCommon',$,(#10035,#10036,#10037,#10038,#10039));
#10035=IFCPROPERTYSINGLEVALUE('NumberOfRiser',$,IFCCOUNTMEASURE(8.),$);
#10036=IFCPROPERTYSINGLEVALUE('NumberOfTreads',$,IFCCOUNTMEASURE(7.),$);
#10037=IFCPROPERTYSINGLEVALUE('RiserHeight',$,IFCPOSITIVELENGTHMEASURE(0.22499999403953552),$);
#10038=IFCPROPERTYSINGLEVALUE('TreadLength',$,IFCPOSITIVELENGTHMEASURE(0.25),$);
#10039=IFCPROPERTYSINGLEVALUE('NosingLength',$,IFCLENGTHMEASURE(0.),$);
#10040=IFCREPRESENTATIONMAP(#10041,#10120);
#10041=IFCAXIS2PLACEMENT3D(#10042,#10043,#10044);
#10042=IFCCARTESIANPOINT((0.,0.,0.));
#10043=IFCDIRECTION((0.,0.,1.));
#10044=IFCDIRECTION((1.,0.,0.));
#10076=IFCSTAIRFLIGHT('0GeEGooWH5CxEvnpNOm6RA',$,'StairFlight',$,$,#10223,#10085,$,8,7,0.22499999403953552,0.25,.STRAIGHT.);
#10077=IFCRELDEFINESBYTYPE('2RDJ8Easj5TguqukAQ0PIe',$,$,$,(#10076),#10031);
#10078=IFCCARTESIANPOINT((0.,0.,0.));
#10079=IFCDIRECTION((1.,0.,0.));
#10080=IFCDIRECTION((0.,1.,0.));
#10081=IFCDIRECTION((0.,0.,1.));
#10082=IFCCARTESIANTRANSFORMATIONOPERATOR3D(#10079,#10080,#10078,1.,#10081);
#10083=IFCMAPPEDITEM(#10040,#10082);
#10084=IFCSHAPEREPRESENTATION(#11,'Body','MappedRepresentation',(#10083));
#10085=IFCPRODUCTDEFINITIONSHAPE($,$,(#10084,#10136));
#10098=IFCINDEXEDPOLYGONALFACE((2,1,18,17,16,15,14,13,12,11,10,9,8,7,6,5,4,3));
#10099=IFCINDEXEDPOLYGONALFACE((19,20,21,22,23,24,25,26,27,28,29,30,31,32,33,34,35,36));
#10100=IFCINDEXEDPOLYGONALFACE((3,4,21,20));
#10101=IFCINDEXEDPOLYGONALFACE((18,1,36,35));
#10102=IFCINDEXEDPOLYGONALFACE((11,12,29,28));
#10103=IFCINDEXEDPOLYGONALFACE((4,5,22,21));
#10104=IFCINDEXEDPOLYGONALFACE((12,13,30,29));
#10105=IFCINDEXEDPOLYGONALFACE((5,6,23,22));
#10106=IFCINDEXEDPOLYGONALFACE((13,14,31,30));
#10107=IFCINDEXEDPOLYGONALFACE((6,7,24,23));
#10108=IFCINDEXEDPOLYGONALFACE((14,15,32,31));
#10109=IFCINDEXEDPOLYGONALFACE((7,8,25,24));
#10110=IFCINDEXEDPOLYGONALFACE((15,16,33,32));
#10111=IFCINDEXEDPOLYGONALFACE((8,9,26,25));
#10112=IFCINDEXEDPOLYGONALFACE((1,2,19,36));
#10113=IFCINDEXEDPOLYGONALFACE((16,17,34,33));
#10114=IFCINDEXEDPOLYGONALFACE((9,10,27,26));
#10115=IFCINDEXEDPOLYGONALFACE((2,3,20,19));
#10116=IFCINDEXEDPOLYGONALFACE((17,18,35,34));
#10117=IFCINDEXEDPOLYGONALFACE((10,11,28,27));
#10118=IFCCARTESIANPOINTLIST3D(((0.,0.,0.),(0.,0.,0.22499999403953552),(0.18509161472320557,0.,0.22499999403953552),(0.18509161472320557,0.,0.44999998807907104),(0.37018322944641113,0.,0.44999998807907104),(0.37018322944641113,0.,0.67499995231628418),(0.5552748441696167,0.,0.67499995231628418),(0.5552748441696167,0.,0.89999997615814209),(0.74036645889282227,0.,0.89999997615814209),(0.74036645889282227,0.,1.125),(0.92545807361602783,0.,1.125),(0.92545807361602783,0.,1.3500000238418579),(1.1105496883392334,0.,1.3500000238418579),(1.1105496883392334,0.,1.5750000476837158),(1.295641303062439,0.,1.5750000476837158),(1.295641303062439,0.,1.8000000715255737),(1.4807329177856445,0.,1.8000000715255737),(1.4807329177856445,0.,0.),(0.,0.93556672334671021,0.22499999403953552),(0.18509161472320557,0.93556672334671021,0.22499999403953552),(0.18509161472320557,0.93556672334671021,0.44999998807907104),(0.37018322944641113,0.93556672334671021,0.44999998807907104),(0.37018322944641113,0.93556672334671021,0.67499995231628418),(0.5552748441696167,0.93556672334671021,0.67499995231628418),(0.5552748441696167,0.93556672334671021,0.89999997615814209),(0.74036645889282227,0.93556672334671021,0.89999997615814209),(0.74036645889282227,0.93556672334671021,1.125),(0.92545807361602783,0.93556672334671021,1.125),(0.92545807361602783,0.93556672334671021,1.3500000238418579),(1.1105496883392334,0.93556672334671021,1.3500000238418579),(1.1105496883392334,0.93556672334671021,1.5750000476837158),(1.295641303062439,0.93556672334671021,1.5750000476837158),(1.295641303062439,0.93556672334671021,1.8000000715255737),(1.4807329177856445,0.93556672334671021,1.8000000715255737),(1.4807329177856445,0.93556672334671021,0.),(0.,0.93556672334671021,0.)));
#10119=IFCPOLYGONALFACESET(#10118,.T.,(#10098,#10099,#10100,#10101,#10102,#10103,#10104,#10105,#10106,#10107,#10108,#10109,#10110,#10111,#10112,#10113,#10114,#10115,#10116,#10117),$);
#10120=IFCSHAPEREPRESENTATION(#11,'Body','Tessellation',(#10119));
#10122=IFCCARTESIANPOINT((0.,0.,0.));
#10123=IFCBOUNDINGBOX(#10122,1.4807329177856445,0.93556672334671021,1.8000000715255737);
#10124=IFCSHAPEREPRESENTATION(#13,'Box','BoundingBox',(#10123));
#10125=IFCCARTESIANPOINT((0.,0.,0.));
#10126=IFCDIRECTION((1.,0.,0.));
#10127=IFCDIRECTION((0.,0.,1.));
#10128=IFCAXIS2PLACEMENT3D(#10125,#10127,#10126);
#10129=IFCREPRESENTATIONMAP(#10128,#10124);
#10130=IFCCARTESIANPOINT((0.,0.,0.));
#10131=IFCDIRECTION((1.,0.,0.));
#10132=IFCDIRECTION((0.,1.,0.));
#10133=IFCDIRECTION((0.,0.,1.));
#10134=IFCCARTESIANTRANSFORMATIONOPERATOR3D(#10131,#10132,#10130,1.,#10133);
#10135=IFCMAPPEDITEM(#10129,#10134);
#10136=IFCSHAPEREPRESENTATION(#13,'Box','MappedRepresentation',(#10135));
#10137=IFCRAILINGTYPE('0zLz$H9f97EOVkUOTFfRfs',$,'Stair rail- 1',$,$,(#10138,#10140),(#10169,#11016),$,$,.USERDEFINED.);
#10138=IFCPROPERTYSET('0r$Hx_VPP2guPzNFO$cclm',$,'BBIM_Railing',$,(#10139));
#10139=IFCPROPERTYSINGLEVALUE('Data',$,IFCTEXT('{"railing_type": "FRAMELESS_PANEL", "height": 1.0, "thickness": 0.05000000074505806, "spacing": 0.05000000074505806, "path_data": {"edges": [[0, 1], [1, 2]], "verts": [[-1.000000238418579, -0.019820809364318848, 0.0], [-0.06699013710021973, -0.019820809364318848, 0.9449653625488281], [0.4928159713745117, -0.019820809364318848, 1.6199654340744019]]}}'),$);
#10140=IFCPROPERTYSET('2Gc8aHxY5AQ9qu633pFtiP',$,'Pset_RailingCommon',$,(#10141));
#10141=IFCPROPERTYSINGLEVALUE('Height',$,IFCPOSITIVELENGTHMEASURE(1.),$);
#10165=IFCCARTESIANPOINT((0.,0.,0.));
#10166=IFCDIRECTION((1.,0.,0.));
#10167=IFCDIRECTION((0.,0.,1.));
#10168=IFCAXIS2PLACEMENT3D(#10165,#10167,#10166);
#10169=IFCREPRESENTATIONMAP(#10168,#11007);
#10214=IFCCARTESIANPOINT((3.3178105354309082,2.2739801406860352,1.9000000953674316));
#10215=IFCDIRECTION((0.,0.,1.));
#10216=IFCDIRECTION((1.,0.,0.));
#10217=IFCAXIS2PLACEMENT3D(#10214,#10215,#10216);
#10218=IFCLOCALPLACEMENT(#79,#10217);
#10219=IFCCARTESIANPOINT((3.3214406967163086,2.2739801406860352,1.9000000953674316));
#10220=IFCDIRECTION((0.,0.,1.));
#10221=IFCDIRECTION((-0.99999218003966739,0.0039547262248555296,0.));
#10222=IFCAXIS2PLACEMENT3D(#10219,#10220,#10221);
#10223=IFCLOCALPLACEMENT(#79,#10222);
#10224=IFCRAILING('1ufXXn_OLDXOp0YJhluPU8',$,'Railing',$,'FRAMELESS_PANEL',#10416,#10233,$,.USERDEFINED.);
#10225=IFCRELDEFINESBYTYPE('2EYaD4fzn0Z9EMmezWiQil',$,$,$,(#10224),#10137);
#10226=IFCCARTESIANPOINT((0.,0.,0.));
#10227=IFCDIRECTION((1.,0.,0.));
#10228=IFCDIRECTION((0.,1.,0.));
#10229=IFCDIRECTION((0.,0.,1.));
#10230=IFCCARTESIANTRANSFORMATIONOPERATOR3D(#10227,#10228,#10226,1.,#10229);
#10231=IFCMAPPEDITEM(#10169,#10230);
#10232=IFCSHAPEREPRESENTATION(#11,'Body','MappedRepresentation',(#10231));
#10233=IFCPRODUCTDEFINITIONSHAPE($,$,(#10232,#11023));
#10277=IFCRAILINGTYPE('2lCe9kq2rDpBkQi5xbumc4',$,'Stair rail- 2',$,$,(#10278,#10280),(#10309,#11809),$,$,.USERDEFINED.);
#10278=IFCPROPERTYSET('3yCXnM3vn4l9gMPwRNpDAx',$,'BBIM_Railing',$,(#10279));
#10279=IFCPROPERTYSINGLEVALUE('Data',$,IFCTEXT('{"railing_type": "FRAMELESS_PANEL", "height": 1.0, "thickness": 0.05000000074505806, "spacing": 0.0, "path_data": {"edges": [[0, 1], [1, 2]], "verts": [[-0.3992173671722412, -0.0027570724487304688, 0.0029573440551757812], [0.0, 0.0, 0.0], [0.40640974044799805, -0.002454042434692383, 0.0029573440551757812]]}}'),$);
#10280=IFCPROPERTYSET('0safq$mdP49OvPAMEpdOcv',$,'Pset_RailingCommon',$,(#10281));
#10281=IFCPROPERTYSINGLEVALUE('Height',$,IFCPOSITIVELENGTHMEASURE(1.),$);
#10305=IFCCARTESIANPOINT((0.,0.,0.));
#10306=IFCDIRECTION((1.,0.,0.));
#10307=IFCDIRECTION((0.,0.,1.));
#10308=IFCAXIS2PLACEMENT3D(#10305,#10307,#10306);
#10309=IFCREPRESENTATIONMAP(#10308,#11800);
#10354=IFCRAILING('0zkdMuO05FzBaXZqVih5fv',$,'Railing',$,'FRAMELESS_PANEL',#10421,#10363,$,.USERDEFINED.);
#10355=IFCRELDEFINESBYTYPE('3rmU527pPBWQHPIlFI6D3v',$,$,$,(#10354),#10277);
#10356=IFCCARTESIANPOINT((0.,0.,0.));
#10357=IFCDIRECTION((1.,0.,0.));
#10358=IFCDIRECTION((0.,1.,0.));
#10359=IFCDIRECTION((0.,0.,1.));
#10360=IFCCARTESIANTRANSFORMATIONOPERATOR3D(#10357,#10358,#10356,1.,#10359);
#10361=IFCMAPPEDITEM(#10309,#10360);
#10362=IFCSHAPEREPRESENTATION(#11,'Body','MappedRepresentation',(#10361));
#10363=IFCPRODUCTDEFINITIONSHAPE($,$,(#10362,#11816));
#10412=IFCCARTESIANPOINT((2.8286247253417969,0.55601203441619873,0.2800346314907074));
#10413=IFCDIRECTION((0.,0.,1.));
#10414=IFCDIRECTION((1.,0.,0.));
#10415=IFCAXIS2PLACEMENT3D(#10412,#10413,#10414);
#10416=IFCLOCALPLACEMENT(#79,#10415);
#10417=IFCCARTESIANPOINT((3.7206580638885498,0.53894829750061035,1.9006152153015137));
#10418=IFCDIRECTION((0.,0.,1.));
#10419=IFCDIRECTION((1.,0.,0.));
#10420=IFCAXIS2PLACEMENT3D(#10417,#10418,#10419);
#10421=IFCLOCALPLACEMENT(#79,#10420);
#10422=IFCRAILINGTYPE('0n8eHRY6zAuwuuepAPC0Kn',$,'Stair rail 2nd - 1',$,$,(#10423,#10425),(#10427,#11839),$,$,.USERDEFINED.);
#10423=IFCPROPERTYSET('3MwPmuneDEnQHr071iXq7z',$,'BBIM_Railing',$,(#10424));
#10424=IFCPROPERTYSINGLEVALUE('Data',$,IFCTEXT('{"railing_type": "FRAMELESS_PANEL", "height": 1.0, "thickness": 0.05000000074505806, "spacing": 0.0, "path_data": {"edges": [[0, 1], [1, 2]], "verts": [[-0.3818490505218506, 0.024856090545654297, 0.0001819133758544922], [2.5033950805664062e-05, 0.02446269989013672, 0.0001817941665649414], [0.43004655838012695, 0.024019956588745117, 0.0001819133758544922]]}}'),$);
#10425=IFCPROPERTYSET('0Zr7lfbN99CPh1Mq9tK2Jd',$,'Pset_RailingCommon',$,(#10426));
#10426=IFCPROPERTYSINGLEVALUE('Height',$,IFCPOSITIVELENGTHMEASURE(1.),$);
#10427=IFCREPRESENTATIONMAP(#10428,#11830);
#10428=IFCAXIS2PLACEMENT3D(#10429,#10430,#10431);
#10429=IFCCARTESIANPOINT((0.,0.,0.));
#10430=IFCDIRECTION((0.,0.,1.));
#10431=IFCDIRECTION((1.,0.,0.));
#10455=IFCRAILING('2cfcYUUbT7nAChh7f5O2Vz',$,'Railing',$,'FRAMELESS_PANEL',#10629,#10464,$,.USERDEFINED.);
#10456=IFCRELDEFINESBYTYPE('3Ar5jOaQX7XBDtKE5$cePV',$,$,$,(#10455),#10422);
#10457=IFCCARTESIANPOINT((0.,0.,0.));
#10458=IFCDIRECTION((1.,0.,0.));
#10459=IFCDIRECTION((0.,1.,0.));
#10460=IFCDIRECTION((0.,0.,1.));
#10461=IFCCARTESIANTRANSFORMATIONOPERATOR3D(#10458,#10459,#10457,1.,#10460);
#10462=IFCMAPPEDITEM(#10427,#10461);
#10463=IFCSHAPEREPRESENTATION(#11,'Body','MappedRepresentation',(#10462));
#10464=IFCPRODUCTDEFINITIONSHAPE($,$,(#10463,#11846));
#10570=IFCRAILINGTYPE('1YkjsqLij5nfauvqR$YkzP',$,'stair rail 2 - 2',$,$,(#10571,#10573),(#10575,#10720),$,$,.USERDEFINED.);
#10571=IFCPROPERTYSET('1pBQ15$u5A2goPq5olHIqI',$,'BBIM_Railing',$,(#10572));
#10572=IFCPROPERTYSINGLEVALUE('Data',$,IFCTEXT('{"railing_type": "FRAMELESS_PANEL", "height": 1.0, "thickness": 0.05000000074505806, "spacing": 0.05000000074505806, "path_data": {"edges": [[0, 1], [1, 2]], "verts": [[-1.0029062032699585, 0.05357003211975098, 3.532853841781616], [-0.2813124656677246, 0.050716280937194824, 2.6100399494171143], [0.4710845947265625, 0.050963521003723145, 1.7364261150360107]]}}'),$);
#10573=IFCPROPERTYSET('1JS0Ogfbn6mASzfsfHcME_',$,'Pset_RailingCommon',$,(#10574));
#10574=IFCPROPERTYSINGLEVALUE('Height',$,IFCPOSITIVELENGTHMEASURE(1.),$);
#10575=IFCREPRESENTATIONMAP(#10576,#10711);
#10576=IFCAXIS2PLACEMENT3D(#10577,#10578,#10579);
#10577=IFCCARTESIANPOINT((0.,0.,0.));
#10578=IFCDIRECTION((0.,0.,1.));
#10579=IFCDIRECTION((1.,0.,0.));
#10603=IFCRAILING('0xriaEo914Tuwn0ipbF2le',$,'Railing',$,'FRAMELESS_PANEL',#11028,#10612,$,.USERDEFINED.);
#10604=IFCRELDEFINESBYTYPE('3JBQxShZ95xuoekFN2sYA1',$,$,$,(#10603),#10570);
#10605=IFCCARTESIANPOINT((0.,0.,0.));
#10606=IFCDIRECTION((1.,0.,0.));
#10607=IFCDIRECTION((0.,1.,0.));
#10608=IFCDIRECTION((0.,0.,1.));
#10609=IFCCARTESIANTRANSFORMATIONOPERATOR3D(#10606,#10607,#10605,1.,#10608);
#10610=IFCMAPPEDITEM(#10575,#10609);
#10611=IFCSHAPEREPRESENTATION(#11,'Body','MappedRepresentation',(#10610));
#10612=IFCPRODUCTDEFINITIONSHAPE($,$,(#10611,#10727));
#10625=IFCCARTESIANPOINT((3.6965591907501221,2.2273731231689453,1.903390645980835));
#10626=IFCDIRECTION((0.,0.,1.));
#10627=IFCDIRECTION((1.,0.,0.));
#10628=IFCAXIS2PLACEMENT3D(#10625,#10626,#10627);
#10629=IFCLOCALPLACEMENT(#79,#10628);
#10697=IFCINDEXEDPOLYGONALFACE((16,19,18,17));
#10698=IFCINDEXEDPOLYGONALFACE((20,23,22,21));
#10699=IFCINDEXEDPOLYGONALFACE((5,11,10,4,8,9));
#10700=IFCINDEXEDPOLYGONALFACE((7,15,14,6,12,13));
#10701=IFCINDEXEDPOLYGONALFACE((5,9,19,16,11));
#10702=IFCINDEXEDPOLYGONALFACE((7,13,23,20,15));
#10703=IFCINDEXEDPOLYGONALFACE((11,16,17,10));
#10704=IFCINDEXEDPOLYGONALFACE((8,18,19,9));
#10705=IFCINDEXEDPOLYGONALFACE((12,22,23,13));
#10706=IFCINDEXEDPOLYGONALFACE((6,14,21,22,12));
#10707=IFCINDEXEDPOLYGONALFACE((15,20,21,14));
#10708=IFCINDEXEDPOLYGONALFACE((10,17,18,8,4));
#10709=IFCCARTESIANPOINTLIST3D(((-1.0029062032699585,0.053570032119750977,3.5328538417816162),(-0.28131246566772461,0.050716280937194824,2.6100399494171143),(0.4710845947265625,0.050963521003723145,1.7364261150360107),(-0.97790640592575073,0.053471162915229797,3.500882625579834),(-0.30631226301193237,0.050815150141716003,2.6420111656188965),(-0.25631245970726013,0.050724495202302933,2.5810122489929199),(0.44608458876609802,0.050955306738615036,1.7654538154602051),(-0.97780752182006836,0.078470967710018158,3.500882625579834),(-0.30621340870857239,0.075814954936504364,2.6420111656188965),(-0.97800529003143311,0.028471358120441437,3.500882625579834),(-0.30641111731529236,0.025815345346927643,2.6420111656188965),(-0.25632068514823914,0.075724489986896515,2.5810122489929199),(0.44607636332511902,0.075955301523208618,1.7654538154602051),(-0.25630423426628113,0.025724498555064201,2.5810122489929199),(0.44609281420707703,0.025955310091376305,1.7654538154602051),(-0.30641111731529236,0.025815345346927643,3.6420111656188965),(-0.97800529003143311,0.028471358120441437,4.500882625579834),(-0.97780752182006836,0.078470967710018158,4.500882625579834),(-0.30621340870857239,0.075814954936504364,3.6420111656188965),(0.44609281420707703,0.025955310091376305,2.7654538154602051),(-0.25630423426628113,0.025724498555064201,3.5810122489929199),(-0.25632068514823914,0.075724489986896515,3.5810122489929199),(0.44607636332511902,0.075955301523208618,2.7654538154602051)));
#10710=IFCPOLYGONALFACESET(#10709,.F.,(#10697,#10698,#10699,#10700,#10701,#10702,#10703,#10704,#10705,#10706,#10707,#10708),$);
#10711=IFCSHAPEREPRESENTATION(#11,'Body','Tessellation',(#10710));
#10713=IFCCARTESIANPOINT((-1.0029062032699585,0.025724498555064201,1.7364261150360107));
#10714=IFCBOUNDINGBOX(#10713,1.473990797996521,0.052746467292308807,2.7644565105438232);
#10715=IFCSHAPEREPRESENTATION(#13,'Box','BoundingBox',(#10714));
#10716=IFCCARTESIANPOINT((0.,0.,0.));
#10717=IFCDIRECTION((1.,0.,0.));
#10718=IFCDIRECTION((0.,0.,1.));
#10719=IFCAXIS2PLACEMENT3D(#10716,#10718,#10717);
#10720=IFCREPRESENTATIONMAP(#10719,#10715);
#10721=IFCCARTESIANPOINT((0.,0.,0.));
#10722=IFCDIRECTION((1.,0.,0.));
#10723=IFCDIRECTION((0.,1.,0.));
#10724=IFCDIRECTION((0.,0.,1.));
#10725=IFCCARTESIANTRANSFORMATIONOPERATOR3D(#10722,#10723,#10721,1.,#10724);
#10726=IFCMAPPEDITEM(#10720,#10725);
#10727=IFCSHAPEREPRESENTATION(#13,'Box','MappedRepresentation',(#10726));
#10728=IFCRAILINGTYPE('2oy2xHZl90Qhmlyjjbewqa',$,'Stair rail 2 - 3',$,$,(#10729,#10731),(#10733,#10868),$,$,.USERDEFINED.);
#10729=IFCPROPERTYSET('0DmixE6pX2lh7N5yeBDEi3',$,'BBIM_Railing',$,(#10730));
#10730=IFCPROPERTYSINGLEVALUE('Data',$,IFCTEXT('{"railing_type": "FRAMELESS_PANEL", "height": 1.0, "thickness": 0.05000000074505806, "spacing": 0.05000000074505806, "path_data": {"edges": [[0, 1], [1, 2]], "verts": [[-1.0065958499908447, 0.026456475257873535, 3.5654540061950684], [-0.2813124656677246, 0.050716280937194824, 2.6100399494171143], [0.477825403213501, 0.017116665840148926, 1.765453815460205]]}}'),$);
#10731=IFCPROPERTYSET('32sZ$aMZf2yAUwKQYWPnvB',$,'Pset_RailingCommon',$,(#10732));
#10732=IFCPROPERTYSINGLEVALUE('Height',$,IFCPOSITIVELENGTHMEASURE(1.),$);
#10733=IFCREPRESENTATIONMAP(#10734,#10859);
#10734=IFCAXIS2PLACEMENT3D(#10735,#10736,#10737);
#10735=IFCCARTESIANPOINT((0.,0.,0.));
#10736=IFCDIRECTION((0.,0.,1.));
#10737=IFCDIRECTION((1.,0.,0.));
#10761=IFCRAILING('3RHlSQrjz7$eGj4VaphIf4',$,'Railing',$,'FRAMELESS_PANEL',#11033,#10770,$,.USERDEFINED.);
#10762=IFCRELDEFINESBYTYPE('1YUgtUINHC3P$qm1uj4nYe',$,$,$,(#10761),#10728);
#10763=IFCCARTESIANPOINT((0.,0.,0.));
#10764=IFCDIRECTION((1.,0.,0.));
#10765=IFCDIRECTION((0.,1.,0.));
#10766=IFCDIRECTION((0.,0.,1.));
#10767=IFCCARTESIANTRANSFORMATIONOPERATOR3D(#10764,#10765,#10763,1.,#10766);
#10768=IFCMAPPEDITEM(#10733,#10767);
#10769=IFCSHAPEREPRESENTATION(#11,'Body','MappedRepresentation',(#10768));
#10770=IFCPRODUCTDEFINITIONSHAPE($,$,(#10769,#10875));
#10845=IFCINDEXEDPOLYGONALFACE((16,19,18,17));
#10846=IFCINDEXEDPOLYGONALFACE((20,23,22,21));
#10847=IFCINDEXEDPOLYGONALFACE((5,11,10,4,8,9));
#10848=IFCINDEXEDPOLYGONALFACE((7,15,14,6,12,13));
#10849=IFCINDEXEDPOLYGONALFACE((6,14,21,22,12));
#10850=IFCINDEXEDPOLYGONALFACE((9,19,16,11,5));
#10851=IFCINDEXEDPOLYGONALFACE((7,13,23,20,15));
#10852=IFCINDEXEDPOLYGONALFACE((11,16,17,10));
#10853=IFCINDEXEDPOLYGONALFACE((8,18,19,9));
#10854=IFCINDEXEDPOLYGONALFACE((12,22,23,13));
#10855=IFCINDEXEDPOLYGONALFACE((15,20,21,14));
#10856=IFCINDEXEDPOLYGONALFACE((10,17,18,8,4));
#10857=IFCCARTESIANPOINTLIST3D(((-1.0065958499908447,0.026456475257873535,3.5654540061950684),(-0.28131246566772461,0.050716280937194824,2.6100399494171143),(0.47782540321350098,0.017116665840148926,1.7654538154602051),(-0.98160982131958008,0.027292225509881973,3.5325400829315186),(-0.30629849433898926,0.049880530685186386,2.6429538726806641),(-0.25633692741394043,0.049610856920480728,2.5822532176971436),(0.4528498649597168,0.018222089856863022,1.7932405471801758),(-0.98244559764862061,0.052278250455856323,3.5325400829315186),(-0.3071342408657074,0.074866555631160736,2.6429538726806641),(-0.98077404499053955,0.0023061987012624741,3.5325400829315186),(-0.30546274781227112,0.024894503876566887,2.6429538726806641),(-0.25523149967193604,0.074586406350135803,2.5822532176971436),(0.45395529270172119,0.043197639286518097,1.7932405471801758),(-0.25744235515594482,0.024635307490825653,2.5822532176971436),(0.4517444372177124,-0.0067534595727920532,1.7932405471801758),(-0.30546274781227112,0.024894503876566887,3.6429538726806641),(-0.98077404499053955,0.0023061987012624741,4.5325403213500977),(-0.98244559764862061,0.052278250455856323,4.5325403213500977),(-0.3071342408657074,0.074866555631160736,3.6429538726806641),(0.4517444372177124,-0.0067534595727920532,2.7932405471801758),(-0.25744235515594482,0.024635307490825653,3.5822532176971436),(-0.25523149967193604,0.074586406350135803,3.5822532176971436),(0.45395529270172119,0.043197639286518097,2.7932405471801758)));
#10858=IFCPOLYGONALFACESET(#10857,.F.,(#10845,#10846,#10847,#10848,#10849,#10850,#10851,#10852,#10853,#10854,#10855,#10856),$);
#10859=IFCSHAPEREPRESENTATION(#11,'Body','Tessellation',(#10858));
#10861=IFCCARTESIANPOINT((-1.0065958499908447,-0.0067534595727920532,1.7654538154602051));
#10862=IFCBOUNDINGBOX(#10861,1.4844212532043457,0.081620015203952789,2.7670865058898926);
#10863=IFCSHAPEREPRESENTATION(#13,'Box','BoundingBox',(#10862));
#10864=IFCCARTESIANPOINT((0.,0.,0.));
#10865=IFCDIRECTION((1.,0.,0.));
#10866=IFCDIRECTION((0.,0.,1.));
#10867=IFCAXIS2PLACEMENT3D(#10864,#10866,#10865);
#10868=IFCREPRESENTATIONMAP(#10867,#10863);
#10869=IFCCARTESIANPOINT((0.,0.,0.));
#10870=IFCDIRECTION((1.,0.,0.));
#10871=IFCDIRECTION((0.,1.,0.));
#10872=IFCDIRECTION((0.,0.,1.));
#10873=IFCCARTESIANTRANSFORMATIONOPERATOR3D(#10870,#10871,#10869,1.,#10872);
#10874=IFCMAPPEDITEM(#10868,#10873);
#10875=IFCSHAPEREPRESENTATION(#13,'Box','MappedRepresentation',(#10874));
#10876=IFCRAILINGTYPE('2ZgifQUwTFaP3SOuFzKMFB',$,'Stair rail - 3',$,$,(#10877,#10879),(#10881,#10901),$,$,.USERDEFINED.);
#10877=IFCPROPERTYSET('2QV2WYtFj2rvTsK4dQoWmo',$,'BBIM_Railing',$,(#10878));
#10878=IFCPROPERTYSINGLEVALUE('Data',$,IFCTEXT('{"railing_type": "FRAMELESS_PANEL", "height": 1.0, "thickness": 0.05000000074505806, "spacing": 0.05000000074505806, "path_data": {"edges": [[0, 1], [1, 2]], "verts": [[-1.0, 0.0, 0.0], [-0.041990041732788086, -0.019820809364318848, 0.9449653625488281], [0.5178160667419434, -0.019820809364318848, 1.6199654340744019]]}}'),$);
#10879=IFCPROPERTYSET('3dkun6oCT2$OxOnWEf9rQZ',$,'Pset_RailingCommon',$,(#10880));
#10880=IFCPROPERTYSINGLEVALUE('Height',$,IFCPOSITIVELENGTHMEASURE(1.),$);
#10881=IFCREPRESENTATIONMAP(#10882,#10886);
#10882=IFCAXIS2PLACEMENT3D(#10883,#10884,#10885);
#10883=IFCCARTESIANPOINT((0.,0.,0.));
#10884=IFCDIRECTION((0.,0.,1.));
#10885=IFCDIRECTION((1.,0.,0.));
#10886=IFCSHAPEREPRESENTATION(#11,'Body','Tessellation',(#10887));
#10887=IFCPOLYGONALFACESET(#10888,.F.,(#10889,#10890,#10891,#10892,#10893,#10894,#10895,#10896,#10897,#10898,#10899,#10900),$);
#10888=IFCCARTESIANPOINTLIST3D(((-1.,0.,0.),(-0.041990041732788086,-0.019820809364318848,0.94496536254882812),(0.51781606674194336,-0.019820809364318848,1.6199654340744019),(-0.97500532865524292,-0.00051712844287976623,0.024654315784573555),(-0.066984690725803375,-0.019303681328892708,0.92031103372573853),(-0.016990043222904205,-0.019820809364318848,0.9751097559928894),(0.49281606078147888,-0.019820809364318848,1.5898211002349854),(-0.97448819875717163,0.024477524682879448,0.024654315784573555),(-0.066467560827732086,0.0056909713894128799,0.92031103372573853),(-0.97552245855331421,-0.025511780753731728,0.024654315784573555),(-0.067501820623874664,-0.044298335909843445,0.92031103372573853),(-0.016990043222904205,0.0051791910082101822,0.9751097559928894),(0.49281606078147888,0.0051791910082101822,1.5898211002349854),(-0.016990043222904205,-0.044820807874202728,0.9751097559928894),(0.49281606078147888,-0.044820807874202728,1.5898211002349854),(-0.067501820623874664,-0.044298335909843445,1.9203109741210938),(-0.97552245855331421,-0.025511780753731728,1.0246542692184448),(-0.97448819875717163,0.024477524682879448,1.0246542692184448),(-0.066467560827732086,0.0056909713894128799,1.9203109741210938),(0.49281606078147888,-0.044820807874202728,2.5898211002349854),(-0.016990043222904205,-0.044820807874202728,1.9751098155975342),(-0.016990043222904205,0.0051791910082101822,1.9751098155975342),(0.49281606078147888,0.0051791910082101822,2.5898211002349854)));
#10889=IFCINDEXEDPOLYGONALFACE((16,19,18,17));
#10890=IFCINDEXEDPOLYGONALFACE((20,23,22,21));
#10891=IFCINDEXEDPOLYGONALFACE((5,11,10,4,8,9));
#10892=IFCINDEXEDPOLYGONALFACE((7,15,14,6,12,13));
#10893=IFCINDEXEDPOLYGONALFACE((5,9,19,16,11));
#10894=IFCINDEXEDPOLYGONALFACE((12,22,23,13));
#10895=IFCINDEXEDPOLYGONALFACE((6,14,21,22,12));
#10896=IFCINDEXEDPOLYGONALFACE((15,20,21,14));
#10897=IFCINDEXEDPOLYGONALFACE((7,13,23,20,15));
#10898=IFCINDEXEDPOLYGONALFACE((11,16,17,10));
#10899=IFCINDEXEDPOLYGONALFACE((8,18,19,9));
#10900=IFCINDEXEDPOLYGONALFACE((4,10,17,18,8));
#10901=IFCREPRESENTATIONMAP(#10902,#10906);
#10902=IFCAXIS2PLACEMENT3D(#10903,#10904,#10905);
#10903=IFCCARTESIANPOINT((0.,0.,0.));
#10904=IFCDIRECTION((0.,0.,1.));
#10905=IFCDIRECTION((1.,0.,0.));
#10906=IFCSHAPEREPRESENTATION(#13,'Box','BoundingBox',(#10907));
#10907=IFCBOUNDINGBOX(#10908,1.5178160667419434,0.069298334419727325,2.5898211002349854);
#10908=IFCCARTESIANPOINT((-1.,-0.044820807874202728,0.));
#10909=IFCRAILING('3zMajHTXf4yBBr_o2IBskO',$,'Railing',$,$,#11038,#10918,$,$);
#10910=IFCRELDEFINESBYTYPE('2azdgifr93wBuuXx14yiKW',$,$,$,(#10909),#10876);
#10911=IFCCARTESIANPOINT((0.,0.,0.));
#10912=IFCDIRECTION((1.,0.,0.));
#10913=IFCDIRECTION((0.,1.,0.));
#10914=IFCDIRECTION((0.,0.,1.));
#10915=IFCCARTESIANTRANSFORMATIONOPERATOR3D(#10912,#10913,#10911,1.,#10914);
#10916=IFCMAPPEDITEM(#10881,#10915);
#10917=IFCSHAPEREPRESENTATION(#11,'Body','MappedRepresentation',(#10916));
#10918=IFCPRODUCTDEFINITIONSHAPE($,$,(#10917,#10925));
#10919=IFCCARTESIANPOINT((0.,0.,0.));
#10920=IFCDIRECTION((1.,0.,0.));
#10921=IFCDIRECTION((0.,1.,0.));
#10922=IFCDIRECTION((0.,0.,1.));
#10923=IFCCARTESIANTRANSFORMATIONOPERATOR3D(#10920,#10921,#10919,1.,#10922);
#10924=IFCMAPPEDITEM(#10901,#10923);
#10925=IFCSHAPEREPRESENTATION(#13,'Box','MappedRepresentation',(#10924));
#10993=IFCINDEXEDPOLYGONALFACE((16,19,18,17));
#10994=IFCINDEXEDPOLYGONALFACE((20,23,22,21));
#10995=IFCINDEXEDPOLYGONALFACE((5,11,10,4,8,9));
#10996=IFCINDEXEDPOLYGONALFACE((7,15,14,6,12,13));
#10997=IFCINDEXEDPOLYGONALFACE((11,16,17,10));
#10998=IFCINDEXEDPOLYGONALFACE((8,18,19,9));
#10999=IFCINDEXEDPOLYGONALFACE((13,23,20,15,7));
#11000=IFCINDEXEDPOLYGONALFACE((5,9,19,16,11));
#11001=IFCINDEXEDPOLYGONALFACE((12,22,23,13));
#11002=IFCINDEXEDPOLYGONALFACE((14,21,22,12,6));
#11003=IFCINDEXEDPOLYGONALFACE((15,20,21,14));
#11004=IFCINDEXEDPOLYGONALFACE((4,10,17,18,8));
#11005=IFCCARTESIANPOINTLIST3D(((-1.0000002384185791,-0.019820809364318848,0.),(-0.066990137100219727,-0.019820809364318848,0.94496536254882812),(0.49281597137451172,-0.019820809364318848,1.6199654340744019),(-0.97500026226043701,-0.019820809364318848,0.025320341810584068),(-0.091990135610103607,-0.019820809364318848,0.91964501142501831),(-0.041990138590335846,-0.019820809364318848,0.9751097559928894),(0.46781596541404724,-0.019820809364318848,1.5898211002349854),(-0.97500026226043701,0.0051791910082101822,0.025320341810584068),(-0.091990135610103607,0.0051791910082101822,0.91964501142501831),(-0.97500026226043701,-0.044820807874202728,0.025320341810584068),(-0.091990135610103607,-0.044820807874202728,0.91964501142501831),(-0.041990138590335846,0.0051791910082101822,0.9751097559928894),(0.46781596541404724,0.0051791910082101822,1.5898211002349854),(-0.041990138590335846,-0.044820807874202728,0.9751097559928894),(0.46781596541404724,-0.044820807874202728,1.5898211002349854),(-0.091990135610103607,-0.044820807874202728,1.9196450710296631),(-0.97500026226043701,-0.044820807874202728,1.025320291519165),(-0.97500026226043701,0.0051791910082101822,1.025320291519165),(-0.091990135610103607,0.0051791910082101822,1.9196450710296631),(0.46781596541404724,-0.044820807874202728,2.5898211002349854),(-0.041990138590335846,-0.044820807874202728,1.9751098155975342),(-0.041990138590335846,0.0051791910082101822,1.9751098155975342),(0.46781596541404724,0.0051791910082101822,2.5898211002349854)));
#11006=IFCPOLYGONALFACESET(#11005,.F.,(#10993,#10994,#10995,#10996,#10997,#10998,#10999,#11000,#11001,#11002,#11003,#11004),$);
#11007=IFCSHAPEREPRESENTATION(#11,'Body','Tessellation',(#11006));
#11009=IFCCARTESIANPOINT((-1.0000002384185791,-0.044820807874202728,0.));
#11010=IFCBOUNDINGBOX(#11009,1.4928162097930908,0.049999997019767761,2.5898211002349854);
#11011=IFCSHAPEREPRESENTATION(#13,'Box','BoundingBox',(#11010));
#11012=IFCCARTESIANPOINT((0.,0.,0.));
#11013=IFCDIRECTION((1.,0.,0.));
#11014=IFCDIRECTION((0.,0.,1.));
#11015=IFCAXIS2PLACEMENT3D(#11012,#11014,#11013);
#11016=IFCREPRESENTATIONMAP(#11015,#11011);
#11017=IFCCARTESIANPOINT((0.,0.,0.));
#11018=IFCDIRECTION((1.,0.,0.));
#11019=IFCDIRECTION((0.,1.,0.));
#11020=IFCDIRECTION((0.,0.,1.));
#11021=IFCCARTESIANTRANSFORMATIONOPERATOR3D(#11018,#11019,#11017,1.,#11020);
#11022=IFCMAPPEDITEM(#11016,#11021);
#11023=IFCSHAPEREPRESENTATION(#13,'Box','MappedRepresentation',(#11022));
#11024=IFCCARTESIANPOINT((2.843625545501709,2.2262659072875977,0.16714650392532349));
#11025=IFCDIRECTION((0.,0.,1.));
#11026=IFCDIRECTION((1.,0.,0.));
#11027=IFCAXIS2PLACEMENT3D(#11024,#11025,#11026);
#11028=IFCLOCALPLACEMENT(#79,#11027);
#11029=IFCCARTESIANPOINT((2.8436152935028076,1.3178201913833618,0.13454627990722656));
#11030=IFCDIRECTION((0.,0.,1.));
#11031=IFCDIRECTION((1.,0.,0.));
#11032=IFCAXIS2PLACEMENT3D(#11029,#11030,#11031);
#11033=IFCLOCALPLACEMENT(#79,#11032);
#11034=IFCCARTESIANPOINT((2.7999246120452881,1.340624213218689,-0.024654315784573555));
#11035=IFCDIRECTION((0.,0.,1.));
#11036=IFCDIRECTION((1.,0.,0.));
#11037=IFCAXIS2PLACEMENT3D(#11034,#11035,#11036);
#11038=IFCLOCALPLACEMENT(#79,#11037);
#11147=IFCDOOR('2$tkTjD11DLxDlFdVmUhAG',$,'Door',$,$,#11330,#11156,$,2.,0.89999997615814209,$,.SINGLE_SWING_RIGHT.,$);
#11148=IFCRELDEFINESBYTYPE('0CArtK4XL129BRexbNEYzb',$,$,$,(#11147),#2502);
#11149=IFCCARTESIANPOINT((0.,0.,0.));
#11150=IFCDIRECTION((1.,0.,0.));
#11151=IFCDIRECTION((0.,1.,0.));
#11152=IFCDIRECTION((0.,0.,1.));
#11153=IFCCARTESIANTRANSFORMATIONOPERATOR3D(#11150,#11151,#11149,1.,#11152);
#11154=IFCMAPPEDITEM(#2505,#11153);
#11155=IFCSHAPEREPRESENTATION(#18,'Profile','MappedRepresentation',(#11154));
#11156=IFCPRODUCTDEFINITIONSHAPE($,$,(#11155,#11163,#11170));
#11157=IFCCARTESIANPOINT((0.,0.,0.));
#11158=IFCDIRECTION((1.,0.,0.));
#11159=IFCDIRECTION((0.,1.,0.));
#11160=IFCDIRECTION((0.,0.,1.));
#11161=IFCCARTESIANTRANSFORMATIONOPERATOR3D(#11158,#11159,#11157,1.,#11160);
#11162=IFCMAPPEDITEM(#2513,#11161);
#11163=IFCSHAPEREPRESENTATION(#11,'Body','MappedRepresentation',(#11162));
#11164=IFCCARTESIANPOINT((0.,0.,0.));
#11165=IFCDIRECTION((1.,0.,0.));
#11166=IFCDIRECTION((0.,1.,0.));
#11167=IFCDIRECTION((0.,0.,1.));
#11168=IFCCARTESIANTRANSFORMATIONOPERATOR3D(#11165,#11166,#11164,1.,#11167);
#11169=IFCMAPPEDITEM(#2591,#11168);
#11170=IFCSHAPEREPRESENTATION(#24,'Body','MappedRepresentation',(#11169));
#11171=IFCOPENINGELEMENT('3v7K3s5VfFJw33Zu4kOl_R',$,'Opening',$,$,#11325,#11199,$,.OPENING.);
#11187=IFCCARTESIANPOINT((0.,0.,0.));
#11188=IFCDIRECTION((1.,0.,0.));
#11189=IFCDIRECTION((0.,0.,1.));
#11190=IFCAXIS2PLACEMENT3D(#11187,#11189,#11188);
#11191=IFCREPRESENTATIONMAP(#11190,#11315);
#11192=IFCCARTESIANPOINT((0.,0.,0.));
#11193=IFCDIRECTION((1.,0.,0.));
#11194=IFCDIRECTION((0.,1.,0.));
#11195=IFCDIRECTION((0.,0.,1.));
#11196=IFCCARTESIANTRANSFORMATIONOPERATOR3D(#11193,#11194,#11192,1.,#11195);
#11197=IFCMAPPEDITEM(#11191,#11196);
#11198=IFCSHAPEREPRESENTATION(#11,'Body','MappedRepresentation',(#11197));
#11199=IFCPRODUCTDEFINITIONSHAPE($,$,(#11198));
#11200=IFCRELVOIDSELEMENT('35TOwTMx9DSPMyk_XsH9w1',$,$,$,#1163,#11171);
#11206=IFCRELFILLSELEMENT('27SaciyiD4Ow8O7NfaDAoe',$,$,$,#11171,#11147);
#11212=IFCCARTESIANPOINTLIST3D(((0.,0.,0.),(0.89999997615814209,0.,0.),(0.89999997615814209,0.,2.),(0.,0.,2.)));
#11213=IFCINDEXEDPOLYCURVE(#11212,(IFCLINEINDEX((1,2,3,4,1))),$);
#11214=IFCSHAPEREPRESENTATION(#18,'Profile','Curve3D',(#11213));
#11215=IFCCARTESIANPOINTLIST2D(((0.,0.),(0.,2.),(0.89999997615814209,2.),(0.89999997615814209,0.),(0.87499997578561306,0.),(0.87499997578561306,1.974999999627471),(0.02500000037252903,1.974999999627471),(0.02500000037252903,0.)));
#11216=IFCINDEXEDPOLYCURVE(#11215,(IFCLINEINDEX((1,2,3,4,5,6,7,8,1))),$);
#11217=IFCARBITRARYCLOSEDPROFILEDEF(.AREA.,$,#11216);
#11218=IFCCARTESIANPOINT((0.,0.02500000037252903,0.));
#11219=IFCDIRECTION((0.,-1.,0.));
#11220=IFCDIRECTION((1.,0.,0.));
#11221=IFCAXIS2PLACEMENT3D(#11218,#11219,#11220);
#11222=IFCDIRECTION((0.,0.,-1.));
#11223=IFCEXTRUDEDAREASOLID(#11217,#11221,#11222,0.02500000037252903);
#11224=IFCCARTESIANPOINTLIST2D(((0.,0.),(0.,2.),(0.89999997615814209,2.),(0.89999997615814209,0.),(0.84999997541308403,0.),(0.84999997541308403,1.9499999992549419),(0.05000000074505806,1.9499999992549419),(0.05000000074505806,0.)));
#11225=IFCINDEXEDPOLYCURVE(#11224,(IFCLINEINDEX((1,2,3,4,5,6,7,8,1))),$);
#11226=IFCARBITRARYCLOSEDPROFILEDEF(.AREA.,$,#11225);
#11227=IFCCARTESIANPOINT((0.,0.,0.));
#11228=IFCDIRECTION((0.,-1.,0.));
#11229=IFCDIRECTION((1.,0.,0.));
#11230=IFCAXIS2PLACEMENT3D(#11227,#11228,#11229);
#11231=IFCDIRECTION((0.,0.,-1.));
#11232=IFCEXTRUDEDAREASOLID(#11226,#11230,#11231,0.02500000037252903);
#11233=IFCCARTESIANPOINTLIST2D(((0.,0.),(0.79999997466802597,0.),(0.79999997466802597,0.10000000149011612),(0.,0.10000000149011612)));
#11234=IFCINDEXEDPOLYCURVE(#11233,(IFCLINEINDEX((1,2,3,4,1))),$);
#11235=IFCARBITRARYCLOSEDPROFILEDEF(.AREA.,$,#11234);
#11236=IFCCARTESIANPOINT((0.05000000074505806,0.,0.));
#11237=IFCDIRECTION((0.,0.,1.));
#11238=IFCDIRECTION((1.,0.,0.));
#11239=IFCAXIS2PLACEMENT3D(#11236,#11237,#11238);
#11240=IFCDIRECTION((0.,0.,1.));
#11241=IFCEXTRUDEDAREASOLID(#11235,#11239,#11240,0.02500000037252903);
#11242=IFCCARTESIANPOINTLIST2D(((0.,0.),(0.,2.0250000022351742),(0.94999998062849045,2.0250000022351742),(0.94999998062849045,0.),(0.87499997764825821,0.),(0.87499997764825821,1.9499999992549419),(0.075000002980232239,1.9499999992549419),(0.075000002980232239,0.)));
#11243=IFCINDEXEDPOLYCURVE(#11242,(IFCLINEINDEX((1,2,3,4,5,6,7,8,1))),$);
#11244=IFCARBITRARYCLOSEDPROFILEDEF(.AREA.,$,#11243);
#11245=IFCCARTESIANPOINT((-0.025000002235174179,-0.004999999888241291,0.));
#11246=IFCDIRECTION((0.,-1.,0.));
#11247=IFCDIRECTION((1.,0.,0.));
#11248=IFCAXIS2PLACEMENT3D(#11245,#11246,#11247);
#11249=IFCDIRECTION((0.,0.,-1.));
#11250=IFCEXTRUDEDAREASOLID(#11244,#11248,#11249,0.004999999888241291);
#11251=IFCCARTESIANPOINTLIST2D(((0.,0.),(0.,2.0250000022351742),(0.94999998062849045,2.0250000022351742),(0.94999998062849045,0.),(0.89999997802078724,0.),(0.89999997802078724,1.974999999627471),(0.050000002607703209,1.974999999627471),(0.050000002607703209,0.)));
#11252=IFCINDEXEDPOLYCURVE(#11251,(IFCLINEINDEX((1,2,3,4,5,6,7,8,1))),$);
#11253=IFCARBITRARYCLOSEDPROFILEDEF(.AREA.,$,#11252);
#11254=IFCCARTESIANPOINT((-0.025000002235174179,0.05000000074505806,0.));
#11255=IFCDIRECTION((0.,-1.,0.));
#11256=IFCDIRECTION((1.,0.,0.));
#11257=IFCAXIS2PLACEMENT3D(#11254,#11255,#11256);
#11258=IFCDIRECTION((0.,0.,-1.));
#11259=IFCEXTRUDEDAREASOLID(#11253,#11257,#11258,0.004999999888241291);
#11260=IFCCARTESIANPOINTLIST2D(((0.,0.),(0.84999997541308403,0.),(0.84999997541308403,0.035000000149011612),(0.,0.035000000149011612)));
#11261=IFCINDEXEDPOLYCURVE(#11260,(IFCLINEINDEX((1,2,3,4,1))),$);
#11262=IFCARBITRARYCLOSEDPROFILEDEF(.AREA.,$,#11261);
#11263=IFCCARTESIANPOINT((0.02500000037252903,0.02500000037252903,0.02500000037252903));
#11264=IFCDIRECTION((0.,0.,1.));
#11265=IFCDIRECTION((1.,0.,0.));
#11266=IFCAXIS2PLACEMENT3D(#11263,#11264,#11265);
#11267=IFCDIRECTION((0.,0.,1.));
#11268=IFCEXTRUDEDAREASOLID(#11262,#11266,#11267,1.9499999992549419);
#11269=IFCCARTESIANPOINTLIST2D(((0.,0.),(0.,-0.040000000000000001),(0.12,-0.040000000000000001),(0.12,-0.02),(0.02,-0.02),(0.02,0.)));
#11270=IFCINDEXEDPOLYCURVE(#11269,(IFCLINEINDEX((1,2,3,4,5,6,1))),$);
#11271=IFCARBITRARYCLOSEDPROFILEDEF(.AREA.,$,#11270);
#11272=IFCCARTESIANPOINT((0.075000000372529033,0.02500000037252903,1.015000000372529));
#11273=IFCDIRECTION((0.,0.,1.));
#11274=IFCDIRECTION((1.,0.,0.));
#11275=IFCAXIS2PLACEMENT3D(#11272,#11273,#11274);
#11276=IFCDIRECTION((0.,0.,1.));
#11277=IFCEXTRUDEDAREASOLID(#11271,#11275,#11276,0.02);
#11278=IFCEXTRUDEDAREASOLID(#11279,#11282,#11286,0.02);
#11279=IFCARBITRARYCLOSEDPROFILEDEF(.AREA.,$,#11280);
#11280=IFCINDEXEDPOLYCURVE(#11281,(IFCLINEINDEX((1,2,3,4,5,6,1))),$);
#11281=IFCCARTESIANPOINTLIST2D(((0.,0.),(0.,0.040000000000000008),(0.11999999999999998,0.040000000000000008),(0.11999999999999998,0.020000000000000004),(0.020000000000000004,0.020000000000000004),(0.020000000000000004,0.)));
#11282=IFCAXIS2PLACEMENT3D(#11283,#11284,#11285);
#11283=IFCCARTESIANPOINT((0.075000000372529033,0.060000000521540642,1.015000000372529));
#11284=IFCDIRECTION((0.,0.,1.));
#11285=IFCDIRECTION((1.,0.,0.));
#11286=IFCDIRECTION((0.,0.,1.));
#11287=IFCSHAPEREPRESENTATION(#11,'Body','SweptSolid',(#11223,#11232,#11268,#11277,#11278,#11241,#11250,#11259));
#11288=IFCSHAPEREPRESENTATION(#11,'Body','SweptSolid',(#11223,#11232,#11241,#11250,#11259));
#11289=IFCSHAPEASPECT((#11288),'Lining',$,.T.,#11156);
#11290=IFCSHAPEREPRESENTATION(#11,'Body','SweptSolid',(#11268,#11277,#11278));
#11291=IFCSHAPEASPECT((#11290),'Framing',$,.T.,#11156);
#11292=IFCCARTESIANPOINTLIST2D(((0.,0.),(0.,0.05000000074505806),(0.02500000037252903,0.05000000074505806),(0.02500000037252903,0.02500000037252903),(0.05000000074505806,0.02500000037252903),(0.05000000074505806,0.)));
#11293=IFCINDEXEDPOLYCURVE(#11292,(IFCLINEINDEX((1,2,3,4,5,6,1))),$);
#11294=IFCINDEXEDPOLYCURVE(#11295,(IFCLINEINDEX((1,2,3,4,5,6,1))),$);
#11295=IFCCARTESIANPOINTLIST2D(((0.89999997615814209,0.),(0.89999997615814209,0.05000000074505806),(0.87499997578561306,0.05000000074505806),(0.87499997578561306,0.02500000037252903),(0.84999997541308403,0.02500000037252903),(0.84999997541308403,0.)));
#11296=IFCDIRECTION((1.,0.));
#11297=IFCCARTESIANPOINT((0.83999997563660145,0.05000000074505806));
#11298=IFCAXIS2PLACEMENT2D(#11297,#11296);
#11299=IFCELLIPSE(#11298,0.81499997526407242,0.84999997541308403);
#11300=IFCCARTESIANPOINT((0.83999997563660145,0.89999997615814209));
#11301=IFCCARTESIANPOINT((0.02500000037252903,0.05000000074505806));
#11302=IFCTRIMMEDCURVE(#11299,(#11300),(#11301),.T.,.CARTESIAN.);
#11303=IFCCARTESIANPOINTLIST2D(((0.87499997578561306,0.05000000074505806),(0.83999997563660145,0.05000000074505806),(0.83999997563660145,0.89999997615814209),(0.87499997578561306,0.89999997615814209)));
#11304=IFCINDEXEDPOLYCURVE(#11303,(IFCLINEINDEX((1,2,3,4,1))),$);
#11305=IFCSHAPEREPRESENTATION(#24,'Body','Curve2D',(#11293,#11294,#11302,#11304));
#11306=IFCCARTESIANPOINTLIST2D(((0.,0.),(0.89999997615814209,0.),(0.89999997615814209,2.),(0.,2.)));
#11307=IFCINDEXEDPOLYCURVE(#11306,(IFCLINEINDEX((1,2,3,4,1))),$);
#11308=IFCARBITRARYCLOSEDPROFILEDEF(.AREA.,$,#11307);
#11309=IFCCARTESIANPOINT((0.,-0.60000002384185791,0.));
#11310=IFCDIRECTION((0.,-1.,0.));
#11311=IFCDIRECTION((1.,0.,0.));
#11312=IFCAXIS2PLACEMENT3D(#11309,#11310,#11311);
#11313=IFCDIRECTION((0.,0.,-1.));
#11314=IFCEXTRUDEDAREASOLID(#11308,#11312,#11313,1.2);
#11315=IFCSHAPEREPRESENTATION(#11,'Body','SweptSolid',(#11314));
#11321=IFCCARTESIANPOINT((2.2302018552026741,0.099999730281420646,0.));
#11322=IFCDIRECTION((0.,0.,1.));
#11323=IFCDIRECTION((-0.99999999999997868,2.0663207322967565E-07,0.));
#11324=IFCAXIS2PLACEMENT3D(#11321,#11322,#11323);
#11325=IFCLOCALPLACEMENT(#1174,#11324);
#11326=IFCCARTESIANPOINT((0.,0.,0.));
#11327=IFCDIRECTION((0.,0.,1.));
#11328=IFCDIRECTION((1.,0.,0.));
#11329=IFCAXIS2PLACEMENT3D(#11326,#11327,#11328);
#11330=IFCLOCALPLACEMENT(#11325,#11329);
#11334=IFCRAILINGTYPE('2WBbCZyCnEtR1ArANQ9jmP',$,'Stair rail 2 - 4',$,$,(#11335,#11337),(#11366,#11900),$,$,.USERDEFINED.);
#11335=IFCPROPERTYSET('3LOK5jnBn7SRQzN2y7YhQj',$,'BBIM_Railing',$,(#11336));
#11336=IFCPROPERTYSINGLEVALUE('Data',$,IFCTEXT('{"railing_type": "FRAMELESS_PANEL", "height": 1.649999976158142, "thickness": 0.05000000074505806, "spacing": 0.0, "path_data": {"edges": [[0, 1], [1, 2]], "verts": [[-0.9018312692642212, 0.0, 0.0], [0.0, 0.0, 0.0], [1.3355696201324463, -4.76837158203125e-07, 0.0]]}}'),$);
#11337=IFCPROPERTYSET('2ZbNQgaIz49xvhtM0$pX3Z',$,'Pset_RailingCommon',$,(#11338));
#11338=IFCPROPERTYSINGLEVALUE('Height',$,IFCPOSITIVELENGTHMEASURE(1.6499999761581421),$);
#11362=IFCCARTESIANPOINT((0.,0.,0.));
#11363=IFCDIRECTION((1.,0.,0.));
#11364=IFCDIRECTION((0.,0.,1.));
#11365=IFCAXIS2PLACEMENT3D(#11362,#11364,#11363);
#11366=IFCREPRESENTATIONMAP(#11365,#11891);
#11411=IFCRAILING('0mDzWJpMnFNPGHUzskyEfb',$,'Railing',$,'FRAMELESS_PANEL',#11780,#11420,$,.USERDEFINED.);
#11412=IFCRELDEFINESBYTYPE('1TTgoBfPLDMefyxGm1j$ov',$,$,$,(#11411),#11334);
#11413=IFCCARTESIANPOINT((0.,0.,0.));
#11414=IFCDIRECTION((1.,0.,0.));
#11415=IFCDIRECTION((0.,1.,0.));
#11416=IFCDIRECTION((0.,0.,1.));
#11417=IFCCARTESIANTRANSFORMATIONOPERATOR3D(#11414,#11415,#11413,1.,#11416);
#11418=IFCMAPPEDITEM(#11366,#11417);
#11419=IFCSHAPEREPRESENTATION(#11,'Body','MappedRepresentation',(#11418));
#11420=IFCPRODUCTDEFINITIONSHAPE($,$,(#11419,#11907));
#11494=IFCRELCONNECTSPATHELEMENTS('2CDEjK06vBtwP6SPN65k5p',$,$,$,$,#4982,#6016,(),(),.ATSTART.,.ATEND.);
#11495=IFCCARTESIANPOINTLIST2D(((0.,0.),(0.1000000464912377,0.10000000000000001),(7.0000007982955346,0.10000000000000001),(7.100000790745745,0.)));
#11496=IFCINDEXEDPOLYCURVE(#11495,(IFCLINEINDEX((1,2,3,4,1))),$);
#11497=IFCARBITRARYCLOSEDPROFILEDEF(.AREA.,$,#11496);
#11498=IFCCARTESIANPOINT((0.,0.,0.));
#11499=IFCDIRECTION((0.,0.,1.));
#11500=IFCDIRECTION((1.,0.,0.));
#11501=IFCAXIS2PLACEMENT3D(#11498,#11499,#11500);
#11502=IFCDIRECTION((0.,0.,1.));
#11503=IFCEXTRUDEDAREASOLID(#11497,#11501,#11502,3.);
#11504=IFCSHAPEREPRESENTATION(#11,'Body','SweptSolid',(#11503));
#11505=IFCCARTESIANPOINTLIST2D(((0.,0.),(7.100000790745745,0.)));
#11506=IFCINDEXEDPOLYCURVE(#11505,$,$);
#11507=IFCSHAPEREPRESENTATION(#23,'Axis','Curve2D',(#11506));
#11508=IFCCARTESIANPOINTLIST2D(((0.,0.),(0.099999992450210171,0.10000000000000001),(3.5000008944763832,0.10000000000000001),(3.5000008944763832,0.)));
#11509=IFCINDEXEDPOLYCURVE(#11508,(IFCLINEINDEX((1,2,3,4,1))),$);
#11510=IFCARBITRARYCLOSEDPROFILEDEF(.AREA.,$,#11509);
#11511=IFCCARTESIANPOINT((0.,0.,0.));
#11512=IFCDIRECTION((0.,0.,1.));
#11513=IFCDIRECTION((1.,0.,0.));
#11514=IFCAXIS2PLACEMENT3D(#11511,#11512,#11513);
#11515=IFCDIRECTION((0.,0.,1.));
#11516=IFCEXTRUDEDAREASOLID(#11510,#11514,#11515,3.);
#11517=IFCSHAPEREPRESENTATION(#11,'Body','SweptSolid',(#11516));
#11518=IFCCARTESIANPOINTLIST2D(((0.,0.),(3.5000008944763832,0.)));
#11519=IFCINDEXEDPOLYCURVE(#11518,$,$);
#11520=IFCSHAPEREPRESENTATION(#23,'Axis','Curve2D',(#11519));
#11521=IFCCARTESIANPOINT((-3.3218793277039222,-1.570068359375,0.));
#11522=IFCDIRECTION((0.,0.,1.));
#11523=IFCDIRECTION((1.,0.,0.));
#11524=IFCAXIS2PLACEMENT3D(#11521,#11522,#11523);
#11525=IFCLOCALPLACEMENT(#4757,#11524);
#11526=IFCCARTESIANPOINT((3.3710584048523597,0.10000002384185791,0.));
#11527=IFCDIRECTION((0.,0.,1.));
#11528=IFCDIRECTION((-0.99999999999998868,1.5099580252808492E-07,0.));
#11529=IFCAXIS2PLACEMENT3D(#11526,#11527,#11528);
#11530=IFCLOCALPLACEMENT(#11525,#11529);
#11531=IFCRAILINGTYPE('2XmKV0O2z8$wOVelnBj414',$,'stail rail 2 - 5',$,$,(#11532,#11534),(#11536,#11870),$,$,.USERDEFINED.);
#11532=IFCPROPERTYSET('3zSrbx1rjDt9vNrkgjCBkp',$,'BBIM_Railing',$,(#11533));
#11533=IFCPROPERTYSINGLEVALUE('Data',$,IFCTEXT('{"railing_type": "FRAMELESS_PANEL", "height": 1.649999976158142, "thickness": 0.05000000074505806, "spacing": 0.0, "path_data": {"edges": [[0, 1], [1, 2]], "verts": [[-0.5489482879638672, -0.020514024421572685, 0.0], [0.05222523212432861, -0.00019480803166516125, 0.0], [0.2944032549858093, 0.0038834698498249054, 0.0]]}}'),$);
#11534=IFCPROPERTYSET('2cDn0wsOz2M9qWkHuM4PcE',$,'Pset_RailingCommon',$,(#11535));
#11535=IFCPROPERTYSINGLEVALUE('Height',$,IFCPOSITIVELENGTHMEASURE(1.6499999761581421),$);
#11536=IFCREPRESENTATIONMAP(#11537,#11861);
#11537=IFCAXIS2PLACEMENT3D(#11538,#11539,#11540);
#11538=IFCCARTESIANPOINT((0.,0.,0.));
#11539=IFCDIRECTION((0.,0.,1.));
#11540=IFCDIRECTION((1.,0.,0.));
#11563=IFCRAILING('11dtN7NxrEmRE_EhraxGgh',$,'Railing',$,'FRAMELESS_PANEL',#11785,#11572,$,.USERDEFINED.);
#11564=IFCRELDEFINESBYTYPE('0nmQJcphT6ggn0dzwgyWaQ',$,$,$,(#11563),#11531);
#11565=IFCCARTESIANPOINT((0.,0.,0.));
#11566=IFCDIRECTION((1.,0.,0.));
#11567=IFCDIRECTION((0.,1.,0.));
#11568=IFCDIRECTION((0.,0.,1.));
#11569=IFCCARTESIANTRANSFORMATIONOPERATOR3D(#11566,#11567,#11565,1.,#11568);
#11570=IFCMAPPEDITEM(#11536,#11569);
#11571=IFCSHAPEREPRESENTATION(#11,'Body','MappedRepresentation',(#11570));
#11572=IFCPRODUCTDEFINITIONSHAPE($,$,(#11571,#11877));
#11674=IFCRELCONNECTSPATHELEMENTS('2_$qffU5r6a8tiWiP9qHFG',$,$,$,$,#5751,#5865,(),(),.ATSTART.,.ATEND.);
#11675=IFCCARTESIANPOINTLIST2D(((0.,0.),(0.,0.10000000000000001),(4.9289091662565472,0.10000000000000001),(5.0289091467858302,0.)));
#11676=IFCINDEXEDPOLYCURVE(#11675,(IFCLINEINDEX((1,2,3,4,1))),$);
#11677=IFCARBITRARYCLOSEDPROFILEDEF(.AREA.,$,#11676);
#11678=IFCCARTESIANPOINT((0.,0.,0.));
#11679=IFCDIRECTION((0.,0.,1.));
#11680=IFCDIRECTION((1.,0.,0.));
#11681=IFCAXIS2PLACEMENT3D(#11678,#11679,#11680);
#11682=IFCDIRECTION((0.,0.,1.));
#11683=IFCEXTRUDEDAREASOLID(#11677,#11681,#11682,3.);
#11684=IFCSHAPEREPRESENTATION(#11,'Body','SweptSolid',(#11683));
#11685=IFCCARTESIANPOINTLIST2D(((0.,0.),(5.0289091467858302,0.)));
#11686=IFCINDEXEDPOLYCURVE(#11685,$,$);
#11687=IFCSHAPEREPRESENTATION(#23,'Axis','Curve2D',(#11686));
#11688=IFCCARTESIANPOINTLIST2D(((0.,0.),(0.099999980529283536,0.10000000000000001),(3.9034916541352804,0.10000000000000001),(3.9034916465854903,0.)));
#11689=IFCINDEXEDPOLYCURVE(#11688,(IFCLINEINDEX((1,2,3,4,1))),$);
#11690=IFCARBITRARYCLOSEDPROFILEDEF(.AREA.,$,#11689);
#11691=IFCCARTESIANPOINT((0.,0.,0.));
#11692=IFCDIRECTION((0.,0.,1.));
#11693=IFCDIRECTION((1.,0.,0.));
#11694=IFCAXIS2PLACEMENT3D(#11691,#11692,#11693);
#11695=IFCDIRECTION((0.,0.,1.));
#11696=IFCEXTRUDEDAREASOLID(#11690,#11694,#11695,3.);
#11697=IFCSHAPEREPRESENTATION(#11,'Body','SweptSolid',(#11696));
#11698=IFCCARTESIANPOINTLIST2D(((0.,0.),(4.0034916465854904,0.)));
#11699=IFCINDEXEDPOLYCURVE(#11698,$,$);
#11700=IFCSHAPEREPRESENTATION(#23,'Axis','Curve2D',(#11699));
#11701=IFCWALL('1VbKd2a3f2NxGMIdd85rXO',$,'Wall',$,$,#11712,#11707,$,$);
#11702=IFCMATERIALLAYERSETUSAGE(#82,.AXIS2.,.POSITIVE.,0.,$);
#11703=IFCRELASSOCIATESMATERIAL('3Kqu6lJtD6yx3B5_qhvS62',$,$,$,(#11701),#11702);
#11707=IFCPRODUCTDEFINITIONSHAPE($,$,(#11752,#11749));
#11708=IFCCARTESIANPOINT((0.17462846636772156,0.40102195739746094,0.));
#11709=IFCDIRECTION((0.,0.,1.));
#11710=IFCDIRECTION((-4.3711388286737889E-08,-0.99999999999999911,0.));
#11711=IFCAXIS2PLACEMENT3D(#11708,#11709,#11710);
#11712=IFCLOCALPLACEMENT(#4757,#11711);
#11723=IFCPROPERTYSET('1IF1Xcu9P5qA$Za64xJ0HI',$,'EPset_Parametric',$,(#11725));
#11724=IFCRELDEFINESBYPROPERTIES('2uNorvvmb3SvH9dpZJ0lc6',$,$,$,(#11701),#11723);
#11725=IFCPROPERTYSINGLEVALUE('Engine',$,IFCLABEL('Bonsai.DumbLayer2'),$);
#11739=IFCRELCONNECTSPATHELEMENTS('2zFI$L0e17ufy7fiKhqYql',$,$,$,$,#11701,#6066,(),(),.ATSTART.,.ATEND.);
#11740=IFCCARTESIANPOINTLIST2D(((0.,0.),(0.,0.10000000000000001),(2.4710901940248666,0.10000000000000001),(2.5710902222378675,0.)));
#11741=IFCINDEXEDPOLYCURVE(#11740,(IFCLINEINDEX((1,2,3,4,1))),$);
#11742=IFCARBITRARYCLOSEDPROFILEDEF(.AREA.,$,#11741);
#11743=IFCCARTESIANPOINT((0.,0.,0.));
#11744=IFCDIRECTION((0.,0.,1.));
#11745=IFCDIRECTION((1.,0.,0.));
#11746=IFCAXIS2PLACEMENT3D(#11743,#11744,#11745);
#11747=IFCDIRECTION((0.,0.,1.));
#11748=IFCEXTRUDEDAREASOLID(#11742,#11746,#11747,3.);
#11749=IFCSHAPEREPRESENTATION(#11,'Body','SweptSolid',(#11748));
#11750=IFCCARTESIANPOINTLIST2D(((0.,0.),(2.5710902222378675,0.)));
#11751=IFCINDEXEDPOLYCURVE(#11750,$,$);
#11752=IFCSHAPEREPRESENTATION(#23,'Axis','Curve2D',(#11751));
#11753=IFCCARTESIANPOINTLIST2D(((0.,0.),(0.10000002821300073,0.10000000000000001),(1.803493300608388,0.10000000000000001),(1.7034932604744537,0.)));
#11754=IFCINDEXEDPOLYCURVE(#11753,(IFCLINEINDEX((1,2,3,4,1))),$);
#11755=IFCARBITRARYCLOSEDPROFILEDEF(.AREA.,$,#11754);
#11756=IFCCARTESIANPOINT((0.,0.,0.));
#11757=IFCDIRECTION((0.,0.,1.));
#11758=IFCDIRECTION((1.,0.,0.));
#11759=IFCAXIS2PLACEMENT3D(#11756,#11757,#11758);
#11760=IFCDIRECTION((0.,0.,1.));
#11761=IFCEXTRUDEDAREASOLID(#11755,#11759,#11760,3.);
#11762=IFCSHAPEREPRESENTATION(#11,'Body','SweptSolid',(#11761));
#11763=IFCCARTESIANPOINTLIST2D(((0.,0.),(1.7034932604744537,0.)));
#11764=IFCINDEXEDPOLYCURVE(#11763,$,$);
#11765=IFCSHAPEREPRESENTATION(#23,'Axis','Curve2D',(#11764));
#11766=IFCCARTESIANPOINT((0.17462835398179852,-2.1700682648404044,0.));
#11767=IFCDIRECTION((0.,0.,1.));
#11768=IFCDIRECTION((0.99999999999997158,2.3841857910155572E-07,0.));
#11769=IFCAXIS2PLACEMENT3D(#11766,#11767,#11768);
#11770=IFCLOCALPLACEMENT(#4757,#11769);
#11771=IFCCARTESIANPOINT((0.30836346420789584,0.015000270636011503,0.));
#11772=IFCDIRECTION((0.,0.,1.));
#11773=IFCDIRECTION((0.99999999999998479,-1.7484555314694642E-07,0.));
#11774=IFCAXIS2PLACEMENT3D(#11771,#11772,#11773);
#11775=IFCLOCALPLACEMENT(#11770,#11774);
#11776=IFCCARTESIANPOINT((2.7425506114959717,2.3271059989929199,0.));
#11777=IFCDIRECTION((0.,0.,1.));
#11778=IFCDIRECTION((1.,0.,0.));
#11779=IFCAXIS2PLACEMENT3D(#11776,#11777,#11778);
#11780=IFCLOCALPLACEMENT(#4757,#11779);
#11781=IFCCARTESIANPOINT((1.8595809936523438,0.79540872573852539,0.));
#11782=IFCDIRECTION((0.,0.,1.));
#11783=IFCDIRECTION((0.0037301255551086166,-0.99999304305747205,0.));
#11784=IFCAXIS2PLACEMENT3D(#11781,#11782,#11783);
#11785=IFCLOCALPLACEMENT(#4757,#11784);
#11786=IFCINDEXEDPOLYGONALFACE((12,15,14,13));
#11787=IFCINDEXEDPOLYGONALFACE((16,19,18,17));
#11788=IFCINDEXEDPOLYGONALFACE((3,7,6,2,4,5));
#11789=IFCINDEXEDPOLYGONALFACE((1,11,10,3,8,9));
#11790=IFCINDEXEDPOLYGONALFACE((7,12,13,6));
#11791=IFCINDEXEDPOLYGONALFACE((4,14,15,5));
#11792=IFCINDEXEDPOLYGONALFACE((9,19,16,11,1));
#11793=IFCINDEXEDPOLYGONALFACE((3,5,15,12,7));
#11794=IFCINDEXEDPOLYGONALFACE((8,18,19,9));
#11795=IFCINDEXEDPOLYGONALFACE((10,17,18,8,3));
#11796=IFCINDEXEDPOLYGONALFACE((11,16,17,10));
#11797=IFCINDEXEDPOLYGONALFACE((2,6,13,14,4));
#11798=IFCCARTESIANPOINTLIST3D(((0.40640974044799805,-0.0024540424346923828,0.0029573440551757812),(-0.39921736717224121,-0.0027570724487304688,0.0029573440551757812),(0.,0.,0.),(-0.39939001202583313,0.022242331877350807,0.0029573440551757812),(-0.00017265071801375598,0.024999404326081276,0.),(-0.39904472231864929,-0.027756476774811745,0.0029573440551757812),(0.00017265071801375598,-0.024999404326081276,0.),(0.00015095587878022343,0.024999542161822319,0.),(0.40656068921089172,0.022545499727129936,0.0029573440551757812),(-0.00015095587878022343,-0.024999542161822319,0.),(0.40625879168510437,-0.027453584596514702,0.0029573440551757812),(0.00017265071801375598,-0.024999404326081276,1.),(-0.39904472231864929,-0.027756476774811745,1.0029573440551758),(-0.39939001202583313,0.022242331877350807,1.0029573440551758),(-0.00017265071801375598,0.024999404326081276,1.),(0.40625879168510437,-0.027453584596514702,1.0029573440551758),(-0.00015095587878022343,-0.024999542161822319,1.),(0.00015095587878022343,0.024999542161822319,1.),(0.40656068921089172,0.022545499727129936,1.0029573440551758)));
#11799=IFCPOLYGONALFACESET(#11798,.T.,(#11786,#11787,#11788,#11789,#11790,#11791,#11792,#11793,#11794,#11795,#11796,#11797),$);
#11800=IFCSHAPEREPRESENTATION(#11,'Body','Tessellation',(#11799));
#11802=IFCCARTESIANPOINT((-0.39939001202583313,-0.027756476774811745,0.));
#11803=IFCBOUNDINGBOX(#11802,0.80595070123672485,0.052756018936634064,1.0029573440551758);
#11804=IFCSHAPEREPRESENTATION(#13,'Box','BoundingBox',(#11803));
#11805=IFCCARTESIANPOINT((0.,0.,0.));
#11806=IFCDIRECTION((1.,0.,0.));
#11807=IFCDIRECTION((0.,0.,1.));
#11808=IFCAXIS2PLACEMENT3D(#11805,#11807,#11806);
#11809=IFCREPRESENTATIONMAP(#11808,#11804);
#11810=IFCCARTESIANPOINT((0.,0.,0.));
#11811=IFCDIRECTION((1.,0.,0.));
#11812=IFCDIRECTION((0.,1.,0.));
#11813=IFCDIRECTION((0.,0.,1.));
#11814=IFCCARTESIANTRANSFORMATIONOPERATOR3D(#11811,#11812,#11810,1.,#11813);
#11815=IFCMAPPEDITEM(#11809,#11814);
#11816=IFCSHAPEREPRESENTATION(#13,'Box','MappedRepresentation',(#11815));
#11817=IFCINDEXEDPOLYGONALFACE((13,14,11,10));
#11818=IFCINDEXEDPOLYGONALFACE((12,15,14,13));
#11819=IFCINDEXEDPOLYGONALFACE((3,6,5,1,4,7));
#11820=IFCINDEXEDPOLYGONALFACE((2,9,6,3,7,8));
#11821=IFCINDEXEDPOLYGONALFACE((3,7,14,13,6));
#11822=IFCINDEXEDPOLYGONALFACE((2,8,15,12,9));
#11823=IFCINDEXEDPOLYGONALFACE((6,13,10,5));
#11824=IFCINDEXEDPOLYGONALFACE((4,11,14,7));
#11825=IFCINDEXEDPOLYGONALFACE((7,14,15,8));
#11826=IFCINDEXEDPOLYGONALFACE((9,12,13,6));
#11827=IFCINDEXEDPOLYGONALFACE((5,10,11,4,1));
#11828=IFCCARTESIANPOINTLIST3D(((-0.38184905052185059,0.024856090545654297,0.00018191337585449219),(0.43004655838012695,0.024019956588745117,0.00018191337585449219),(2.5033950805664062E-05,0.024462699890136719,0.00018179416656494141),(-0.38182330131530762,0.049856077879667282,0.00018191337585449219),(-0.38187479972839355,-0.00014389678835868835,0.00018191337585449219),(-7.1998510975390673E-07,-0.00053728744387626648,0.00018179416656494141),(5.0773538532666862E-05,0.049462687224149704,0.00018179416656494141),(0.43007230758666992,0.049019943922758102,0.00018191337585449219),(0.43002080917358398,-0.00098003074526786804,0.00018191337585449219),(-0.38187479972839355,-0.00014389678835868835,1.0001819133758545),(-0.38182330131530762,0.049856077879667282,1.0001819133758545),(0.43002080917358398,-0.00098003074526786804,1.0001819133758545),(-7.0563692133873701E-07,-0.00053728744387626648,1.0001817941665649),(5.0773538532666862E-05,0.049462687224149704,1.0001817941665649),(0.43007230758666992,0.049019943922758102,1.0001819133758545)));
#11829=IFCPOLYGONALFACESET(#11828,.F.,(#11817,#11818,#11819,#11820,#11821,#11822,#11823,#11824,#11825,#11826,#11827),$);
#11830=IFCSHAPEREPRESENTATION(#11,'Body','Tessellation',(#11829));
#11832=IFCCARTESIANPOINT((-0.38187479972839355,-0.00098003074526786804,0.00018179416656494141));
#11833=IFCBOUNDINGBOX(#11832,0.81194710731506348,0.05083610862493515,1.0000001192092896);
#11834=IFCSHAPEREPRESENTATION(#13,'Box','BoundingBox',(#11833));
#11835=IFCCARTESIANPOINT((0.,0.,0.));
#11836=IFCDIRECTION((1.,0.,0.));
#11837=IFCDIRECTION((0.,0.,1.));
#11838=IFCAXIS2PLACEMENT3D(#11835,#11837,#11836);
#11839=IFCREPRESENTATIONMAP(#11838,#11834);
#11840=IFCCARTESIANPOINT((0.,0.,0.));
#11841=IFCDIRECTION((1.,0.,0.));
#11842=IFCDIRECTION((0.,1.,0.));
#11843=IFCDIRECTION((0.,0.,1.));
#11844=IFCCARTESIANTRANSFORMATIONOPERATOR3D(#11841,#11842,#11840,1.,#11843);
#11845=IFCMAPPEDITEM(#11839,#11844);
#11846=IFCSHAPEREPRESENTATION(#13,'Box','MappedRepresentation',(#11845));
#11847=IFCINDEXEDPOLYGONALFACE((12,15,14,13));
#11848=IFCINDEXEDPOLYGONALFACE((16,19,18,17));
#11849=IFCINDEXEDPOLYGONALFACE((1,7,6,3,4,5));
#11850=IFCINDEXEDPOLYGONALFACE((2,11,10,1,8,9));
#11851=IFCINDEXEDPOLYGONALFACE((7,12,13,6));
#11852=IFCINDEXEDPOLYGONALFACE((4,14,15,5));
#11853=IFCINDEXEDPOLYGONALFACE((2,9,19,16,11));
#11854=IFCINDEXEDPOLYGONALFACE((1,5,15,12,7));
#11855=IFCINDEXEDPOLYGONALFACE((8,18,19,9));
#11856=IFCINDEXEDPOLYGONALFACE((10,17,18,8,1));
#11857=IFCINDEXEDPOLYGONALFACE((11,16,17,10));
#11858=IFCINDEXEDPOLYGONALFACE((3,6,13,14,4));
#11859=IFCCARTESIANPOINTLIST3D(((0.052225232124328613,-0.00019480803166516125,0.),(0.29440325498580933,0.0038834698498249054,0.),(-0.54894828796386719,-0.020514024421572685,0.),(-0.54979276657104492,0.0044717099517583847,0.),(0.051380731165409088,0.024790925905108452,0.),(-0.54810380935668945,-0.045499756932258606,0.),(0.053069733083248138,-0.025180542841553688,0.),(0.051804292947053909,0.024801649153232574,0.),(0.29398232698440552,0.028879927471280098,0.),(0.052646171301603317,-0.025191266089677811,0.),(0.29482418298721313,-0.021112987771630287,0.),(0.053069733083248138,-0.025180542841553688,1.6499999761581421),(-0.54810380935668945,-0.045499756932258606,1.6499999761581421),(-0.54979276657104492,0.0044717099517583847,1.6499999761581421),(0.051380731165409088,0.024790925905108452,1.6499999761581421),(0.29482418298721313,-0.021112987771630287,1.6499999761581421),(0.052646171301603317,-0.025191266089677811,1.6499999761581421),(0.051804292947053909,0.024801649153232574,1.6499999761581421),(0.29398232698440552,0.028879927471280098,1.6499999761581421)));
#11860=IFCPOLYGONALFACESET(#11859,.T.,(#11847,#11848,#11849,#11850,#11851,#11852,#11853,#11854,#11855,#11856,#11857,#11858),$);
#11861=IFCSHAPEREPRESENTATION(#11,'Body','Tessellation',(#11860));
#11863=IFCCARTESIANPOINT((-0.54979276657104492,-0.045499756932258606,0.));
#11864=IFCBOUNDINGBOX(#11863,0.84461688995361328,0.074379675090312958,1.6499999761581421);
#11865=IFCSHAPEREPRESENTATION(#13,'Box','BoundingBox',(#11864));
#11866=IFCCARTESIANPOINT((0.,0.,0.));
#11867=IFCDIRECTION((1.,0.,0.));
#11868=IFCDIRECTION((0.,0.,1.));
#11869=IFCAXIS2PLACEMENT3D(#11866,#11868,#11867);
#11870=IFCREPRESENTATIONMAP(#11869,#11865);
#11871=IFCCARTESIANPOINT((0.,0.,0.));
#11872=IFCDIRECTION((1.,0.,0.));
#11873=IFCDIRECTION((0.,1.,0.));
#11874=IFCDIRECTION((0.,0.,1.));
#11875=IFCCARTESIANTRANSFORMATIONOPERATOR3D(#11872,#11873,#11871,1.,#11874);
#11876=IFCMAPPEDITEM(#11870,#11875);
#11877=IFCSHAPEREPRESENTATION(#13,'Box','MappedRepresentation',(#11876));
#11878=IFCINDEXEDPOLYGONALFACE((14,12,11,10));
#11879=IFCINDEXEDPOLYGONALFACE((13,15,12,14));
#11880=IFCINDEXEDPOLYGONALFACE((3,8,6,2,4,5));
#11881=IFCINDEXEDPOLYGONALFACE((1,9,8,3,5,7));
#11882=IFCINDEXEDPOLYGONALFACE((3,5,12,14,8));
#11883=IFCINDEXEDPOLYGONALFACE((1,7,15,13,9));
#11884=IFCINDEXEDPOLYGONALFACE((8,14,10,6));
#11885=IFCINDEXEDPOLYGONALFACE((4,11,12,5));
#11886=IFCINDEXEDPOLYGONALFACE((5,12,15,7));
#11887=IFCINDEXEDPOLYGONALFACE((9,13,14,8));
#11888=IFCINDEXEDPOLYGONALFACE((6,10,11,4,2));
#11889=IFCCARTESIANPOINTLIST3D(((1.3355696201324463,-4.76837158203125E-07,0.),(-0.90183126926422119,0.,0.),(0.,0.,0.),(-0.90183126926422119,0.02500000037252903,0.),(0.,0.02500000037252903,0.),(-0.90183126926422119,-0.02500000037252903,0.),(1.3355696201324463,0.024999523535370827,0.),(-8.925726824315916E-09,-0.02500000037252903,0.),(1.3355696201324463,-0.025000477209687233,0.),(-0.90183126926422119,-0.02500000037252903,1.6499999761581421),(-0.90183126926422119,0.02500000037252903,1.6499999761581421),(0.,0.02500000037252903,1.6499999761581421),(1.3355696201324463,-0.025000477209687233,1.6499999761581421),(-8.925726824315916E-09,-0.02500000037252903,1.6499999761581421),(1.3355696201324463,0.024999523535370827,1.6499999761581421)));
#11890=IFCPOLYGONALFACESET(#11889,.F.,(#11878,#11879,#11880,#11881,#11882,#11883,#11884,#11885,#11886,#11887,#11888),$);
#11891=IFCSHAPEREPRESENTATION(#11,'Body','Tessellation',(#11890));
#11893=IFCCARTESIANPOINT((-0.90183126926422119,-0.025000477209687233,0.));
#11894=IFCBOUNDINGBOX(#11893,2.237401008605957,0.050000477582216263,1.6499999761581421);
#11895=IFCSHAPEREPRESENTATION(#13,'Box','BoundingBox',(#11894));
#11896=IFCCARTESIANPOINT((0.,0.,0.));
#11897=IFCDIRECTION((1.,0.,0.));
#11898=IFCDIRECTION((0.,0.,1.));
#11899=IFCAXIS2PLACEMENT3D(#11896,#11898,#11897);
#11900=IFCREPRESENTATIONMAP(#11899,#11895);
#11901=IFCCARTESIANPOINT((0.,0.,0.));
#11902=IFCDIRECTION((1.,0.,0.));
#11903=IFCDIRECTION((0.,1.,0.));
#11904=IFCDIRECTION((0.,0.,1.));
#11905=IFCCARTESIANTRANSFORMATIONOPERATOR3D(#11902,#11903,#11901,1.,#11904);
#11906=IFCMAPPEDITEM(#11900,#11905);
#11907=IFCSHAPEREPRESENTATION(#13,'Box','MappedRepresentation',(#11906));
#11908=IFCCOLUMNTYPE('0s4ASQCtH58uAOoDblIvs4',$,'Unnamed',$,$,$,$,$,$,.COLUMN.);
#11909=IFCRECTANGLEPROFILEDEF(.AREA.,'New Profile',$,0.5,0.5);
#11910=IFCMATERIALPROFILESET($,$,(#11912),$);
#11911=IFCRELASSOCIATESMATERIAL('1ezkEvI$5A58XmnxJrKPCt',$,$,$,(#11908),#11910);
#11912=IFCMATERIALPROFILE($,$,#81,#11909,$,$);
#11913=IFCCOLUMN('06$ym40WD3aA6D$eQOlFx0',$,'Column',$,$,#11921,#11925,$,$);
#11914=IFCRELDEFINESBYTYPE('18vKYhNeb9buuNmnYVn7zL',$,$,$,(#12024,#12046,#12068,#12002,#12980,#13024,#13551,#12159,#13497,#12095,#12132,#12471,#13448,#13426,#11936,#13274,#13301,#12449,#12186,#11913,#13328,#13524,#13470,#11958,#11980),#11908);
#11915=IFCMATERIALPROFILESETUSAGE(#11910,5,$);
#11916=IFCRELASSOCIATESMATERIAL('3lPWUsVU5BZg1MYJDgou_j',$,$,$,(#11913),#11915);
#11917=IFCCARTESIANPOINT((0.22660507261753082,-2.5901062488555908,0.));
#11918=IFCDIRECTION((0.,0.,1.));
#11919=IFCDIRECTION((1.,0.,0.));
#11920=IFCAXIS2PLACEMENT3D(#11917,#11918,#11919);
#11921=IFCLOCALPLACEMENT(#79,#11920);
#11922=IFCCARTESIANPOINTLIST3D(((0.,0.,0.),(0.,0.,3.)));
#11923=IFCINDEXEDPOLYCURVE(#11922,$,.F.);
#11924=IFCSHAPEREPRESENTATION(#12,'Axis','Curve3D',(#11923));
#11925=IFCPRODUCTDEFINITIONSHAPE($,$,(#11924,#11932));
#11926=IFCCARTESIANPOINT((0.,0.,0.));
#11927=IFCDIRECTION((0.,0.,1.));
#11928=IFCDIRECTION((1.,0.,0.));
#11929=IFCAXIS2PLACEMENT3D(#11926,#11927,#11928);
#11930=IFCDIRECTION((0.,0.,1.));
#11931=IFCEXTRUDEDAREASOLID(#11909,#11929,#11930,3.);
#11932=IFCSHAPEREPRESENTATION(#11,'Body','SweptSolid',(#11931));
#11933=IFCPROPERTYSET('0ok6P2B$9CVxljpXpwzcdW',$,'EPset_Parametric',$,(#11935));
#11934=IFCRELDEFINESBYPROPERTIES('0czhJND3zE2f$K88nYC9Vd',$,$,$,(#11913),#11933);
#11935=IFCPROPERTYSINGLEVALUE('Engine',$,IFCLABEL('Bonsai.DumbProfile'),$);
#11936=IFCCOLUMN('0kVPCnXH19jgeKZWaAhFBv',$,'Column',$,$,#11943,#11947,$,$);
#11937=IFCMATERIALPROFILESETUSAGE(#11910,5,$);
#11938=IFCRELASSOCIATESMATERIAL('1mDOq$oCTBUBkNEZmotsla',$,$,$,(#11936),#11937);
#11939=IFCCARTESIANPOINT((4.2266049385070801,-2.5901062488555908,0.));
#11940=IFCDIRECTION((0.,0.,1.));
#11941=IFCDIRECTION((1.,0.,0.));
#11942=IFCAXIS2PLACEMENT3D(#11939,#11940,#11941);
#11943=IFCLOCALPLACEMENT(#79,#11942);
#11944=IFCCARTESIANPOINTLIST3D(((0.,0.,0.),(0.,0.,3.)));
#11945=IFCINDEXEDPOLYCURVE(#11944,$,.F.);
#11946=IFCSHAPEREPRESENTATION(#12,'Axis','Curve3D',(#11945));
#11947=IFCPRODUCTDEFINITIONSHAPE($,$,(#11946,#11954));
#11948=IFCCARTESIANPOINT((0.,0.,0.));
#11949=IFCDIRECTION((0.,0.,1.));
#11950=IFCDIRECTION((1.,0.,0.));
#11951=IFCAXIS2PLACEMENT3D(#11948,#11949,#11950);
#11952=IFCDIRECTION((0.,0.,1.));
#11953=IFCEXTRUDEDAREASOLID(#11909,#11951,#11952,3.);
#11954=IFCSHAPEREPRESENTATION(#11,'Body','SweptSolid',(#11953));
#11955=IFCPROPERTYSET('0yBk0AX3nBqRJj9TexYcCA',$,'EPset_Parametric',$,(#11957));
#11956=IFCRELDEFINESBYPROPERTIES('3$urLr3Az7HeZYLoyHtaTU',$,$,$,(#11936),#11955);
#11957=IFCPROPERTYSINGLEVALUE('Engine',$,IFCLABEL('Bonsai.DumbProfile'),$);
#11958=IFCCOLUMN('0mJlFGhln4pQYyMR7GI3$n',$,'Column',$,$,#11965,#11969,$,$);
#11959=IFCMATERIALPROFILESETUSAGE(#11910,5,$);
#11960=IFCRELASSOCIATESMATERIAL('1ftFlQ6r9FlOpsuaDVKlFm',$,$,$,(#11958),#11959);
#11961=IFCCARTESIANPOINT((4.2266068458557129,6.5098943710327148,0.));
#11962=IFCDIRECTION((0.,0.,1.));
#11963=IFCDIRECTION((1.,0.,0.));
#11964=IFCAXIS2PLACEMENT3D(#11961,#11962,#11963);
#11965=IFCLOCALPLACEMENT(#79,#11964);
#11966=IFCCARTESIANPOINTLIST3D(((0.,0.,0.),(0.,0.,3.)));
#11967=IFCINDEXEDPOLYCURVE(#11966,$,.F.);
#11968=IFCSHAPEREPRESENTATION(#12,'Axis','Curve3D',(#11967));
#11969=IFCPRODUCTDEFINITIONSHAPE($,$,(#11968,#11976));
#11970=IFCCARTESIANPOINT((0.,0.,0.));
#11971=IFCDIRECTION((0.,0.,1.));
#11972=IFCDIRECTION((1.,0.,0.));
#11973=IFCAXIS2PLACEMENT3D(#11970,#11971,#11972);
#11974=IFCDIRECTION((0.,0.,1.));
#11975=IFCEXTRUDEDAREASOLID(#11909,#11973,#11974,3.);
#11976=IFCSHAPEREPRESENTATION(#11,'Body','SweptSolid',(#11975));
#11977=IFCPROPERTYSET('0R7PVbXqn6Awjyg_JYUSLn',$,'EPset_Parametric',$,(#11979));
#11978=IFCRELDEFINESBYPROPERTIES('2lxmOzd7H0ffdkIrEmryFW',$,$,$,(#11958),#11977);
#11979=IFCPROPERTYSINGLEVALUE('Engine',$,IFCLABEL('Bonsai.DumbProfile'),$);
#11980=IFCCOLUMN('18IT_UoqvCH9Uq7KVcuUqc',$,'Column',$,$,#11987,#11991,$,$);
#11981=IFCMATERIALPROFILESETUSAGE(#11910,5,$);
#11982=IFCRELASSOCIATESMATERIAL('1bf_JNt7f24ebkd7mn0Mmu',$,$,$,(#11980),#11981);
#11983=IFCCARTESIANPOINT((-2.7733941078186035,5.0598950386047363,0.));
#11984=IFCDIRECTION((0.,0.,1.));
#11985=IFCDIRECTION((1.,0.,0.));
#11986=IFCAXIS2PLACEMENT3D(#11983,#11984,#11985);
#11987=IFCLOCALPLACEMENT(#79,#11986);
#11988=IFCCARTESIANPOINTLIST3D(((0.,0.,0.),(0.,0.,3.)));
#11989=IFCINDEXEDPOLYCURVE(#11988,$,.F.);
#11990=IFCSHAPEREPRESENTATION(#12,'Axis','Curve3D',(#11989));
#11991=IFCPRODUCTDEFINITIONSHAPE($,$,(#11990,#11998));
#11992=IFCCARTESIANPOINT((0.,0.,0.));
#11993=IFCDIRECTION((0.,0.,1.));
#11994=IFCDIRECTION((1.,0.,0.));
#11995=IFCAXIS2PLACEMENT3D(#11992,#11993,#11994);
#11996=IFCDIRECTION((0.,0.,1.));
#11997=IFCEXTRUDEDAREASOLID(#11909,#11995,#11996,3.);
#11998=IFCSHAPEREPRESENTATION(#11,'Body','SweptSolid',(#11997));
#11999=IFCPROPERTYSET('3ythLoj3PCMAPUtjgaDnUr',$,'EPset_Parametric',$,(#12001));
#12000=IFCRELDEFINESBYPROPERTIES('0IsX4iOL99iQTlB9uG6LYe',$,$,$,(#11980),#11999);
#12001=IFCPROPERTYSINGLEVALUE('Engine',$,IFCLABEL('Bonsai.DumbProfile'),$);
#12002=IFCCOLUMN('0MVoaR65DDnwKyGd5s8xC8',$,'Column',$,$,#12009,#12013,$,$);
#12003=IFCMATERIALPROFILESETUSAGE(#11910,5,$);
#12004=IFCRELASSOCIATESMATERIAL('1NLPSxcxTFy8B0LyrO$YUn',$,$,$,(#12002),#12003);
#12005=IFCCARTESIANPOINT((-2.7733931541442871,-0.11010599136352539,0.));
#12006=IFCDIRECTION((0.,0.,1.));
#12007=IFCDIRECTION((1.,0.,0.));
#12008=IFCAXIS2PLACEMENT3D(#12005,#12006,#12007);
#12009=IFCLOCALPLACEMENT(#79,#12008);
#12010=IFCCARTESIANPOINTLIST3D(((0.,0.,0.),(0.,0.,3.)));
#12011=IFCINDEXEDPOLYCURVE(#12010,$,.F.);
#12012=IFCSHAPEREPRESENTATION(#12,'Axis','Curve3D',(#12011));
#12013=IFCPRODUCTDEFINITIONSHAPE($,$,(#12012,#12020));
#12014=IFCCARTESIANPOINT((0.,0.,0.));
#12015=IFCDIRECTION((0.,0.,1.));
#12016=IFCDIRECTION((1.,0.,0.));
#12017=IFCAXIS2PLACEMENT3D(#12014,#12015,#12016);
#12018=IFCDIRECTION((0.,0.,1.));
#12019=IFCEXTRUDEDAREASOLID(#11909,#12017,#12018,3.);
#12020=IFCSHAPEREPRESENTATION(#11,'Body','SweptSolid',(#12019));
#12021=IFCPROPERTYSET('1vUwEQPhP9rALbnvC$zV9V',$,'EPset_Parametric',$,(#12023));
#12022=IFCRELDEFINESBYPROPERTIES('13doFpzbf5yApPLrXkyw7S',$,$,$,(#12002),#12021);
#12023=IFCPROPERTYSINGLEVALUE('Engine',$,IFCLABEL('Bonsai.DumbProfile'),$);
#12024=IFCCOLUMN('3Tu5iJAG59v9ZJpAFtYwiY',$,'Column',$,$,#12094,#12035,$,$);
#12025=IFCMATERIALPROFILESETUSAGE(#11910,5,$);
#12026=IFCRELASSOCIATESMATERIAL('18$sq4Zg5C9xF7aUOLSZUC',$,$,$,(#12024),#12025);
#12032=IFCCARTESIANPOINTLIST3D(((0.,0.,0.),(0.,0.,3.)));
#12033=IFCINDEXEDPOLYCURVE(#12032,$,.F.);
#12034=IFCSHAPEREPRESENTATION(#12,'Axis','Curve3D',(#12033));
#12035=IFCPRODUCTDEFINITIONSHAPE($,$,(#12034,#12042));
#12036=IFCCARTESIANPOINT((0.,0.,0.));
#12037=IFCDIRECTION((0.,0.,1.));
#12038=IFCDIRECTION((1.,0.,0.));
#12039=IFCAXIS2PLACEMENT3D(#12036,#12037,#12038);
#12040=IFCDIRECTION((0.,0.,1.));
#12041=IFCEXTRUDEDAREASOLID(#11909,#12039,#12040,3.);
#12042=IFCSHAPEREPRESENTATION(#11,'Body','SweptSolid',(#12041));
#12043=IFCPROPERTYSET('3Y79sr92fEwvRZ8GwynLYP',$,'EPset_Parametric',$,(#12045));
#12044=IFCRELDEFINESBYPROPERTIES('1v8jXuoFf0QuKEik1D$Szp',$,$,$,(#12024),#12043);
#12045=IFCPROPERTYSINGLEVALUE('Engine',$,IFCLABEL('Bonsai.DumbProfile'),$);
#12046=IFCCOLUMN('2J2Wb9H5zDqBzdjTk9c2aR',$,'Column',$,$,#12121,#12057,$,$);
#12052=IFCRELASSOCIATESMATERIAL('3KByC8uBj3IvlJ6$aQZ2ta',$,$,$,(#12046),#12053);
#12053=IFCMATERIALPROFILESETUSAGE(#11910,5,$);
#12054=IFCRELDEFINESBYPROPERTIES('3SRyI5N7vFHumtNYj6W4LA',$,$,$,(#12046),#12055);
#12055=IFCPROPERTYSET('2kNjKiSxL0bhBLxvYZ8z6s',$,'EPset_Parametric',$,(#12056));
#12056=IFCPROPERTYSINGLEVALUE('Engine',$,IFCLABEL('Bonsai.DumbProfile'),$);
#12057=IFCPRODUCTDEFINITIONSHAPE($,$,(#12058,#12061));
#12058=IFCSHAPEREPRESENTATION(#12,'Axis','Curve3D',(#12059));
#12059=IFCINDEXEDPOLYCURVE(#12060,$,.F.);
#12060=IFCCARTESIANPOINTLIST3D(((0.,0.,0.),(0.,0.,3.)));
#12061=IFCSHAPEREPRESENTATION(#11,'Body','SweptSolid',(#12062));
#12062=IFCEXTRUDEDAREASOLID(#11909,#12063,#12067,3.);
#12063=IFCAXIS2PLACEMENT3D(#12064,#12065,#12066);
#12064=IFCCARTESIANPOINT((0.,0.,0.));
#12065=IFCDIRECTION((0.,0.,1.));
#12066=IFCDIRECTION((1.,0.,0.));
#12067=IFCDIRECTION((0.,0.,1.));
#12068=IFCCOLUMN('0diDamzOnD9RUoDWUBjZBV',$,'Column',$,$,#12126,#12079,$,$);
#12074=IFCRELDEFINESBYPROPERTIES('25Q9bBqbr3YxR2Jj52B2sW',$,$,$,(#12068),#12075);
#12075=IFCPROPERTYSET('3rXDEY$WfBaRqJtIAu9B90',$,'EPset_Parametric',$,(#12076));
#12076=IFCPROPERTYSINGLEVALUE('Engine',$,IFCLABEL('Bonsai.DumbProfile'),$);
#12077=IFCRELASSOCIATESMATERIAL('1B33HZnyD20f6om5TIo7av',$,$,$,(#12068),#12078);
#12078=IFCMATERIALPROFILESETUSAGE(#11910,5,$);
#12079=IFCPRODUCTDEFINITIONSHAPE($,$,(#12080,#12083));
#12080=IFCSHAPEREPRESENTATION(#12,'Axis','Curve3D',(#12081));
#12081=IFCINDEXEDPOLYCURVE(#12082,$,.F.);
#12082=IFCCARTESIANPOINTLIST3D(((0.,0.,0.),(0.,0.,3.)));
#12083=IFCSHAPEREPRESENTATION(#11,'Body','SweptSolid',(#12084));
#12084=IFCEXTRUDEDAREASOLID(#11909,#12085,#12089,3.);
#12085=IFCAXIS2PLACEMENT3D(#12086,#12087,#12088);
#12086=IFCCARTESIANPOINT((0.,0.,0.));
#12087=IFCDIRECTION((0.,0.,1.));
#12088=IFCDIRECTION((1.,0.,0.));
#12089=IFCDIRECTION((0.,0.,1.));
#12090=IFCCARTESIANPOINT((-2.7733941078186035,2.6398935317993164,0.));
#12091=IFCDIRECTION((0.,0.,1.));
#12092=IFCDIRECTION((1.,0.,0.));
#12093=IFCAXIS2PLACEMENT3D(#12090,#12091,#12092);
#12094=IFCLOCALPLACEMENT(#79,#12093);
#12095=IFCCOLUMN('0anVNxJH52ag4PMSLOZhs_',$,'Column',$,$,#12131,#12106,$,$);
#12101=IFCRELDEFINESBYPROPERTIES('3erHXu8qr7qej7AHc4PjdI',$,$,$,(#12095),#12102);
#12102=IFCPROPERTYSET('2KY2OVnEDBQQ9F2fcjDqCU',$,'EPset_Parametric',$,(#12103));
#12103=IFCPROPERTYSINGLEVALUE('Engine',$,IFCLABEL('Bonsai.DumbProfile'),$);
#12104=IFCRELASSOCIATESMATERIAL('0J1dNdlBb0bB9oxaHEahWH',$,$,$,(#12095),#12105);
#12105=IFCMATERIALPROFILESETUSAGE(#11910,5,$);
#12106=IFCPRODUCTDEFINITIONSHAPE($,$,(#12107,#12110));
#12107=IFCSHAPEREPRESENTATION(#12,'Axis','Curve3D',(#12108));
#12108=IFCINDEXEDPOLYCURVE(#12109,$,.F.);
#12109=IFCCARTESIANPOINTLIST3D(((0.,0.,0.),(0.,0.,3.)));
#12110=IFCSHAPEREPRESENTATION(#11,'Body','SweptSolid',(#12111));
#12111=IFCEXTRUDEDAREASOLID(#11909,#12112,#12116,3.);
#12112=IFCAXIS2PLACEMENT3D(#12113,#12114,#12115);
#12113=IFCCARTESIANPOINT((0.,0.,0.));
#12114=IFCDIRECTION((0.,0.,1.));
#12115=IFCDIRECTION((1.,0.,0.));
#12116=IFCDIRECTION((0.,0.,1.));
#12117=IFCCARTESIANPOINT((4.2266068458557129,5.0598950386047363,0.));
#12118=IFCDIRECTION((0.,0.,1.));
#12119=IFCDIRECTION((1.,0.,0.));
#12120=IFCAXIS2PLACEMENT3D(#12117,#12118,#12119);
#12121=IFCLOCALPLACEMENT(#79,#12120);
#12122=IFCCARTESIANPOINT((4.2266077995300293,-0.11010599136352539,0.));
#12123=IFCDIRECTION((0.,0.,1.));
#12124=IFCDIRECTION((1.,0.,0.));
#12125=IFCAXIS2PLACEMENT3D(#12122,#12123,#12124);
#12126=IFCLOCALPLACEMENT(#79,#12125);
#12127=IFCCARTESIANPOINT((4.2266068458557129,2.6398935317993164,0.));
#12128=IFCDIRECTION((0.,0.,1.));
#12129=IFCDIRECTION((1.,0.,0.));
#12130=IFCAXIS2PLACEMENT3D(#12127,#12128,#12129);
#12131=IFCLOCALPLACEMENT(#79,#12130);
#12132=IFCCOLUMN('1eQpkfoEHEsxSw_WdbdqB1',$,'Column',$,$,#12283,#12143,$,$);
#12138=IFCRELASSOCIATESMATERIAL('0Rrci_paP6kw5sSBrAhQlK',$,$,$,(#12132),#12139);
#12139=IFCMATERIALPROFILESETUSAGE(#11910,5,$);
#12140=IFCRELDEFINESBYPROPERTIES('1FjmV6LDn7zvhJVzi0UHF2',$,$,$,(#12132),#12141);
#12141=IFCPROPERTYSET('3mptHP9mDEPu$ZaTjDWFio',$,'EPset_Parametric',$,(#12142));
#12142=IFCPROPERTYSINGLEVALUE('Engine',$,IFCLABEL('Bonsai.DumbProfile'),$);
#12143=IFCPRODUCTDEFINITIONSHAPE($,$,(#12144,#12147));
#12144=IFCSHAPEREPRESENTATION(#12,'Axis','Curve3D',(#12145));
#12145=IFCINDEXEDPOLYCURVE(#12146,$,.F.);
#12146=IFCCARTESIANPOINTLIST3D(((0.,0.,0.),(0.,0.,3.)));
#12147=IFCSHAPEREPRESENTATION(#11,'Body','SweptSolid',(#12148));
#12148=IFCEXTRUDEDAREASOLID(#11909,#12149,#12153,3.);
#12149=IFCAXIS2PLACEMENT3D(#12150,#12151,#12152);
#12150=IFCCARTESIANPOINT((0.,0.,0.));
#12151=IFCDIRECTION((0.,0.,1.));
#12152=IFCDIRECTION((1.,0.,0.));
#12153=IFCDIRECTION((0.,0.,1.));
#12159=IFCCOLUMN('1k6e7Vs4j5KPTZevgz_h6k',$,'Column',$,$,#12185,#12170,$,$);
#12165=IFCRELDEFINESBYPROPERTIES('1mq0Mmn9HFvPWObSwZGnE9',$,$,$,(#12159),#12166);
#12166=IFCPROPERTYSET('00yf5YJunBQhn5QKj9MJnI',$,'EPset_Parametric',$,(#12167));
#12167=IFCPROPERTYSINGLEVALUE('Engine',$,IFCLABEL('Bonsai.DumbProfile'),$);
#12168=IFCRELASSOCIATESMATERIAL('0QmHAi0vv9sRcrE4L18ZEE',$,$,$,(#12159),#12169);
#12169=IFCMATERIALPROFILESETUSAGE(#11910,5,$);
#12170=IFCPRODUCTDEFINITIONSHAPE($,$,(#12171,#12174));
#12171=IFCSHAPEREPRESENTATION(#12,'Axis','Curve3D',(#12172));
#12172=IFCINDEXEDPOLYCURVE(#12173,$,.F.);
#12173=IFCCARTESIANPOINTLIST3D(((0.,0.,0.),(0.,0.,3.)));
#12174=IFCSHAPEREPRESENTATION(#11,'Body','SweptSolid',(#12175));
#12175=IFCEXTRUDEDAREASOLID(#11909,#12176,#12180,3.);
#12176=IFCAXIS2PLACEMENT3D(#12177,#12178,#12179);
#12177=IFCCARTESIANPOINT((0.,0.,0.));
#12178=IFCDIRECTION((0.,0.,1.));
#12179=IFCDIRECTION((1.,0.,0.));
#12180=IFCDIRECTION((0.,0.,1.));
#12181=IFCCARTESIANPOINT((0.22660507261753082,5.0598950386047363,0.));
#12182=IFCDIRECTION((0.,0.,1.));
#12183=IFCDIRECTION((1.,0.,0.));
#12184=IFCAXIS2PLACEMENT3D(#12181,#12182,#12183);
#12185=IFCLOCALPLACEMENT(#79,#12184);
#12186=IFCCOLUMN('0RRnIEtcPEje36W_oH4ZUS',$,'Column',$,$,#12288,#12197,$,$);
#12192=IFCRELDEFINESBYPROPERTIES('2I62juQ0r4Ow4CGQFU52h5',$,$,$,(#12186),#12193);
#12193=IFCPROPERTYSET('3N$7u6qcLC38xfrMq1jjO9',$,'EPset_Parametric',$,(#12194));
#12194=IFCPROPERTYSINGLEVALUE('Engine',$,IFCLABEL('Bonsai.DumbProfile'),$);
#12195=IFCRELASSOCIATESMATERIAL('1SOfy02gL4pfADKKT9Dj31',$,$,$,(#12186),#12196);
#12196=IFCMATERIALPROFILESETUSAGE(#11910,5,$);
#12197=IFCPRODUCTDEFINITIONSHAPE($,$,(#12198,#12201));
#12198=IFCSHAPEREPRESENTATION(#12,'Axis','Curve3D',(#12199));
#12199=IFCINDEXEDPOLYCURVE(#12200,$,.F.);
#12200=IFCCARTESIANPOINTLIST3D(((0.,0.,0.),(0.,0.,3.)));
#12201=IFCSHAPEREPRESENTATION(#11,'Body','SweptSolid',(#12202));
#12202=IFCEXTRUDEDAREASOLID(#11909,#12203,#12207,3.);
#12203=IFCAXIS2PLACEMENT3D(#12204,#12205,#12206);
#12204=IFCCARTESIANPOINT((0.,0.,0.));
#12205=IFCDIRECTION((0.,0.,1.));
#12206=IFCDIRECTION((1.,0.,0.));
#12207=IFCDIRECTION((0.,0.,1.));
#12208=IFCBEAMTYPE('277HZH2cnFjB2cA6_ejH$A',$,'Unnamed',$,$,$,$,$,$,.BEAM.);
#12209=IFCMATERIALPROFILESET($,$,(#12211),$);
#12210=IFCRELASSOCIATESMATERIAL('2yo6Gp_C13te8GwfLYxpXI',$,$,$,(#12208),#12209);
#12211=IFCMATERIALPROFILE($,$,#81,#11909,$,$);
#12212=IFCBEAM('0jaL7SWbPA68tvcDH_$bvV',$,'Beam',$,$,#12220,#12224,$,$);
#12213=IFCRELDEFINESBYTYPE('0fuvrZmcDCivrjMg6WoThw',$,$,$,(#12385,#12326,#12212,#12289,#13705,#13573,#13595,#13617,#12257,#13683,#13639,#13661,#12235,#12422,#12363),#12208);
#12214=IFCMATERIALPROFILESETUSAGE(#12209,7,$);
#12215=IFCRELASSOCIATESMATERIAL('1HdMtOpG93BuK_S3Zhoj9n',$,$,$,(#12212),#12214);
#12216=IFCCARTESIANPOINT((4.4766068458557129,6.7598943710327148,3.));
#12217=IFCDIRECTION((-1.9868215635672537E-07,-0.99999999999997735,7.5497898658639684E-08));
#12218=IFCDIRECTION((0.99999999999998024,-1.9868215872520131E-07,0.));
#12219=IFCAXIS2PLACEMENT3D(#12216,#12217,#12218);
#12220=IFCLOCALPLACEMENT(#79,#12219);
#12221=IFCCARTESIANPOINTLIST3D(((0.,0.,0.),(0.,0.,9.6000001907350505)));
#12222=IFCINDEXEDPOLYCURVE(#12221,$,.F.);
#12223=IFCSHAPEREPRESENTATION(#12,'Axis','Curve3D',(#12222));
#12224=IFCPRODUCTDEFINITIONSHAPE($,$,(#12223,#12231));
#12225=IFCCARTESIANPOINT((-0.25,-0.25,0.));
#12226=IFCDIRECTION((0.,0.,1.));
#12227=IFCDIRECTION((1.,0.,0.));
#12228=IFCAXIS2PLACEMENT3D(#12225,#12226,#12227);
#12229=IFCDIRECTION((0.,0.,1.));
#12230=IFCEXTRUDEDAREASOLID(#11909,#12228,#12229,9.6000001907350505);
#12231=IFCSHAPEREPRESENTATION(#11,'Body','SweptSolid',(#12230));
#12232=IFCPROPERTYSET('3FiULe30DCux$2eXtr$CFO',$,'EPset_Parametric',$,(#12234));
#12233=IFCRELDEFINESBYPROPERTIES('3TKzmXcUHF$e2vkjU5X_pm',$,$,$,(#12212),#12232);
#12234=IFCPROPERTYSINGLEVALUE('Engine',$,IFCLABEL('Bonsai.DumbProfile'),$);
#12235=IFCBEAM('1jMv3E6Hv6pw9FOr5rrjnk',$,'Beam',$,$,#12242,#12246,$,$);
#12236=IFCMATERIALPROFILESETUSAGE(#12209,7,$);
#12237=IFCRELASSOCIATESMATERIAL('1QArJFPD14beZNeNB1I459',$,$,$,(#12235),#12236);
#12238=IFCCARTESIANPOINT((0.47660505771636963,6.7598943710327148,3.));
#12239=IFCDIRECTION((0.,-0.99999999999999711,7.5497898658641179E-08));
#12240=IFCDIRECTION((1.,0.,0.));
#12241=IFCAXIS2PLACEMENT3D(#12238,#12239,#12240);
#12242=IFCLOCALPLACEMENT(#79,#12241);
#12243=IFCCARTESIANPOINTLIST3D(((0.,0.,0.),(0.,0.,9.6000001907348622)));
#12244=IFCINDEXEDPOLYCURVE(#12243,$,.F.);
#12245=IFCSHAPEREPRESENTATION(#12,'Axis','Curve3D',(#12244));
#12246=IFCPRODUCTDEFINITIONSHAPE($,$,(#12245,#12253));
#12247=IFCCARTESIANPOINT((-0.25,-0.25,0.));
#12248=IFCDIRECTION((0.,0.,1.));
#12249=IFCDIRECTION((1.,0.,0.));
#12250=IFCAXIS2PLACEMENT3D(#12247,#12248,#12249);
#12251=IFCDIRECTION((0.,0.,1.));
#12252=IFCEXTRUDEDAREASOLID(#11909,#12250,#12251,9.6000001907348622);
#12253=IFCSHAPEREPRESENTATION(#11,'Body','SweptSolid',(#12252));
#12254=IFCPROPERTYSET('2DBC_GvOL90P8oJ_KrXqbM',$,'EPset_Parametric',$,(#12256));
#12255=IFCRELDEFINESBYPROPERTIES('0RcLfxks9ElB1gnuOyxCPZ',$,$,$,(#12235),#12254);
#12256=IFCPROPERTYSINGLEVALUE('Engine',$,IFCLABEL('Bonsai.DumbProfile'),$);
#12257=IFCBEAM('3iiPdNoEHCRuQaIugan_RG',$,'Beam',$,$,#12264,#12268,$,$);
#12258=IFCMATERIALPROFILESETUSAGE(#12209,7,$);
#12259=IFCRELASSOCIATESMATERIAL('3e4Y5opQ9DaxWJrx4J2CAD',$,$,$,(#12257),#12258);
#12260=IFCCARTESIANPOINT((-2.5233941078186035,5.3098950386047363,3.));
#12261=IFCDIRECTION((1.6819648899210913E-07,-0.99999999999998301,7.5497898658640107E-08));
#12262=IFCDIRECTION((0.99999999999998601,1.6819649317767235E-07,5.0242957818008487E-15));
#12263=IFCAXIS2PLACEMENT3D(#12260,#12261,#12262);
#12264=IFCLOCALPLACEMENT(#79,#12263);
#12265=IFCCARTESIANPOINTLIST3D(((0.,0.,0.),(0.,0.,5.6700009279066128)));
#12266=IFCINDEXEDPOLYCURVE(#12265,$,.F.);
#12267=IFCSHAPEREPRESENTATION(#12,'Axis','Curve3D',(#12266));
#12268=IFCPRODUCTDEFINITIONSHAPE($,$,(#12267,#12275));
#12269=IFCCARTESIANPOINT((-0.25,-0.25,0.));
#12270=IFCDIRECTION((0.,0.,1.));
#12271=IFCDIRECTION((1.,0.,0.));
#12272=IFCAXIS2PLACEMENT3D(#12269,#12270,#12271);
#12273=IFCDIRECTION((0.,0.,1.));
#12274=IFCEXTRUDEDAREASOLID(#11909,#12272,#12273,5.6700009279066128);
#12275=IFCSHAPEREPRESENTATION(#11,'Body','SweptSolid',(#12274));
#12276=IFCPROPERTYSET('0e9Pz0nJLAK9pE5RtCqjqk',$,'EPset_Parametric',$,(#12278));
#12277=IFCRELDEFINESBYPROPERTIES('09_WJET4DBogIAfucovJ7l',$,$,$,(#12257),#12276);
#12278=IFCPROPERTYSINGLEVALUE('Engine',$,IFCLABEL('Bonsai.DumbProfile'),$);
#12279=IFCCARTESIANPOINT((0.22660507261753082,-0.11010599136352539,0.));
#12280=IFCDIRECTION((0.,0.,1.));
#12281=IFCDIRECTION((1.,0.,0.));
#12282=IFCAXIS2PLACEMENT3D(#12279,#12280,#12281);
#12283=IFCLOCALPLACEMENT(#79,#12282);
#12284=IFCCARTESIANPOINT((0.22660507261753082,6.5098943710327148,0.));
#12285=IFCDIRECTION((0.,0.,1.));
#12286=IFCDIRECTION((1.,0.,0.));
#12287=IFCAXIS2PLACEMENT3D(#12284,#12285,#12286);
#12288=IFCLOCALPLACEMENT(#79,#12287);
#12289=IFCBEAM('1oTYhfAlrEOfDObhdgWxnM',$,'Beam',$,$,#12325,#12300,$,$);
#12290=IFCMATERIALPROFILESETUSAGE(#12209,7,$);
#12291=IFCRELASSOCIATESMATERIAL('0yZHOZYnjFJOKAdNgbwhsF',$,$,$,(#12289),#12290);
#12300=IFCPRODUCTDEFINITIONSHAPE($,$,(#12313,#12320));
#12308=IFCPROPERTYSET('194i3Q97nFP9vL6_LVdz7S',$,'EPset_Parametric',$,(#12310));
#12309=IFCRELDEFINESBYPROPERTIES('3LAR3$xgj3ieFS4dKruXik',$,$,$,(#12289),#12308);
#12310=IFCPROPERTYSINGLEVALUE('Engine',$,IFCLABEL('Bonsai.DumbProfile'),$);
#12311=IFCCARTESIANPOINTLIST3D(((-1.9567869458114728E-07,4.2739895178556253E-08,-3.3434264423704008E-07),(1.0226095525922574E-09,1.0226215430009233E-09,4.5000009536743164)));
#12312=IFCINDEXEDPOLYCURVE(#12311,$,.F.);
#12313=IFCSHAPEREPRESENTATION(#12,'Axis','Curve3D',(#12312));
#12314=IFCCARTESIANPOINT((-0.25,-0.25,0.));
#12315=IFCDIRECTION((0.,0.,1.));
#12316=IFCDIRECTION((1.,0.,0.));
#12317=IFCAXIS2PLACEMENT3D(#12314,#12315,#12316);
#12318=IFCDIRECTION((0.,0.,1.));
#12319=IFCEXTRUDEDAREASOLID(#11909,#12317,#12318,4.5000014834931426);
#12320=IFCSHAPEREPRESENTATION(#11,'Body','SweptSolid',(#12319));
#12321=IFCCARTESIANPOINT((4.4766068458557129,6.2598943710327148,3.));
#12322=IFCDIRECTION((-0.999999999999998,4.3711388286737843E-08,-4.3711388286737843E-08));
#12323=IFCDIRECTION((-4.3711388286737889E-08,-0.99999999999999911,0.));
#12324=IFCAXIS2PLACEMENT3D(#12321,#12322,#12323);
#12325=IFCLOCALPLACEMENT(#79,#12324);
#12326=IFCBEAM('3hYk$_KZP3gwVk77LB3BzG',$,'Beam',$,$,#12362,#12337,$,$);
#12327=IFCMATERIALPROFILESETUSAGE(#12209,7,$);
#12328=IFCRELASSOCIATESMATERIAL('1hsY6o47bECvdXCwueMdor',$,$,$,(#12326),#12327);
#12337=IFCPRODUCTDEFINITIONSHAPE($,$,(#12350,#12357));
#12345=IFCPROPERTYSET('1E9g$RAD9AGgTWkcPV92fn',$,'EPset_Parametric',$,(#12347));
#12346=IFCRELDEFINESBYPROPERTIES('3OvXOqNJv1PBDiu3JiLNuC',$,$,$,(#12326),#12345);
#12347=IFCPROPERTYSINGLEVALUE('Engine',$,IFCLABEL('Bonsai.DumbProfile'),$);
#12348=IFCCARTESIANPOINTLIST3D(((1.6752653664298123E-07,4.2739944916547756E-08,-2.046300835445436E-07),(3.761529683288245E-07,1.3215681349265651E-07,7.5000009536743164)));
#12349=IFCINDEXEDPOLYCURVE(#12348,$,.F.);
#12350=IFCSHAPEREPRESENTATION(#12,'Axis','Curve3D',(#12349));
#12351=IFCCARTESIANPOINT((-0.25,-0.25,0.));
#12352=IFCDIRECTION((0.,0.,1.));
#12353=IFCDIRECTION((1.,0.,0.));
#12354=IFCAXIS2PLACEMENT3D(#12351,#12352,#12353);
#12355=IFCDIRECTION((0.,0.,1.));
#12356=IFCEXTRUDEDAREASOLID(#11909,#12354,#12355,7.5000010172527816);
#12357=IFCSHAPEREPRESENTATION(#11,'Body','SweptSolid',(#12356));
#12358=IFCCARTESIANPOINT((4.4766068458557129,4.8098950386047363,3.));
#12359=IFCDIRECTION((-0.99999999999995937,2.821299744937163E-07,-4.3711388286736155E-08));
#12360=IFCDIRECTION((-2.8212997449371656E-07,-0.99999999999996025,0.));
#12361=IFCAXIS2PLACEMENT3D(#12358,#12359,#12360);
#12362=IFCLOCALPLACEMENT(#79,#12361);
#12363=IFCBEAM('21SaKKC2LD7PD2lM3H8Mej',$,'Beam',$,$,#12370,#12374,$,$);
#12364=IFCMATERIALPROFILESETUSAGE(#12209,7,$);
#12365=IFCRELASSOCIATESMATERIAL('2CAigtoRLAB8mVAkRf4e5Q',$,$,$,(#12363),#12364);
#12366=IFCCARTESIANPOINT((4.4766068458557129,2.3898935317993164,3.));
#12367=IFCDIRECTION((-0.99999999999975364,-5.5233500451823066E-07,4.3312575760004802E-07));
#12368=IFCDIRECTION((5.5233506136170193E-07,-0.99999999999983635,1.4901160128030988E-07));
#12369=IFCAXIS2PLACEMENT3D(#12366,#12367,#12368);
#12370=IFCLOCALPLACEMENT(#79,#12369);
#12371=IFCCARTESIANPOINTLIST3D(((0.,0.,0.),(0.,0.,7.4999832153132839)));
#12372=IFCINDEXEDPOLYCURVE(#12371,$,.F.);
#12373=IFCSHAPEREPRESENTATION(#12,'Axis','Curve3D',(#12372));
#12374=IFCPRODUCTDEFINITIONSHAPE($,$,(#12373,#12381));
#12375=IFCCARTESIANPOINT((-0.25,-0.25,0.));
#12376=IFCDIRECTION((0.,0.,1.));
#12377=IFCDIRECTION((1.,0.,0.));
#12378=IFCAXIS2PLACEMENT3D(#12375,#12376,#12377);
#12379=IFCDIRECTION((0.,0.,1.));
#12380=IFCEXTRUDEDAREASOLID(#11909,#12378,#12379,7.4999832153132839);
#12381=IFCSHAPEREPRESENTATION(#11,'Body','SweptSolid',(#12380));
#12382=IFCPROPERTYSET('0NwgsH3oTBzhuDezCbde28',$,'EPset_Parametric',$,(#12384));
#12383=IFCRELDEFINESBYPROPERTIES('21mT3gF6X3vfk5uBAymU6P',$,$,$,(#12363),#12382);
#12384=IFCPROPERTYSINGLEVALUE('Engine',$,IFCLABEL('Bonsai.DumbProfile'),$);
#12385=IFCBEAM('26cMyJVIv4K9_jKy3po7Et',$,'Beam',$,$,#12421,#12396,$,$);
#12386=IFCMATERIALPROFILESETUSAGE(#12209,7,$);
#12387=IFCRELASSOCIATESMATERIAL('33$7S5TerBGPSp$BcLKx15',$,$,$,(#12385),#12386);
#12396=IFCPRODUCTDEFINITIONSHAPE($,$,(#12409,#12416));
#12404=IFCPROPERTYSET('2N6QaLHjvFPeFd4wLAkStf',$,'EPset_Parametric',$,(#12406));
#12405=IFCRELDEFINESBYPROPERTIES('0MLFvhGOf4qhWS_zq8v1U8',$,$,$,(#12385),#12404);
#12406=IFCPROPERTYSINGLEVALUE('Engine',$,IFCLABEL('Bonsai.DumbProfile'),$);
#12407=IFCCARTESIANPOINTLIST3D(((1.2937476867591613E-08,2.127586817834981E-08,-1.4687489624520822E-07),(1.2947410255037539E-08,1.1069273142538805E-07,7.5000009536743164)));
#12408=IFCINDEXEDPOLYCURVE(#12407,$,.F.);
#12409=IFCSHAPEREPRESENTATION(#12,'Axis','Curve3D',(#12408));
#12410=IFCCARTESIANPOINT((-0.25,-0.25,0.));
#12411=IFCDIRECTION((0.,0.,1.));
#12412=IFCDIRECTION((1.,0.,0.));
#12413=IFCAXIS2PLACEMENT3D(#12410,#12411,#12412);
#12414=IFCDIRECTION((0.,0.,1.));
#12415=IFCEXTRUDEDAREASOLID(#11909,#12413,#12414,7.5000010172525462);
#12416=IFCSHAPEREPRESENTATION(#11,'Body','SweptSolid',(#12415));
#12417=IFCCARTESIANPOINT((4.4766077995300293,-0.36010599136352539,3.));
#12418=IFCDIRECTION((-0.999999999999998,4.3711388286737843E-08,-4.3711388286737843E-08));
#12419=IFCDIRECTION((-4.371138828673781E-08,-0.99999999999999734,5.9604637669963109E-08));
#12420=IFCAXIS2PLACEMENT3D(#12417,#12418,#12419);
#12421=IFCLOCALPLACEMENT(#79,#12420);
#12422=IFCBEAM('1S0eSVU4fA3Q2lVXW0AXJ$',$,'Beam',$,$,#12448,#12433,$,$);
#12423=IFCMATERIALPROFILESETUSAGE(#12209,7,$);
#12424=IFCRELASSOCIATESMATERIAL('19$$MGvvL5Df46RBSYDveW',$,$,$,(#12422),#12423);
#12430=IFCCARTESIANPOINTLIST3D(((0.,0.,0.),(0.,0.,4.5000000000001013)));
#12431=IFCINDEXEDPOLYCURVE(#12430,$,.F.);
#12432=IFCSHAPEREPRESENTATION(#12,'Axis','Curve3D',(#12431));
#12433=IFCPRODUCTDEFINITIONSHAPE($,$,(#12432,#12440));
#12434=IFCCARTESIANPOINT((-0.25,-0.25,0.));
#12435=IFCDIRECTION((0.,0.,1.));
#12436=IFCDIRECTION((1.,0.,0.));
#12437=IFCAXIS2PLACEMENT3D(#12434,#12435,#12436);
#12438=IFCDIRECTION((0.,0.,1.));
#12439=IFCEXTRUDEDAREASOLID(#11909,#12437,#12438,4.5000000000001013);
#12440=IFCSHAPEREPRESENTATION(#11,'Body','SweptSolid',(#12439));
#12441=IFCPROPERTYSET('1eG4TnJ3r9GRcmN9d1ezsn',$,'EPset_Parametric',$,(#12443));
#12442=IFCRELDEFINESBYPROPERTIES('2GCUnIOmPFbwNwgUFVyD52',$,$,$,(#12422),#12441);
#12443=IFCPROPERTYSINGLEVALUE('Engine',$,IFCLABEL('Bonsai.DumbProfile'),$);
#12444=IFCCARTESIANPOINT((4.4766049385070801,-2.8401050567626953,3.));
#12445=IFCDIRECTION((-0.99999999999979816,-5.5233505236162947E-07,3.1391647326011509E-07));
#12446=IFCDIRECTION((5.5233505236165573E-07,-0.99999999999984568,5.9604612800958318E-08));
#12447=IFCAXIS2PLACEMENT3D(#12444,#12445,#12446);
#12448=IFCLOCALPLACEMENT(#79,#12447);
#12449=IFCCOLUMN('0ZoES5gpH9QeO4oqiiLn9I',$,'Column',$,$,#13731,#12460,$,$);
#12450=IFCMATERIALPROFILESETUSAGE(#11910,5,$);
#12451=IFCRELASSOCIATESMATERIAL('3A9wLLWyL0egF95MV4kKI5',$,$,$,(#12449),#12450);
#12457=IFCCARTESIANPOINTLIST3D(((0.,0.,0.),(0.,0.,3.)));
#12458=IFCINDEXEDPOLYCURVE(#12457,$,.F.);
#12459=IFCSHAPEREPRESENTATION(#12,'Axis','Curve3D',(#12458));
#12460=IFCPRODUCTDEFINITIONSHAPE($,$,(#12459,#12467));
#12461=IFCCARTESIANPOINT((0.,0.,0.));
#12462=IFCDIRECTION((0.,0.,1.));
#12463=IFCDIRECTION((1.,0.,0.));
#12464=IFCAXIS2PLACEMENT3D(#12461,#12462,#12463);
#12465=IFCDIRECTION((0.,0.,1.));
#12466=IFCEXTRUDEDAREASOLID(#11909,#12464,#12465,3.);
#12467=IFCSHAPEREPRESENTATION(#11,'Body','SweptSolid',(#12466));
#12468=IFCPROPERTYSET('0CgKZnCXnDZuDCxqgdXLi1',$,'EPset_Parametric',$,(#12470));
#12469=IFCRELDEFINESBYPROPERTIES('20hfr1JE57HvxOkZ53YVzp',$,$,$,(#12449),#12468);
#12470=IFCPROPERTYSINGLEVALUE('Engine',$,IFCLABEL('Bonsai.DumbProfile'),$);
#12471=IFCCOLUMN('2RhTnc0PzE7B8deNTAtCro',$,'Column',$,$,#12478,#12482,$,$);
#12472=IFCMATERIALPROFILESETUSAGE(#11910,5,$);
#12473=IFCRELASSOCIATESMATERIAL('2UDgKeSwDBfPP$kIJu8d$r',$,$,$,(#12471),#12472);
#12474=IFCCARTESIANPOINT((0.17812013626098633,6.5299315452575684,0.));
#12475=IFCDIRECTION((0.,0.,1.));
#12476=IFCDIRECTION((1.,0.,0.));
#12477=IFCAXIS2PLACEMENT3D(#12474,#12475,#12476);
#12478=IFCLOCALPLACEMENT(#4757,#12477);
#12479=IFCCARTESIANPOINTLIST3D(((0.,0.,0.),(0.,0.,3.)));
#12480=IFCINDEXEDPOLYCURVE(#12479,$,.F.);
#12481=IFCSHAPEREPRESENTATION(#12,'Axis','Curve3D',(#12480));
#12482=IFCPRODUCTDEFINITIONSHAPE($,$,(#12481,#12489));
#12483=IFCCARTESIANPOINT((0.,0.,0.));
#12484=IFCDIRECTION((0.,0.,1.));
#12485=IFCDIRECTION((1.,0.,0.));
#12486=IFCAXIS2PLACEMENT3D(#12483,#12484,#12485);
#12487=IFCDIRECTION((0.,0.,1.));
#12488=IFCEXTRUDEDAREASOLID(#11909,#12486,#12487,3.);
#12489=IFCSHAPEREPRESENTATION(#11,'Body','SweptSolid',(#12488));
#12490=IFCPROPERTYSET('0GZgCLICLF0x_16wby1oAy',$,'EPset_Parametric',$,(#12492));
#12491=IFCRELDEFINESBYPROPERTIES('076fEDnMDE5h6GZjQXTkvx',$,$,$,(#12471),#12490);
#12492=IFCPROPERTYSINGLEVALUE('Engine',$,IFCLABEL('Bonsai.DumbProfile'),$);
#12980=IFCCOLUMN('0FJ7pv4LT46BiG2cbr2Kq1',$,'Column',$,$,#13736,#12991,$,$);
#12986=IFCRELDEFINESBYPROPERTIES('2EE00UJmH6mfsMycni91Z2',$,$,$,(#12980),#12987);
#12987=IFCPROPERTYSET('3Kj1NlPcrBaxp0Z$3axVi3',$,'EPset_Parametric',$,(#12988));
#12988=IFCPROPERTYSINGLEVALUE('Engine',$,IFCLABEL('Bonsai.DumbProfile'),$);
#12989=IFCRELASSOCIATESMATERIAL('16heSwIW55fxXhgBjPI89q',$,$,$,(#12980),#12990);
#12990=IFCMATERIALPROFILESETUSAGE(#11910,5,$);
#12991=IFCPRODUCTDEFINITIONSHAPE($,$,(#12992,#12995));
#12992=IFCSHAPEREPRESENTATION(#12,'Axis','Curve3D',(#12993));
#12993=IFCINDEXEDPOLYCURVE(#12994,$,.F.);
#12994=IFCCARTESIANPOINTLIST3D(((0.,0.,0.),(0.,0.,3.)));
#12995=IFCSHAPEREPRESENTATION(#11,'Body','SweptSolid',(#12996));
#12996=IFCEXTRUDEDAREASOLID(#11909,#12997,#13001,3.);
#12997=IFCAXIS2PLACEMENT3D(#12998,#12999,#13000);
#12998=IFCCARTESIANPOINT((0.,0.,0.));
#12999=IFCDIRECTION((0.,0.,1.));
#13000=IFCDIRECTION((1.,0.,0.));
#13001=IFCDIRECTION((0.,0.,1.));
#13024=IFCCOLUMN('2QgD$$BBj1nvWzJq2joHFx',$,'Column',$,$,#13741,#13035,$,$);
#13030=IFCRELDEFINESBYPROPERTIES('13mrlwgAL599iSzp3ormf9',$,$,$,(#13024),#13031);
#13031=IFCPROPERTYSET('0Fil1UtLz35PKxh$ep3YrQ',$,'EPset_Parametric',$,(#13032));
#13032=IFCPROPERTYSINGLEVALUE('Engine',$,IFCLABEL('Bonsai.DumbProfile'),$);
#13033=IFCRELASSOCIATESMATERIAL('0_ecZ6ztT93Bf8MdWYCt$m',$,$,$,(#13024),#13034);
#13034=IFCMATERIALPROFILESETUSAGE(#11910,5,$);
#13035=IFCPRODUCTDEFINITIONSHAPE($,$,(#13036,#13039));
#13036=IFCSHAPEREPRESENTATION(#12,'Axis','Curve3D',(#13037));
#13037=IFCINDEXEDPOLYCURVE(#13038,$,.F.);
#13038=IFCCARTESIANPOINTLIST3D(((0.,0.,0.),(0.,0.,3.)));
#13039=IFCSHAPEREPRESENTATION(#11,'Body','SweptSolid',(#13040));
#13040=IFCEXTRUDEDAREASOLID(#11909,#13041,#13045,3.);
#13041=IFCAXIS2PLACEMENT3D(#13042,#13043,#13044);
#13042=IFCCARTESIANPOINT((0.,0.,0.));
#13043=IFCDIRECTION((0.,0.,1.));
#13044=IFCDIRECTION((1.,0.,0.));
#13045=IFCDIRECTION((0.,0.,1.));
#13274=IFCCOLUMN('1jO25jUwnBpR6BRy4mF80Y',$,'Column',$,$,#13327,#13285,$,$);
#13280=IFCRELDEFINESBYPROPERTIES('1IBZdxpvn0ThwDU5hOhkg3',$,$,$,(#13274),#13281);
#13281=IFCPROPERTYSET('3Fmn1g38b4_RLH8pfbzmmi',$,'EPset_Parametric',$,(#13282));
#13282=IFCPROPERTYSINGLEVALUE('Engine',$,IFCLABEL('Bonsai.DumbProfile'),$);
#13283=IFCRELASSOCIATESMATERIAL('1TAAojgWb689Bk29O1orXn',$,$,$,(#13274),#13284);
#13284=IFCMATERIALPROFILESETUSAGE(#11910,5,$);
#13285=IFCPRODUCTDEFINITIONSHAPE($,$,(#13286,#13289));
#13286=IFCSHAPEREPRESENTATION(#12,'Axis','Curve3D',(#13287));
#13287=IFCINDEXEDPOLYCURVE(#13288,$,.F.);
#13288=IFCCARTESIANPOINTLIST3D(((0.,0.,0.),(0.,0.,3.)));
#13289=IFCSHAPEREPRESENTATION(#11,'Body','SweptSolid',(#13290));
#13290=IFCEXTRUDEDAREASOLID(#11909,#13291,#13295,3.);
#13291=IFCAXIS2PLACEMENT3D(#13292,#13293,#13294);
#13292=IFCCARTESIANPOINT((0.,0.,0.));
#13293=IFCDIRECTION((0.,0.,1.));
#13294=IFCDIRECTION((1.,0.,0.));
#13295=IFCDIRECTION((0.,0.,1.));
#13301=IFCCOLUMN('2tWtneqybD4w3XSJL_cQMz',$,'Column',$,$,#13403,#13312,$,$);
#13307=IFCRELDEFINESBYPROPERTIES('1LIX42bZj5uBUnK8dHsRGu',$,$,$,(#13301),#13308);
#13308=IFCPROPERTYSET('0ZO_pf8MHEdwbdCjZ76ga4',$,'EPset_Parametric',$,(#13309));
#13309=IFCPROPERTYSINGLEVALUE('Engine',$,IFCLABEL('Bonsai.DumbProfile'),$);
#13310=IFCRELASSOCIATESMATERIAL('3uewq3FgD0X816wRBTbRol',$,$,$,(#13301),#13311);
#13311=IFCMATERIALPROFILESETUSAGE(#11910,5,$);
#13312=IFCPRODUCTDEFINITIONSHAPE($,$,(#13313,#13316));
#13313=IFCSHAPEREPRESENTATION(#12,'Axis','Curve3D',(#13314));
#13314=IFCINDEXEDPOLYCURVE(#13315,$,.F.);
#13315=IFCCARTESIANPOINTLIST3D(((0.,0.,0.),(0.,0.,3.)));
#13316=IFCSHAPEREPRESENTATION(#11,'Body','SweptSolid',(#13317));
#13317=IFCEXTRUDEDAREASOLID(#11909,#13318,#13322,3.);
#13318=IFCAXIS2PLACEMENT3D(#13319,#13320,#13321);
#13319=IFCCARTESIANPOINT((0.,0.,0.));
#13320=IFCDIRECTION((0.,0.,1.));
#13321=IFCDIRECTION((1.,0.,0.));
#13322=IFCDIRECTION((0.,0.,1.));
#13323=IFCCARTESIANPOINT((0.22660505771636963,5.0598950386047363,0.));
#13324=IFCDIRECTION((0.,0.,1.));
#13325=IFCDIRECTION((1.,0.,0.));
#13326=IFCAXIS2PLACEMENT3D(#13323,#13324,#13325);
#13327=IFCLOCALPLACEMENT(#4757,#13326);
#13328=IFCCOLUMN('1KhtbF2wT0OuiMKrvLIeuG',$,'Column',$,$,#13376,#13339,$,$);
#13334=IFCRELDEFINESBYPROPERTIES('16K5oSdfD7oBWSlgrtQb72',$,$,$,(#13328),#13335);
#13335=IFCPROPERTYSET('3DhJ44qYn0UhaQUUNNptEO',$,'EPset_Parametric',$,(#13336));
#13336=IFCPROPERTYSINGLEVALUE('Engine',$,IFCLABEL('Bonsai.DumbProfile'),$);
#13337=IFCRELASSOCIATESMATERIAL('3VKljF3_HE3x5Usc5I7tYm',$,$,$,(#13328),#13338);
#13338=IFCMATERIALPROFILESETUSAGE(#11910,5,$);
#13339=IFCPRODUCTDEFINITIONSHAPE($,$,(#13340,#13343));
#13340=IFCSHAPEREPRESENTATION(#12,'Axis','Curve3D',(#13341));
#13341=IFCINDEXEDPOLYCURVE(#13342,$,.F.);
#13342=IFCCARTESIANPOINTLIST3D(((0.,0.,0.),(0.,0.,3.)));
#13343=IFCSHAPEREPRESENTATION(#11,'Body','SweptSolid',(#13344));
#13344=IFCEXTRUDEDAREASOLID(#11909,#13345,#13349,3.);
#13345=IFCAXIS2PLACEMENT3D(#13346,#13347,#13348);
#13346=IFCCARTESIANPOINT((0.,0.,0.));
#13347=IFCDIRECTION((0.,0.,1.));
#13348=IFCDIRECTION((1.,0.,0.));
#13349=IFCDIRECTION((0.,0.,1.));
#13372=IFCCARTESIANPOINT((4.2266058921813965,5.0598950386047363,0.));
#13373=IFCDIRECTION((0.,0.,1.));
#13374=IFCDIRECTION((1.,0.,0.));
#13375=IFCAXIS2PLACEMENT3D(#13372,#13373,#13374);
#13376=IFCLOCALPLACEMENT(#4757,#13375);
#13399=IFCCARTESIANPOINT((-2.7733941078186035,5.0598950386047363,0.));
#13400=IFCDIRECTION((0.,0.,1.));
#13401=IFCDIRECTION((1.,0.,0.));
#13402=IFCAXIS2PLACEMENT3D(#13399,#13400,#13401);
#13403=IFCLOCALPLACEMENT(#4757,#13402);
#13426=IFCCOLUMN('2DxZ38mqfFuwk_0e0iw$tJ',$,'Column',$,$,#13496,#13437,$,$);
#13432=IFCRELDEFINESBYPROPERTIES('3Cuva01nH4PwrlW3zoneBG',$,$,$,(#13426),#13433);
#13433=IFCPROPERTYSET('3tplrzILDBWwugsN0sAMT3',$,'EPset_Parametric',$,(#13434));
#13434=IFCPROPERTYSINGLEVALUE('Engine',$,IFCLABEL('Bonsai.DumbProfile'),$);
#13435=IFCRELASSOCIATESMATERIAL('0jIS6xgQvExRWAekKq2G4d',$,$,$,(#13426),#13436);
#13436=IFCMATERIALPROFILESETUSAGE(#11910,5,$);
#13437=IFCPRODUCTDEFINITIONSHAPE($,$,(#13438,#13441));
#13438=IFCSHAPEREPRESENTATION(#12,'Axis','Curve3D',(#13439));
#13439=IFCINDEXEDPOLYCURVE(#13440,$,.F.);
#13440=IFCCARTESIANPOINTLIST3D(((0.,0.,0.),(0.,0.,3.)));
#13441=IFCSHAPEREPRESENTATION(#11,'Body','SweptSolid',(#13442));
#13442=IFCEXTRUDEDAREASOLID(#11909,#13443,#13447,3.);
#13443=IFCAXIS2PLACEMENT3D(#13444,#13445,#13446);
#13444=IFCCARTESIANPOINT((0.,0.,0.));
#13445=IFCDIRECTION((0.,0.,1.));
#13446=IFCDIRECTION((1.,0.,0.));
#13447=IFCDIRECTION((0.,0.,1.));
#13448=IFCCOLUMN('0WUbTNv6fC39gaOeBc9XKX',$,'Column',$,$,#13550,#13459,$,$);
#13454=IFCRELDEFINESBYPROPERTIES('15ZeTlQxHCSBujF2tUp3bB',$,$,$,(#13448),#13455);
#13455=IFCPROPERTYSET('1NSpCRo4H509iN3_9vT7J4',$,'EPset_Parametric',$,(#13456));
#13456=IFCPROPERTYSINGLEVALUE('Engine',$,IFCLABEL('Bonsai.DumbProfile'),$);
#13457=IFCRELASSOCIATESMATERIAL('0FDxJe89PF0ORBLfJru3iN',$,$,$,(#13448),#13458);
#13458=IFCMATERIALPROFILESETUSAGE(#11910,5,$);
#13459=IFCPRODUCTDEFINITIONSHAPE($,$,(#13460,#13463));
#13460=IFCSHAPEREPRESENTATION(#12,'Axis','Curve3D',(#13461));
#13461=IFCINDEXEDPOLYCURVE(#13462,$,.F.);
#13462=IFCCARTESIANPOINTLIST3D(((0.,0.,0.),(0.,0.,3.)));
#13463=IFCSHAPEREPRESENTATION(#11,'Body','SweptSolid',(#13464));
#13464=IFCEXTRUDEDAREASOLID(#11909,#13465,#13469,3.);
#13465=IFCAXIS2PLACEMENT3D(#13466,#13467,#13468);
#13466=IFCCARTESIANPOINT((0.,0.,0.));
#13467=IFCDIRECTION((0.,0.,1.));
#13468=IFCDIRECTION((1.,0.,0.));
#13469=IFCDIRECTION((0.,0.,1.));
#13470=IFCCOLUMN('3k$XTwuPb1P9Ry3Okt0Cuu',$,'Column',$,$,#13523,#13481,$,$);
#13476=IFCRELDEFINESBYPROPERTIES('2JABt4w5X3hP3PuG0uHEUa',$,$,$,(#13470),#13477);
#13477=IFCPROPERTYSET('0Osj$fGwXFGx9vXKRUbkXM',$,'EPset_Parametric',$,(#13478));
#13478=IFCPROPERTYSINGLEVALUE('Engine',$,IFCLABEL('Bonsai.DumbProfile'),$);
#13479=IFCRELASSOCIATESMATERIAL('1q271nrr13exzOryv5$JfA',$,$,$,(#13470),#13480);
#13480=IFCMATERIALPROFILESETUSAGE(#11910,5,$);
#13481=IFCPRODUCTDEFINITIONSHAPE($,$,(#13482,#13485));
#13482=IFCSHAPEREPRESENTATION(#12,'Axis','Curve3D',(#13483));
#13483=IFCINDEXEDPOLYCURVE(#13484,$,.F.);
#13484=IFCCARTESIANPOINTLIST3D(((0.,0.,0.),(0.,0.,3.)));
#13485=IFCSHAPEREPRESENTATION(#11,'Body','SweptSolid',(#13486));
#13486=IFCEXTRUDEDAREASOLID(#11909,#13487,#13491,3.);
#13487=IFCAXIS2PLACEMENT3D(#13488,#13489,#13490);
#13488=IFCCARTESIANPOINT((0.,0.,0.));
#13489=IFCDIRECTION((0.,0.,1.));
#13490=IFCDIRECTION((1.,0.,0.));
#13491=IFCDIRECTION((0.,0.,1.));
#13492=IFCCARTESIANPOINT((0.22660505771636963,2.6398935317993164,0.));
#13493=IFCDIRECTION((0.,0.,1.));
#13494=IFCDIRECTION((1.,0.,0.));
#13495=IFCAXIS2PLACEMENT3D(#13492,#13493,#13494);
#13496=IFCLOCALPLACEMENT(#4757,#13495);
#13497=IFCCOLUMN('0m1Uzhv0121A0W40_3qacB',$,'Column',$,$,#13746,#13508,$,$);
#13503=IFCRELASSOCIATESMATERIAL('0VPISYVujBOgHZAYGZjkJn',$,$,$,(#13497),#13504);
#13504=IFCMATERIALPROFILESETUSAGE(#11910,5,$);
#13505=IFCRELDEFINESBYPROPERTIES('3ZNqWWOBv8uvnGVhv5BMRF',$,$,$,(#13497),#13506);
#13506=IFCPROPERTYSET('2fOlOKbZPEY9DZy5vVHC0C',$,'EPset_Parametric',$,(#13507));
#13507=IFCPROPERTYSINGLEVALUE('Engine',$,IFCLABEL('Bonsai.DumbProfile'),$);
#13508=IFCPRODUCTDEFINITIONSHAPE($,$,(#13509,#13512));
#13509=IFCSHAPEREPRESENTATION(#12,'Axis','Curve3D',(#13510));
#13510=IFCINDEXEDPOLYCURVE(#13511,$,.F.);
#13511=IFCCARTESIANPOINTLIST3D(((0.,0.,0.),(0.,0.,3.)));
#13512=IFCSHAPEREPRESENTATION(#11,'Body','SweptSolid',(#13513));
#13513=IFCEXTRUDEDAREASOLID(#11909,#13514,#13518,3.);
#13514=IFCAXIS2PLACEMENT3D(#13515,#13516,#13517);
#13515=IFCCARTESIANPOINT((0.,0.,0.));
#13516=IFCDIRECTION((0.,0.,1.));
#13517=IFCDIRECTION((1.,0.,0.));
#13518=IFCDIRECTION((0.,0.,1.));
#13519=IFCCARTESIANPOINT((-2.7733941078186035,2.6398935317993164,0.));
#13520=IFCDIRECTION((0.,0.,1.));
#13521=IFCDIRECTION((1.,0.,0.));
#13522=IFCAXIS2PLACEMENT3D(#13519,#13520,#13521);
#13523=IFCLOCALPLACEMENT(#4757,#13522);
#13524=IFCCOLUMN('12Clk69dT7BgOwpofmkSf7',$,'Column',$,$,#13751,#13535,$,$);
#13530=IFCRELASSOCIATESMATERIAL('3E5goEOdL7TfEnXYTlIshs',$,$,$,(#13524),#13531);
#13531=IFCMATERIALPROFILESETUSAGE(#11910,5,$);
#13532=IFCRELDEFINESBYPROPERTIES('1vX_98aUv3JAdFIYLquZcV',$,$,$,(#13524),#13533);
#13533=IFCPROPERTYSET('3kbAf9xHbCzhG0$Lf3hCZD',$,'EPset_Parametric',$,(#13534));
#13534=IFCPROPERTYSINGLEVALUE('Engine',$,IFCLABEL('Bonsai.DumbProfile'),$);
#13535=IFCPRODUCTDEFINITIONSHAPE($,$,(#13536,#13539));
#13536=IFCSHAPEREPRESENTATION(#12,'Axis','Curve3D',(#13537));
#13537=IFCINDEXEDPOLYCURVE(#13538,$,.F.);
#13538=IFCCARTESIANPOINTLIST3D(((0.,0.,0.),(0.,0.,3.)));
#13539=IFCSHAPEREPRESENTATION(#11,'Body','SweptSolid',(#13540));
#13540=IFCEXTRUDEDAREASOLID(#11909,#13541,#13545,3.);
#13541=IFCAXIS2PLACEMENT3D(#13542,#13543,#13544);
#13542=IFCCARTESIANPOINT((0.,0.,0.));
#13543=IFCDIRECTION((0.,0.,1.));
#13544=IFCDIRECTION((1.,0.,0.));
#13545=IFCDIRECTION((0.,0.,1.));
#13546=IFCCARTESIANPOINT((4.2266058921813965,2.6398935317993164,0.));
#13547=IFCDIRECTION((0.,0.,1.));
#13548=IFCDIRECTION((1.,0.,0.));
#13549=IFCAXIS2PLACEMENT3D(#13546,#13547,#13548);
#13550=IFCLOCALPLACEMENT(#4757,#13549);
#13551=IFCCOLUMN('1RVLi$dvj5Uv49LZ8ymDqG',$,'Column',$,$,#13756,#13562,$,$);
#13557=IFCRELDEFINESBYPROPERTIES('0c5bxGt3z6IR7DceuYqRZk',$,$,$,(#13551),#13558);
#13558=IFCPROPERTYSET('1ynxghMDr7tx8Cb1JJZF8B',$,'EPset_Parametric',$,(#13559));
#13559=IFCPROPERTYSINGLEVALUE('Engine',$,IFCLABEL('Bonsai.DumbProfile'),$);
#13560=IFCRELASSOCIATESMATERIAL('2AS$k4iwT4gh$fswyJpFgU',$,$,$,(#13551),#13561);
#13561=IFCMATERIALPROFILESETUSAGE(#11910,5,$);
#13562=IFCPRODUCTDEFINITIONSHAPE($,$,(#13563,#13566));
#13563=IFCSHAPEREPRESENTATION(#12,'Axis','Curve3D',(#13564));
#13564=IFCINDEXEDPOLYCURVE(#13565,$,.F.);
#13565=IFCCARTESIANPOINTLIST3D(((0.,0.,0.),(0.,0.,3.)));
#13566=IFCSHAPEREPRESENTATION(#11,'Body','SweptSolid',(#13567));
#13567=IFCEXTRUDEDAREASOLID(#11909,#13568,#13572,3.);
#13568=IFCAXIS2PLACEMENT3D(#13569,#13570,#13571);
#13569=IFCCARTESIANPOINT((0.,0.,0.));
#13570=IFCDIRECTION((0.,0.,1.));
#13571=IFCDIRECTION((1.,0.,0.));
#13572=IFCDIRECTION((0.,0.,1.));
#13573=IFCBEAM('1$2P9ZcxXA6flPVNpHbnM7',$,'Beam',$,$,#13580,#13584,$,$);
#13574=IFCMATERIALPROFILESETUSAGE(#12209,7,$);
#13575=IFCRELASSOCIATESMATERIAL('3gLGpNclz5EB7_Xcz1iifn',$,$,$,(#13573),#13574);
#13576=IFCCARTESIANPOINT((4.4766058921813965,6.7799315452575684,3.));
#13577=IFCDIRECTION((9.9134168121378015E-08,-0.99999999999999223,7.5497898658640809E-08));
#13578=IFCDIRECTION((0.99999999999999512,9.9134169317948783E-08,0.));
#13579=IFCAXIS2PLACEMENT3D(#13576,#13577,#13578);
#13580=IFCLOCALPLACEMENT(#4757,#13579);
#13581=IFCCARTESIANPOINTLIST3D(((0.,0.,0.),(0.,0.,9.6200370378634297)));
#13582=IFCINDEXEDPOLYCURVE(#13581,$,.F.);
#13583=IFCSHAPEREPRESENTATION(#12,'Axis','Curve3D',(#13582));
#13584=IFCPRODUCTDEFINITIONSHAPE($,$,(#13583,#13591));
#13585=IFCCARTESIANPOINT((-0.25,-0.25,0.));
#13586=IFCDIRECTION((0.,0.,1.));
#13587=IFCDIRECTION((1.,0.,0.));
#13588=IFCAXIS2PLACEMENT3D(#13585,#13586,#13587);
#13589=IFCDIRECTION((0.,0.,1.));
#13590=IFCEXTRUDEDAREASOLID(#11909,#13588,#13589,9.6200370378634297);
#13591=IFCSHAPEREPRESENTATION(#11,'Body','SweptSolid',(#13590));
#13592=IFCPROPERTYSET('0WoNf8Cbv8k9E$FcbIwV3L',$,'EPset_Parametric',$,(#13594));
#13593=IFCRELDEFINESBYPROPERTIES('0ReZXtbAj868DCriD8P4gm',$,$,$,(#13573),#13592);
#13594=IFCPROPERTYSINGLEVALUE('Engine',$,IFCLABEL('Bonsai.DumbProfile'),$);
#13595=IFCBEAM('0rMD7m7QH5KfLRojexb4Fc',$,'Beam',$,$,#13602,#13606,$,$);
#13596=IFCMATERIALPROFILESETUSAGE(#12209,7,$);
#13597=IFCRELASSOCIATESMATERIAL('3LkXnGMFzCBwI91D1xZZVR',$,$,$,(#13595),#13596);
#13598=IFCCARTESIANPOINT((0.42812013626098633,6.7799315452575684,3.));
#13599=IFCDIRECTION((0.006790412609668145,-0.99997694488252509,-4.3711387858791652E-08));
#13600=IFCDIRECTION((0.99997694488211242,0.0067904126705771676,9.8781106691042472E-10));
#13601=IFCAXIS2PLACEMENT3D(#13598,#13599,#13600);
#13602=IFCLOCALPLACEMENT(#4757,#13601);
#13603=IFCCARTESIANPOINTLIST3D(((0.,0.,0.),(0.,0.,7.1402022141512251)));
#13604=IFCINDEXEDPOLYCURVE(#13603,$,.F.);
#13605=IFCSHAPEREPRESENTATION(#12,'Axis','Curve3D',(#13604));
#13606=IFCPRODUCTDEFINITIONSHAPE($,$,(#13605,#13613));
#13607=IFCCARTESIANPOINT((-0.25,-0.25,0.));
#13608=IFCDIRECTION((0.,0.,1.));
#13609=IFCDIRECTION((1.,0.,0.));
#13610=IFCAXIS2PLACEMENT3D(#13607,#13608,#13609);
#13611=IFCDIRECTION((0.,0.,1.));
#13612=IFCEXTRUDEDAREASOLID(#11909,#13610,#13611,7.1402022141512251);
#13613=IFCSHAPEREPRESENTATION(#11,'Body','SweptSolid',(#13612));
#13614=IFCPROPERTYSET('0LPs$JlvbCihgXuo4tLi09',$,'EPset_Parametric',$,(#13616));
#13615=IFCRELDEFINESBYPROPERTIES('0ZAINgDRbD_xbDaUr7jDTX',$,$,$,(#13595),#13614);
#13616=IFCPROPERTYSINGLEVALUE('Engine',$,IFCLABEL('Bonsai.DumbProfile'),$);
#13617=IFCBEAM('1hyIPJYIP6KQwqDBqseKt5',$,'Beam',$,$,#13624,#13628,$,$);
#13618=IFCMATERIALPROFILESETUSAGE(#12209,7,$);
#13619=IFCRELASSOCIATESMATERIAL('18mL4xRhz3_x14nZWVoG4z',$,$,$,(#13617),#13618);
#13620=IFCCARTESIANPOINT((-2.5233941078186035,5.3098950386047363,3.));
#13621=IFCDIRECTION((0.,-0.99999999999999711,7.5497898658641179E-08));
#13622=IFCDIRECTION((1.,0.,0.));
#13623=IFCAXIS2PLACEMENT3D(#13620,#13621,#13622);
#13624=IFCLOCALPLACEMENT(#4757,#13623);
#13625=IFCCARTESIANPOINTLIST3D(((0.,0.,0.),(0.,0.,5.670000927906532)));
#13626=IFCINDEXEDPOLYCURVE(#13625,$,.F.);
#13627=IFCSHAPEREPRESENTATION(#12,'Axis','Curve3D',(#13626));
#13628=IFCPRODUCTDEFINITIONSHAPE($,$,(#13627,#13635));
#13629=IFCCARTESIANPOINT((-0.25,-0.25,0.));
#13630=IFCDIRECTION((0.,0.,1.));
#13631=IFCDIRECTION((1.,0.,0.));
#13632=IFCAXIS2PLACEMENT3D(#13629,#13630,#13631);
#13633=IFCDIRECTION((0.,0.,1.));
#13634=IFCEXTRUDEDAREASOLID(#11909,#13632,#13633,5.670000927906532);
#13635=IFCSHAPEREPRESENTATION(#11,'Body','SweptSolid',(#13634));
#13636=IFCPROPERTYSET('2cySqpkmn0d9OmkrKMbxpM',$,'EPset_Parametric',$,(#13638));
#13637=IFCRELDEFINESBYPROPERTIES('2YtbE_CEH48Px869pA$ioJ',$,$,$,(#13617),#13636);
#13638=IFCPROPERTYSINGLEVALUE('Engine',$,IFCLABEL('Bonsai.DumbProfile'),$);
#13639=IFCBEAM('2mZl4$u498tfb9b76rt3b1',$,'Beam',$,$,#13646,#13650,$,$);
#13640=IFCMATERIALPROFILESETUSAGE(#12209,7,$);
#13641=IFCRELASSOCIATESMATERIAL('37H$DqZSj3w8TwQyxM9G72',$,$,$,(#13639),#13640);
#13642=IFCCARTESIANPOINT((4.4766058921813965,6.2799315452575684,3.));
#13643=IFCDIRECTION((-0.99999999999996214,-1.9470716428772842E-07,1.9470717849858483E-07));
#13644=IFCDIRECTION((1.9470717849858713E-07,-0.99999999999997391,1.1920928955077814E-07));
#13645=IFCAXIS2PLACEMENT3D(#13642,#13643,#13644);
#13646=IFCLOCALPLACEMENT(#4757,#13645);
#13647=IFCCARTESIANPOINTLIST3D(((0.,0.,0.),(0.,0.,4.5484857491778108)));
#13648=IFCINDEXEDPOLYCURVE(#13647,$,.F.);
#13649=IFCSHAPEREPRESENTATION(#12,'Axis','Curve3D',(#13648));
#13650=IFCPRODUCTDEFINITIONSHAPE($,$,(#13649,#13657));
#13651=IFCCARTESIANPOINT((-0.25,-0.25,0.));
#13652=IFCDIRECTION((0.,0.,1.));
#13653=IFCDIRECTION((1.,0.,0.));
#13654=IFCAXIS2PLACEMENT3D(#13651,#13652,#13653);
#13655=IFCDIRECTION((0.,0.,1.));
#13656=IFCEXTRUDEDAREASOLID(#11909,#13654,#13655,4.5484857491778108);
#13657=IFCSHAPEREPRESENTATION(#11,'Body','SweptSolid',(#13656));
#13658=IFCPROPERTYSET('06DKPLGGX2JecvVAXu11zH',$,'EPset_Parametric',$,(#13660));
#13659=IFCRELDEFINESBYPROPERTIES('3Ijw4DDiH0yePir6AOhWlF',$,$,$,(#13639),#13658);
#13660=IFCPROPERTYSINGLEVALUE('Engine',$,IFCLABEL('Bonsai.DumbProfile'),$);
#13661=IFCBEAM('3k1LNgnWn2Ge4XtHtAoWMj',$,'Beam',$,$,#13668,#13672,$,$);
#13662=IFCMATERIALPROFILESETUSAGE(#12209,7,$);
#13663=IFCRELASSOCIATESMATERIAL('3zP7rtntH0dfUB4OqyNUbl',$,$,$,(#13661),#13662);
#13664=IFCCARTESIANPOINT((4.4766058921813965,4.8098950386047363,3.));
#13665=IFCDIRECTION((-0.99999999999996214,-1.9470716428772842E-07,1.9470717849858483E-07));
#13666=IFCDIRECTION((1.9470717849858713E-07,-0.99999999999997391,1.1920928955077814E-07));
#13667=IFCAXIS2PLACEMENT3D(#13664,#13665,#13666);
#13668=IFCLOCALPLACEMENT(#4757,#13667);
#13669=IFCCARTESIANPOINTLIST3D(((0.,0.,0.),(0.,0.,7.5)));
#13670=IFCINDEXEDPOLYCURVE(#13669,$,.F.);
#13671=IFCSHAPEREPRESENTATION(#12,'Axis','Curve3D',(#13670));
#13672=IFCPRODUCTDEFINITIONSHAPE($,$,(#13671,#13679));
#13673=IFCCARTESIANPOINT((-0.25,-0.25,0.));
#13674=IFCDIRECTION((0.,0.,1.));
#13675=IFCDIRECTION((1.,0.,0.));
#13676=IFCAXIS2PLACEMENT3D(#13673,#13674,#13675);
#13677=IFCDIRECTION((0.,0.,1.));
#13678=IFCEXTRUDEDAREASOLID(#11909,#13676,#13677,7.5);
#13679=IFCSHAPEREPRESENTATION(#11,'Body','SweptSolid',(#13678));
#13680=IFCPROPERTYSET('0OAo9OEoP1YPfjnp$6XyFT',$,'EPset_Parametric',$,(#13682));
#13681=IFCRELDEFINESBYPROPERTIES('1Btw97wOr1fBl3ezWsJ7vI',$,$,$,(#13661),#13680);
#13682=IFCPROPERTYSINGLEVALUE('Engine',$,IFCLABEL('Bonsai.DumbProfile'),$);
#13683=IFCBEAM('2XOTy4vK93PxdIlgc8jfsM',$,'Beam',$,$,#13690,#13694,$,$);
#13684=IFCMATERIALPROFILESETUSAGE(#12209,7,$);
#13685=IFCRELASSOCIATESMATERIAL('1iwZr2LfXCGgAlbVn3CWRm',$,$,$,(#13683),#13684);
#13686=IFCCARTESIANPOINT((4.4766058921813965,2.3898935317993164,3.));
#13687=IFCDIRECTION((-0.99999999999996214,-1.9470716428772842E-07,1.9470717849858483E-07));
#13688=IFCDIRECTION((1.9470717849858713E-07,-0.99999999999997391,1.1920928955077814E-07));
#13689=IFCAXIS2PLACEMENT3D(#13686,#13687,#13688);
#13690=IFCLOCALPLACEMENT(#4757,#13689);
#13691=IFCCARTESIANPOINTLIST3D(((0.,0.,0.),(0.,0.,7.5)));
#13692=IFCINDEXEDPOLYCURVE(#13691,$,.F.);
#13693=IFCSHAPEREPRESENTATION(#12,'Axis','Curve3D',(#13692));
#13694=IFCPRODUCTDEFINITIONSHAPE($,$,(#13693,#13701));
#13695=IFCCARTESIANPOINT((-0.25,-0.25,0.));
#13696=IFCDIRECTION((0.,0.,1.));
#13697=IFCDIRECTION((1.,0.,0.));
#13698=IFCAXIS2PLACEMENT3D(#13695,#13696,#13697);
#13699=IFCDIRECTION((0.,0.,1.));
#13700=IFCEXTRUDEDAREASOLID(#11909,#13698,#13699,7.5);
#13701=IFCSHAPEREPRESENTATION(#11,'Body','SweptSolid',(#13700));
#13702=IFCPROPERTYSET('0zGfnHzO15N9ZBZXxf9mCP',$,'EPset_Parametric',$,(#13704));
#13703=IFCRELDEFINESBYPROPERTIES('149RMaWbfAwRTjWBDSn0XP',$,$,$,(#13683),#13702);
#13704=IFCPROPERTYSINGLEVALUE('Engine',$,IFCLABEL('Bonsai.DumbProfile'),$);
#13705=IFCBEAM('26DGA55792bgAxvZnDAdXH',$,'Beam',$,$,#13712,#13716,$,$);
#13706=IFCMATERIALPROFILESETUSAGE(#12209,7,$);
#13707=IFCRELASSOCIATESMATERIAL('237aPvYrT4xeTv0p8Lp6vA',$,$,$,(#13705),#13706);
#13708=IFCCARTESIANPOINT((4.4766058921813965,-0.36010599136352539,3.));
#13709=IFCDIRECTION((-0.99999999999998013,4.371141931385011E-08,1.94707181103991E-07));
#13710=IFCDIRECTION((-4.3711387339425439E-08,-0.9999999999999879,1.4901160660940393E-07));
#13711=IFCAXIS2PLACEMENT3D(#13708,#13709,#13710);
#13712=IFCLOCALPLACEMENT(#4757,#13711);
#13713=IFCCARTESIANPOINTLIST3D(((0.,0.,0.),(0.,0.,7.5000000000000302)));
#13714=IFCINDEXEDPOLYCURVE(#13713,$,.F.);
#13715=IFCSHAPEREPRESENTATION(#12,'Axis','Curve3D',(#13714));
#13716=IFCPRODUCTDEFINITIONSHAPE($,$,(#13715,#13723));
#13717=IFCCARTESIANPOINT((-0.25,-0.25,0.));
#13718=IFCDIRECTION((0.,0.,1.));
#13719=IFCDIRECTION((1.,0.,0.));
#13720=IFCAXIS2PLACEMENT3D(#13717,#13718,#13719);
#13721=IFCDIRECTION((0.,0.,1.));
#13722=IFCEXTRUDEDAREASOLID(#11909,#13720,#13721,7.5000000000000302);
#13723=IFCSHAPEREPRESENTATION(#11,'Body','SweptSolid',(#13722));
#13724=IFCPROPERTYSET('0QjdUdKAz0m81qpkBRL2wp',$,'EPset_Parametric',$,(#13726));
#13725=IFCRELDEFINESBYPROPERTIES('24qDQJjn9DDhlBH19WMmsb',$,$,$,(#13705),#13724);
#13726=IFCPROPERTYSINGLEVALUE('Engine',$,IFCLABEL('Bonsai.DumbProfile'),$);
#13727=IFCCARTESIANPOINT((4.2266058921813965,6.5299315452575684,0.));
#13728=IFCDIRECTION((0.,0.,1.));
#13729=IFCDIRECTION((1.,0.,0.));
#13730=IFCAXIS2PLACEMENT3D(#13727,#13728,#13729);
#13731=IFCLOCALPLACEMENT(#4757,#13730);
#13732=IFCCARTESIANPOINT((4.2266068458557129,-2.5901060104370117,0.));
#13733=IFCDIRECTION((0.,0.,1.));
#13734=IFCDIRECTION((1.,0.,0.));
#13735=IFCAXIS2PLACEMENT3D(#13732,#13733,#13734);
#13736=IFCLOCALPLACEMENT(#4757,#13735);
#13737=IFCCARTESIANPOINT((-2.7733931541442871,-2.5901062488555908,0.));
#13738=IFCDIRECTION((0.,0.,1.));
#13739=IFCDIRECTION((1.,0.,0.));
#13740=IFCAXIS2PLACEMENT3D(#13737,#13738,#13739);
#13741=IFCLOCALPLACEMENT(#79,#13740);
#13742=IFCCARTESIANPOINT((0.22660505771636963,-0.11010599136352539,0.));
#13743=IFCDIRECTION((0.,0.,1.));
#13744=IFCDIRECTION((1.,0.,0.));
#13745=IFCAXIS2PLACEMENT3D(#13742,#13743,#13744);
#13746=IFCLOCALPLACEMENT(#4757,#13745);
#13747=IFCCARTESIANPOINT((-2.7733941078186035,-0.11010599136352539,0.));
#13748=IFCDIRECTION((0.,0.,1.));
#13749=IFCDIRECTION((1.,0.,0.));
#13750=IFCAXIS2PLACEMENT3D(#13747,#13748,#13749);
#13751=IFCLOCALPLACEMENT(#4757,#13750);
#13752=IFCCARTESIANPOINT((4.2266058921813965,-0.11010599136352539,0.));
#13753=IFCDIRECTION((0.,0.,1.));
#13754=IFCDIRECTION((1.,0.,0.));
#13755=IFCAXIS2PLACEMENT3D(#13752,#13753,#13754);
#13756=IFCLOCALPLACEMENT(#4757,#13755);
ENDSEC;
END-ISO-10303-21;
